2026-03-02 14:28:45.535  INFO c.r.a.Revpay1Application                 : Starting Revpay1Application using Java 21.0.10 with PID 4984 (C:\Users\ADMIN\Downloads\Revpay\Revpay1\target\classes started by ADMIN in C:\Users\ADMIN\Downloads\Revpay\Revpay1)
2026-03-02 14:28:45.544 DEBUG c.r.a.Revpay1Application                 : Running with Spring Boot v4.0.3, Spring v7.0.5
2026-03-02 14:28:45.546  INFO c.r.a.Revpay1Application                 : No active profile set, falling back to 1 default profile: "default"
2026-03-02 14:28:47.934  INFO c.r.a.Revpay1Application                 : Starting Revpay1Application using Java 25.0.1 with PID 7876 (C:\Users\ADMIN\Downloads\Revpay\Revpay1\target\classes started by ADMIN in C:\Users\ADMIN\Downloads\Revpay\Revpay1)
2026-03-02 14:28:47.961 DEBUG c.r.a.Revpay1Application                 : Running with Spring Boot v4.0.3, Spring v7.0.5
2026-03-02 14:28:47.994  INFO c.r.a.Revpay1Application                 : No active profile set, falling back to 1 default profile: "default"
2026-03-02 14:28:48.773  INFO .s.d.r.c.RepositoryConfigurationDelegate : Bootstrapping Spring Data JPA repositories in DEFAULT mode.
2026-03-02 14:28:48.919  INFO .s.d.r.c.RepositoryConfigurationDelegate : Finished Spring Data repository scanning in 134 ms. Found 10 JPA repository interfaces.
2026-03-02 14:28:49.221  INFO o.s.b.d.r.ChangeableUrls                 : The Class-Path manifest attribute in C:\Users\ADMIN\.m2\repository\com\oracle\database\jdbc\ojdbc11\23.9.0.25.07\ojdbc11-23.9.0.25.07.jar referenced one or more files that do not exist: file:/C:/Users/ADMIN/.m2/repository/com/oracle/database/jdbc/ojdbc11/23.9.0.25.07/oraclepki.jar
2026-03-02 14:28:49.223  INFO .e.DevToolsPropertyDefaultsPostProcessor : Devtools property defaults active! Set 'spring.devtools.add-properties' to 'false' to disable
2026-03-02 14:28:49.224  INFO .e.DevToolsPropertyDefaultsPostProcessor : For additional web related logging consider setting the 'logging.level.web' property to 'DEBUG'
2026-03-02 14:28:49.344  INFO o.h.v.i.u.Version                        : HV000001: Hibernate Validator 9.0.1.Final
2026-03-02 14:28:49.590  INFO o.s.b.t.TomcatWebServer                  : Tomcat initialized with port 8099 (http)
2026-03-02 14:28:49.596  INFO o.a.c.h.Http11NioProtocol                : Initializing ProtocolHandler ["http-nio-8099"]
2026-03-02 14:28:49.597  INFO o.a.c.c.StandardService                  : Starting service [Tomcat]
2026-03-02 14:28:49.597  INFO o.a.c.c.StandardEngine                   : Starting Servlet engine: [Apache Tomcat/11.0.18]
2026-03-02 14:28:49.714  INFO b.w.c.s.WebApplicationContextInitializer : Root WebApplicationContext: initialization completed in 4130 ms
2026-03-02 14:28:49.999  INFO o.h.o.jpa                                : HHH008540: Processing PersistenceUnitInfo [name: default]
2026-03-02 14:28:50.246  INFO o.s.o.j.p.SpringPersistenceUnitInfo      : No LoadTimeWeaver setup: ignoring JPA class transformer
2026-03-02 14:28:50.251  INFO c.z.h.HikariDataSource                   : HikariPool-2 - Starting...
2026-03-02 14:28:52.201  INFO c.z.h.p.HikariPool                       : HikariPool-2 - Added connection oracle.jdbc.driver.T4CConnection@603c3eb6
2026-03-02 14:28:52.202  INFO c.z.h.HikariDataSource                   : HikariPool-2 - Start completed.
2026-03-02 14:28:52.787  INFO .s.d.r.c.RepositoryConfigurationDelegate : Bootstrapping Spring Data JPA repositories in DEFAULT mode.
2026-03-02 14:28:53.042  WARN o.h.o.deprecation                        : HHH90000025: OracleDialect does not need to be specified explicitly using 'hibernate.dialect' (remove the property setting and it will be selected by default)
2026-03-02 14:28:53.077  INFO .s.d.r.c.RepositoryConfigurationDelegate : Finished Spring Data repository scanning in 263 ms. Found 10 JPA repository interfaces.
2026-03-02 14:28:54.129  WARN o.h.o.jdbc                               : HHH100123: Low default JDBC fetch size: 10 (consider setting 'hibernate.jdbc.fetch_size')
2026-03-02 14:28:54.129  INFO o.h.o.c.pooling                          : HHH10001005: Database info:
	Database JDBC URL [jdbc:oracle:thin:@//db.freesql.com:1521/23ai_34ui2]
	Database driver: Oracle JDBC driver
	Database dialect: OracleDialect
	Database version: 23.9
	Default catalog/schema: undefined/ASHIVATEJA2208_SCHEMA_J1A0D
	Autocommit mode: undefined/unknown
	Isolation level: READ_COMMITTED [default READ_COMMITTED]
	JDBC fetch size: 10
	Pool: DataSourceConnectionProvider
	Minimum pool size: undefined/unknown
	Maximum pool size: undefined/unknown
2026-03-02 14:28:55.083  INFO o.h.o.core                               : HHH000489: No JTA platform available (set 'hibernate.transaction.jta.platform' to enable JTA platform integration)
2026-03-02 14:28:55.536  INFO o.s.b.t.TomcatWebServer                  : Tomcat initialized with port 8099 (http)
2026-03-02 14:28:55.572  INFO o.a.c.h.Http11NioProtocol                : Initializing ProtocolHandler ["http-nio-8099"]
2026-03-02 14:28:55.578  INFO o.a.c.c.StandardService                  : Starting service [Tomcat]
2026-03-02 14:28:55.578  INFO o.a.c.c.StandardEngine                   : Starting Servlet engine: [Apache Tomcat/11.0.18]
2026-03-02 14:28:55.709  INFO b.w.c.s.WebApplicationContextInitializer : Root WebApplicationContext: initialization completed in 6482 ms
2026-03-02 14:28:56.472  INFO o.h.o.jpa                                : HHH008540: Processing PersistenceUnitInfo [name: default]
2026-03-02 14:28:56.677  INFO o.h.o.core                               : HHH000001: Hibernate ORM core version 7.2.4.Final
2026-03-02 14:28:58.227  INFO o.s.o.j.p.SpringPersistenceUnitInfo      : No LoadTimeWeaver setup: ignoring JPA class transformer
2026-03-02 14:28:58.324  INFO c.z.h.HikariDataSource                   : HikariPool-1 - Starting...
2026-03-02 14:29:00.917  INFO c.z.h.p.HikariPool                       : HikariPool-1 - Added connection oracle.jdbc.driver.T4CConnection@562223c7
2026-03-02 14:29:00.922  INFO c.z.h.HikariDataSource                   : HikariPool-1 - Start completed.
2026-03-02 14:29:02.598  WARN o.h.o.deprecation                        : HHH90000025: OracleDialect does not need to be specified explicitly using 'hibernate.dialect' (remove the property setting and it will be selected by default)
2026-03-02 14:29:03.446  WARN o.h.o.jdbc                               : HHH100123: Low default JDBC fetch size: 10 (consider setting 'hibernate.jdbc.fetch_size')
2026-03-02 14:29:03.462  INFO o.h.o.c.pooling                          : HHH10001005: Database info:
	Database JDBC URL [jdbc:oracle:thin:@//db.freesql.com:1521/23ai_34ui2]
	Database driver: Oracle JDBC driver
	Database dialect: OracleDialect
	Database version: 23.9
	Default catalog/schema: undefined/ASHIVATEJA2208_SCHEMA_J1A0D
	Autocommit mode: undefined/unknown
	Isolation level: READ_COMMITTED [default READ_COMMITTED]
	JDBC fetch size: 10
	Pool: DataSourceConnectionProvider
	Minimum pool size: undefined/unknown
	Maximum pool size: undefined/unknown
2026-03-02 14:29:06.932  INFO o.h.o.core                               : HHH000489: No JTA platform available (set 'hibernate.transaction.jta.platform' to enable JTA platform integration)
2026-03-02 14:29:59.390  INFO j.LocalContainerEntityManagerFactoryBean : Initialized JPA EntityManagerFactory for persistence unit 'default'
2026-03-02 14:29:59.637 DEBUG c.r.a.s.RateLimitingFilter               : Filter 'rateLimitingFilter' configured for use
2026-03-02 14:29:59.639 DEBUG c.r.a.s.JwtAuthFilter                    : Filter 'jwtAuthFilter' configured for use
2026-03-02 14:30:00.358  WARN JpaBaseConfiguration$JpaWebConfiguration : spring.jpa.open-in-view is enabled by default. Therefore, database queries may be performed during view rendering. Explicitly configure spring.jpa.open-in-view to disable this warning
2026-03-02 14:30:00.674  INFO o.s.b.w.a.WelcomePageHandlerMapping      : Adding welcome page template: index
2026-03-02 14:30:01.100  INFO o.a.c.h.Http11NioProtocol                : Starting ProtocolHandler ["http-nio-8099"]
2026-03-02 14:30:01.106  INFO o.s.b.t.TomcatWebServer                  : Tomcat started on port 8099 (http) with context path '/'
2026-03-02 14:30:01.118  INFO c.r.a.Revpay1Application                 : Started Revpay1Application in 75.852 seconds (process running for 353.575)
2026-03-02 14:30:01.752  INFO c.r.a.c.AdminDataLoader                  : Admin user already exists.
2026-03-02 14:30:01.756  INFO .ConditionEvaluationDeltaLoggingListener : Condition evaluation unchanged
2026-03-02 14:30:10.092  INFO j.LocalContainerEntityManagerFactoryBean : Initialized JPA EntityManagerFactory for persistence unit 'default'
2026-03-02 14:30:10.345  INFO o.s.d.j.r.q.QueryEnhancerFactories       : Hibernate is in classpath; If applicable, HQL parser will be used.
2026-03-02 14:30:12.768 DEBUG c.r.a.s.RateLimitingFilter               : Filter 'rateLimitingFilter' configured for use
2026-03-02 14:30:12.769 DEBUG c.r.a.s.JwtAuthFilter                    : Filter 'jwtAuthFilter' configured for use
2026-03-02 14:30:18.427  WARN JpaBaseConfiguration$JpaWebConfiguration : spring.jpa.open-in-view is enabled by default. Therefore, database queries may be performed during view rendering. Explicitly configure spring.jpa.open-in-view to disable this warning
2026-03-02 14:30:19.849  INFO o.s.b.w.a.WelcomePageHandlerMapping      : Adding welcome page template: index
2026-03-02 14:30:21.331  WARN ConfigServletWebServerApplicationContext : Exception encountered during context initialization - cancelling refresh attempt: org.springframework.context.ApplicationContextException: Failed to start bean 'webServerStartStop'
2026-03-02 14:30:21.342  INFO j.LocalContainerEntityManagerFactoryBean : Closing JPA EntityManagerFactory for persistence unit 'default'
2026-03-02 14:30:21.351  INFO c.z.h.HikariDataSource                   : HikariPool-1 - Shutdown initiated...
2026-03-02 14:30:23.571  INFO c.z.h.HikariDataSource                   : HikariPool-1 - Shutdown completed.
2026-03-02 14:34:13.163  INFO c.r.a.r.IInvoiceRepositoryTest           : Starting IInvoiceRepositoryTest using Java 25.0.1 with PID 12096 (started by ADMIN in C:\Users\ADMIN\Downloads\Revpay\Revpay1)
2026-03-02 14:34:13.273 DEBUG c.r.a.r.IInvoiceRepositoryTest           : Running with Spring Boot v4.0.3, Spring v7.0.5
2026-03-02 14:34:13.278  INFO c.r.a.r.IInvoiceRepositoryTest           : No active profile set, falling back to 1 default profile: "default"
2026-03-02 14:34:16.370  INFO o.h.v.i.u.Version                        : HV000001: Hibernate Validator 9.0.1.Final
2026-03-02 14:34:19.020  INFO .s.d.r.c.RepositoryConfigurationDelegate : Bootstrapping Spring Data JPA repositories in DEFAULT mode.
2026-03-02 14:34:19.830  INFO .s.d.r.c.RepositoryConfigurationDelegate : Finished Spring Data repository scanning in 769 ms. Found 10 JPA repository interfaces.
2026-03-02 14:34:20.172  INFO beddedDataSourceBeanFactoryPostProcessor : Replacing 'dataSource' DataSource bean with embedded version
2026-03-02 14:34:20.782  INFO o.s.j.d.e.EmbeddedDatabaseFactory        : Starting embedded database: url='jdbc:h2:mem:b2cba388-a7aa-4760-b4b4-6c2e008eef78;DB_CLOSE_DELAY=-1;DB_CLOSE_ON_EXIT=false', username='sa'
2026-03-02 14:34:22.319  INFO o.h.o.jpa                                : HHH008540: Processing PersistenceUnitInfo [name: default]
2026-03-02 14:34:22.699  INFO o.h.o.core                               : HHH000001: Hibernate ORM core version 7.2.4.Final
2026-03-02 14:34:24.254  INFO o.s.o.j.p.SpringPersistenceUnitInfo      : No LoadTimeWeaver setup: ignoring JPA class transformer
2026-03-02 14:34:24.555  WARN o.h.o.deprecation                        : HHH90000025: H2Dialect does not need to be specified explicitly using 'hibernate.dialect' (remove the property setting and it will be selected by default)
2026-03-02 14:34:24.664  INFO o.h.o.c.pooling                          : HHH10001005: Database info:
	Database JDBC URL [jdbc:h2:mem:b2cba388-a7aa-4760-b4b4-6c2e008eef78]
	Database driver: H2 JDBC Driver
	Database dialect: H2Dialect
	Database version: 2.4.240
	Default catalog/schema: B2CBA388-A7AA-4760-B4B4-6C2E008EEF78/PUBLIC
	Autocommit mode: undefined/unknown
	Isolation level: READ_COMMITTED [default READ_COMMITTED]
	JDBC fetch size: 100
	Pool: DataSourceConnectionProvider
	Minimum pool size: undefined/unknown
	Maximum pool size: undefined/unknown
2026-03-02 14:34:29.174  INFO o.h.o.core                               : HHH000489: No JTA platform available (set 'hibernate.transaction.jta.platform' to enable JTA platform integration)
2026-03-02 14:34:29.744  INFO j.LocalContainerEntityManagerFactoryBean : Initialized JPA EntityManagerFactory for persistence unit 'default'
2026-03-02 14:34:30.470  INFO o.s.d.j.r.q.QueryEnhancerFactories       : Hibernate is in classpath; If applicable, HQL parser will be used.
2026-03-02 14:34:36.847  WARN s.c.a.AnnotationConfigApplicationContext : Exception encountered during context initialization - cancelling refresh attempt: org.springframework.beans.factory.NoSuchBeanDefinitionException: No qualifying bean of type 'org.springframework.cache.CacheManager' available: no CacheResolver specified - register a CacheManager bean or remove the @EnableCaching annotation from your configuration.
2026-03-02 14:34:36.859  INFO j.LocalContainerEntityManagerFactoryBean : Closing JPA EntityManagerFactory for persistence unit 'default'
2026-03-02 14:34:36.999  INFO .s.b.a.l.ConditionEvaluationReportLogger : 

Error starting ApplicationContext. To display the condition evaluation report re-run your application with 'debug' enabled.
2026-03-02 14:34:37.451 ERROR o.s.b.d.LoggingFailureAnalysisReporter   : 

***************************
APPLICATION FAILED TO START
***************************

Description:

A component required a bean of type 'org.springframework.cache.CacheManager' that could not be found.


Action:

Consider defining a bean of type 'org.springframework.cache.CacheManager' in your configuration.

2026-03-02 14:34:37.587  WARN o.s.t.c.TestContextManager               : Caught exception while allowing TestExecutionListener [org.springframework.test.context.support.DependencyInjectionTestExecutionListener] to prepare test instance [com.rev.app.repository.IInvoiceRepositoryTest@4c9a3ae]

java.lang.IllegalStateException: Failed to load ApplicationContext for [MergedContextConfiguration@502aa66a testClass = com.rev.app.repository.IInvoiceRepositoryTest, locations = [], classes = [com.rev.app.Revpay1Application], contextInitializerClasses = [], activeProfiles = [], propertySourceDescriptors = [], propertySourceProperties = ["org.springframework.boot.data.jpa.test.autoconfigure.DataJpaTestContextBootstrapper=true"], contextCustomizers = [[ImportsContextCustomizer@5a06fcfc key = [org.springframework.boot.hibernate.autoconfigure.HibernateJpaAutoConfiguration, org.springframework.boot.jpa.test.autoconfigure.TestEntityManagerAutoConfiguration, org.springframework.boot.transaction.autoconfigure.TransactionAutoConfiguration, org.springframework.boot.jdbc.autoconfigure.DataSourceTransactionManagerAutoConfiguration, org.springframework.boot.jdbc.autoconfigure.JdbcTemplateAutoConfiguration, org.springframework.boot.data.jpa.autoconfigure.DataJpaRepositoriesAutoConfiguration, org.springframework.boot.jdbc.autoconfigure.DataSourceInitializationAutoConfiguration, org.springframework.boot.jdbc.autoconfigure.JdbcClientAutoConfiguration, org.springframework.boot.jdbc.test.autoconfigure.TestDatabaseAutoConfiguration, org.springframework.boot.jdbc.autoconfigure.DataSourceAutoConfiguration]], org.springframework.boot.test.context.PropertyMappingContextCustomizer@3441a5e8, org.springframework.boot.test.context.filter.ExcludeFilterContextCustomizer@6088451e, org.springframework.boot.test.context.filter.annotation.TypeExcludeFiltersContextCustomizer@34be3d80, org.springframework.boot.test.json.DuplicateJsonObjectContextCustomizerFactory$DuplicateJsonObjectContextCustomizer@e784320, org.springframework.boot.test.autoconfigure.OnFailureConditionReportContextCustomizerFactory$OnFailureConditionReportContextCustomizer@4bdf, org.springframework.boot.test.autoconfigure.OverrideAutoConfigurationContextCustomizerFactory$DisableAutoConfigurationContextCustomizer@5f05c8d6, org.springframework.test.context.support.DynamicPropertiesContextCustomizer@0, org.springframework.boot.webmvc.test.autoconfigure.WebDriverContextCustomizer@36d33f4, org.springframework.boot.web.server.context.SpringBootTestRandomPortContextCustomizer@550e9be6, org.springframework.boot.test.context.SpringBootTestAnnotation@1e6f85d2], contextLoader = org.springframework.boot.test.context.SpringBootContextLoader, parent = null]
	at org.springframework.test.context.cache.DefaultCacheAwareContextLoaderDelegate.lambda$loadContext$0(DefaultCacheAwareContextLoaderDelegate.java:195) ~[spring-test-7.0.5.jar:7.0.5]
	at org.springframework.test.context.cache.DefaultContextCache.put(DefaultContextCache.java:214) ~[spring-test-7.0.5.jar:7.0.5]
	at org.springframework.test.context.cache.DefaultCacheAwareContextLoaderDelegate.loadContext(DefaultCacheAwareContextLoaderDelegate.java:160) ~[spring-test-7.0.5.jar:7.0.5]
	at org.springframework.test.context.support.DefaultTestContext.getApplicationContext(DefaultTestContext.java:128) ~[spring-test-7.0.5.jar:7.0.5]
	at org.springframework.test.context.support.DependencyInjectionTestExecutionListener.injectDependencies(DependencyInjectionTestExecutionListener.java:155) ~[spring-test-7.0.5.jar:7.0.5]
	at org.springframework.test.context.support.DependencyInjectionTestExecutionListener.prepareTestInstance(DependencyInjectionTestExecutionListener.java:111) ~[spring-test-7.0.5.jar:7.0.5]
	at org.springframework.test.context.TestContextManager.prepareTestInstance(TestContextManager.java:260) ~[spring-test-7.0.5.jar:7.0.5]
	at org.springframework.test.context.junit.jupiter.SpringExtension.postProcessTestInstance(SpringExtension.java:210) ~[spring-test-7.0.5.jar:7.0.5]
	at org.junit.jupiter.engine.descriptor.ClassBasedTestDescriptor.lambda$invokeTestInstancePostProcessors$1(ClassBasedTestDescriptor.java:423) ~[junit-jupiter-engine-6.0.3.jar:6.0.3]
	at org.junit.jupiter.engine.descriptor.ClassBasedTestDescriptor.executeAndMaskThrowable(ClassBasedTestDescriptor.java:428) ~[junit-jupiter-engine-6.0.3.jar:6.0.3]
	at org.junit.jupiter.engine.descriptor.ClassBasedTestDescriptor.lambda$invokeTestInstancePostProcessors$0(ClassBasedTestDescriptor.java:422) ~[junit-jupiter-engine-6.0.3.jar:6.0.3]
	at java.base/java.util.stream.ForEachOps$ForEachOp$OfRef.accept(ForEachOps.java:186) ~[?:?]
	at java.base/java.util.stream.ReferencePipeline$3$1.accept(ReferencePipeline.java:214) ~[?:?]
	at java.base/java.util.stream.ReferencePipeline$2$1.accept(ReferencePipeline.java:197) ~[?:?]
	at java.base/java.util.stream.ReferencePipeline$3$1.accept(ReferencePipeline.java:214) ~[?:?]
	at java.base/java.util.ArrayList$ArrayListSpliterator.forEachRemaining(ArrayList.java:1716) ~[?:?]
	at java.base/java.util.stream.AbstractPipeline.copyInto(AbstractPipeline.java:570) ~[?:?]
	at java.base/java.util.stream.AbstractPipeline.wrapAndCopyInto(AbstractPipeline.java:560) ~[?:?]
	at java.base/java.util.stream.ForEachOps$ForEachOp.evaluateSequential(ForEachOps.java:153) ~[?:?]
	at java.base/java.util.stream.ForEachOps$ForEachOp$OfRef.evaluateSequential(ForEachOps.java:176) ~[?:?]
	at java.base/java.util.stream.AbstractPipeline.evaluate(AbstractPipeline.java:265) ~[?:?]
	at java.base/java.util.stream.ReferencePipeline.forEach(ReferencePipeline.java:632) ~[?:?]
	at org.junit.jupiter.engine.descriptor.ClassBasedTestDescriptor.invokeTestInstancePostProcessors(ClassBasedTestDescriptor.java:422) ~[junit-jupiter-engine-6.0.3.jar:6.0.3]
	at org.junit.jupiter.engine.descriptor.ClassBasedTestDescriptor.lambda$instantiateAndPostProcessTestInstance$0(ClassBasedTestDescriptor.java:334) ~[junit-jupiter-engine-6.0.3.jar:6.0.3]
	at org.junit.platform.engine.support.hierarchical.ThrowableCollector.execute(ThrowableCollector.java:74) ~[junit-platform-engine-6.0.3.jar:6.0.3]
	at org.junit.jupiter.engine.descriptor.ClassBasedTestDescriptor.instantiateAndPostProcessTestInstance(ClassBasedTestDescriptor.java:333) ~[junit-jupiter-engine-6.0.3.jar:6.0.3]
	at org.junit.jupiter.engine.descriptor.ClassBasedTestDescriptor.lambda$testInstancesProvider$1(ClassBasedTestDescriptor.java:322) ~[junit-jupiter-engine-6.0.3.jar:6.0.3]
	at java.base/java.util.Optional.orElseGet(Optional.java:364) ~[?:?]
	at org.junit.jupiter.engine.descriptor.ClassBasedTestDescriptor.lambda$testInstancesProvider$0(ClassBasedTestDescriptor.java:321) ~[junit-jupiter-engine-6.0.3.jar:6.0.3]
	at org.junit.jupiter.engine.execution.TestInstancesProvider.getTestInstances(TestInstancesProvider.java:27) ~[junit-jupiter-engine-6.0.3.jar:6.0.3]
	at org.junit.jupiter.engine.descriptor.TestMethodTestDescriptor.lambda$prepare$0(TestMethodTestDescriptor.java:127) ~[junit-jupiter-engine-6.0.3.jar:6.0.3]
	at org.junit.platform.engine.support.hierarchical.ThrowableCollector.execute(ThrowableCollector.java:74) ~[junit-platform-engine-6.0.3.jar:6.0.3]
	at org.junit.jupiter.engine.descriptor.TestMethodTestDescriptor.prepare(TestMethodTestDescriptor.java:126) ~[junit-jupiter-engine-6.0.3.jar:6.0.3]
	at org.junit.jupiter.engine.descriptor.TestMethodTestDescriptor.prepare(TestMethodTestDescriptor.java:70) ~[junit-jupiter-engine-6.0.3.jar:6.0.3]
	at org.junit.platform.engine.support.hierarchical.NodeTestTask.lambda$prepare$0(NodeTestTask.java:144) ~[junit-platform-engine-6.0.3.jar:6.0.3]
	at org.junit.platform.engine.support.hierarchical.ThrowableCollector.execute(ThrowableCollector.java:74) ~[junit-platform-engine-6.0.3.jar:6.0.3]
	at org.junit.platform.engine.support.hierarchical.NodeTestTask.prepare(NodeTestTask.java:144) ~[junit-platform-engine-6.0.3.jar:6.0.3]
	at org.junit.platform.engine.support.hierarchical.NodeTestTask.execute(NodeTestTask.java:110) ~[junit-platform-engine-6.0.3.jar:6.0.3]
	at java.base/java.util.ArrayList.forEach(ArrayList.java:1604) ~[?:?]
	at org.junit.platform.engine.support.hierarchical.SameThreadHierarchicalTestExecutorService.invokeAll(SameThreadHierarchicalTestExecutorService.java:42) ~[junit-platform-engine-6.0.3.jar:6.0.3]
	at org.junit.platform.engine.support.hierarchical.NodeTestTask.lambda$executeRecursively$2(NodeTestTask.java:180) ~[junit-platform-engine-6.0.3.jar:6.0.3]
	at org.junit.platform.engine.support.hierarchical.ThrowableCollector.execute(ThrowableCollector.java:74) ~[junit-platform-engine-6.0.3.jar:6.0.3]
	at org.junit.platform.engine.support.hierarchical.NodeTestTask.lambda$executeRecursively$1(NodeTestTask.java:166) ~[junit-platform-engine-6.0.3.jar:6.0.3]
	at org.junit.platform.engine.support.hierarchical.Node.around(Node.java:138) ~[junit-platform-engine-6.0.3.jar:6.0.3]
	at org.junit.platform.engine.support.hierarchical.NodeTestTask.lambda$executeRecursively$0(NodeTestTask.java:164) ~[junit-platform-engine-6.0.3.jar:6.0.3]
	at org.junit.platform.engine.support.hierarchical.ThrowableCollector.execute(ThrowableCollector.java:74) ~[junit-platform-engine-6.0.3.jar:6.0.3]
	at org.junit.platform.engine.support.hierarchical.NodeTestTask.executeRecursively(NodeTestTask.java:163) ~[junit-platform-engine-6.0.3.jar:6.0.3]
	at org.junit.platform.engine.support.hierarchical.NodeTestTask.execute(NodeTestTask.java:116) ~[junit-platform-engine-6.0.3.jar:6.0.3]
	at java.base/java.util.ArrayList.forEach(ArrayList.java:1604) ~[?:?]
	at org.junit.platform.engine.support.hierarchical.SameThreadHierarchicalTestExecutorService.invokeAll(SameThreadHierarchicalTestExecutorService.java:42) ~[junit-platform-engine-6.0.3.jar:6.0.3]
	at org.junit.platform.engine.support.hierarchical.NodeTestTask.lambda$executeRecursively$2(NodeTestTask.java:180) ~[junit-platform-engine-6.0.3.jar:6.0.3]
	at org.junit.platform.engine.support.hierarchical.ThrowableCollector.execute(ThrowableCollector.java:74) ~[junit-platform-engine-6.0.3.jar:6.0.3]
	at org.junit.platform.engine.support.hierarchical.NodeTestTask.lambda$executeRecursively$1(NodeTestTask.java:166) ~[junit-platform-engine-6.0.3.jar:6.0.3]
	at org.junit.platform.engine.support.hierarchical.Node.around(Node.java:138) ~[junit-platform-engine-6.0.3.jar:6.0.3]
	at org.junit.platform.engine.support.hierarchical.NodeTestTask.lambda$executeRecursively$0(NodeTestTask.java:164) ~[junit-platform-engine-6.0.3.jar:6.0.3]
	at org.junit.platform.engine.support.hierarchical.ThrowableCollector.execute(ThrowableCollector.java:74) ~[junit-platform-engine-6.0.3.jar:6.0.3]
	at org.junit.platform.engine.support.hierarchical.NodeTestTask.executeRecursively(NodeTestTask.java:163) ~[junit-platform-engine-6.0.3.jar:6.0.3]
	at org.junit.platform.engine.support.hierarchical.NodeTestTask.execute(NodeTestTask.java:116) ~[junit-platform-engine-6.0.3.jar:6.0.3]
	at org.junit.platform.engine.support.hierarchical.SameThreadHierarchicalTestExecutorService.submit(SameThreadHierarchicalTestExecutorService.java:36) ~[junit-platform-engine-6.0.3.jar:6.0.3]
	at org.junit.platform.engine.support.hierarchical.HierarchicalTestExecutor.execute(HierarchicalTestExecutor.java:52) ~[junit-platform-engine-6.0.3.jar:6.0.3]
	at org.junit.platform.engine.support.hierarchical.HierarchicalTestEngine.execute(HierarchicalTestEngine.java:58) ~[junit-platform-engine-6.0.3.jar:6.0.3]
	at org.junit.platform.launcher.core.EngineExecutionOrchestrator.executeEngine(EngineExecutionOrchestrator.java:246) ~[junit-platform-launcher-6.0.3.jar:6.0.3]
	at org.junit.platform.launcher.core.EngineExecutionOrchestrator.failOrExecuteEngine(EngineExecutionOrchestrator.java:218) ~[junit-platform-launcher-6.0.3.jar:6.0.3]
	at org.junit.platform.launcher.core.EngineExecutionOrchestrator.execute(EngineExecutionOrchestrator.java:179) ~[junit-platform-launcher-6.0.3.jar:6.0.3]
	at org.junit.platform.launcher.core.EngineExecutionOrchestrator.execute(EngineExecutionOrchestrator.java:108) ~[junit-platform-launcher-6.0.3.jar:6.0.3]
	at org.junit.platform.launcher.core.EngineExecutionOrchestrator.lambda$execute$0(EngineExecutionOrchestrator.java:66) ~[junit-platform-launcher-6.0.3.jar:6.0.3]
	at org.junit.platform.launcher.core.EngineExecutionOrchestrator.withInterceptedStreams(EngineExecutionOrchestrator.java:157) ~[junit-platform-launcher-6.0.3.jar:6.0.3]
	at org.junit.platform.launcher.core.EngineExecutionOrchestrator.execute(EngineExecutionOrchestrator.java:65) ~[junit-platform-launcher-6.0.3.jar:6.0.3]
	at org.junit.platform.launcher.core.DefaultLauncher.execute(DefaultLauncher.java:125) ~[junit-platform-launcher-6.0.3.jar:6.0.3]
	at org.junit.platform.launcher.core.DefaultLauncher.execute(DefaultLauncher.java:114) ~[junit-platform-launcher-6.0.3.jar:6.0.3]
	at org.junit.platform.launcher.core.DefaultLauncher.execute(DefaultLauncher.java:93) ~[junit-platform-launcher-6.0.3.jar:6.0.3]
	at org.junit.platform.launcher.core.DelegatingLauncher.execute(DelegatingLauncher.java:48) ~[junit-platform-launcher-6.0.3.jar:6.0.3]
	at org.junit.platform.launcher.core.InterceptingLauncher.lambda$execute$0(InterceptingLauncher.java:41) ~[junit-platform-launcher-6.0.3.jar:6.0.3]
	at org.junit.platform.launcher.core.ClasspathAlignmentCheckingLauncherInterceptor.intercept(ClasspathAlignmentCheckingLauncherInterceptor.java:25) ~[junit-platform-launcher-6.0.3.jar:6.0.3]
	at org.junit.platform.launcher.core.InterceptingLauncher.execute(InterceptingLauncher.java:40) ~[junit-platform-launcher-6.0.3.jar:6.0.3]
	at org.junit.platform.launcher.core.DelegatingLauncher.execute(DelegatingLauncher.java:48) ~[junit-platform-launcher-6.0.3.jar:6.0.3]
	at org.junit.platform.launcher.core.SessionPerRequestLauncher.execute(SessionPerRequestLauncher.java:67) ~[junit-platform-launcher-6.0.3.jar:6.0.3]
	at com.intellij.junit6.JUnit6IdeaTestRunner.startRunnerWithArgs(JUnit6IdeaTestRunner.java:67) ~[junit6-rt.jar:?]
	at com.intellij.rt.junit.IdeaTestRunner$Repeater$1.execute(IdeaTestRunner.java:38) ~[junit-rt.jar:?]
	at com.intellij.rt.execution.junit.TestsRepeater.repeat(TestsRepeater.java:11) ~[idea_rt.jar:?]
	at com.intellij.rt.junit.IdeaTestRunner$Repeater.startRunnerWithArgs(IdeaTestRunner.java:35) ~[junit-rt.jar:?]
	at com.intellij.rt.junit.JUnitStarter.prepareStreamsAndStart(JUnitStarter.java:237) [junit-rt.jar:?]
	at com.intellij.rt.junit.JUnitStarter.main(JUnitStarter.java:58) [junit-rt.jar:?]
Caused by: org.springframework.beans.factory.NoSuchBeanDefinitionException: No qualifying bean of type 'org.springframework.cache.CacheManager' available: no CacheResolver specified - register a CacheManager bean or remove the @EnableCaching annotation from your configuration.
	at org.springframework.cache.interceptor.CacheAspectSupport.afterSingletonsInstantiated(CacheAspectSupport.java:287) ~[spring-context-7.0.5.jar:7.0.5]
	at org.springframework.beans.factory.support.DefaultListableBeanFactory.preInstantiateSingletons(DefaultListableBeanFactory.java:1147) ~[spring-beans-7.0.5.jar:7.0.5]
	at org.springframework.context.support.AbstractApplicationContext.finishBeanFactoryInitialization(AbstractApplicationContext.java:994) ~[spring-context-7.0.5.jar:7.0.5]
	at org.springframework.context.support.AbstractApplicationContext.refresh(AbstractApplicationContext.java:621) ~[spring-context-7.0.5.jar:7.0.5]
	at org.springframework.boot.SpringApplication.refresh(SpringApplication.java:756) ~[spring-boot-4.0.3.jar:4.0.3]
	at org.springframework.boot.SpringApplication.refreshContext(SpringApplication.java:445) ~[spring-boot-4.0.3.jar:4.0.3]
	at org.springframework.boot.SpringApplication.run(SpringApplication.java:321) ~[spring-boot-4.0.3.jar:4.0.3]
	at org.springframework.boot.test.context.SpringBootContextLoader.lambda$loadContext$2(SpringBootContextLoader.java:156) ~[spring-boot-test-4.0.3.jar:4.0.3]
	at org.springframework.util.function.ThrowingSupplier.get(ThrowingSupplier.java:58) ~[spring-core-7.0.5.jar:7.0.5]
	at org.springframework.util.function.ThrowingSupplier.get(ThrowingSupplier.java:46) ~[spring-core-7.0.5.jar:7.0.5]
	at org.springframework.boot.SpringApplication.withHook(SpringApplication.java:1465) ~[spring-boot-4.0.3.jar:4.0.3]
	at org.springframework.boot.test.context.SpringBootContextLoader$ContextLoaderHook.run(SpringBootContextLoader.java:605) ~[spring-boot-test-4.0.3.jar:4.0.3]
	at org.springframework.boot.test.context.SpringBootContextLoader.loadContext(SpringBootContextLoader.java:156) ~[spring-boot-test-4.0.3.jar:4.0.3]
	at org.springframework.boot.test.context.SpringBootContextLoader.loadContext(SpringBootContextLoader.java:115) ~[spring-boot-test-4.0.3.jar:4.0.3]
	at org.springframework.test.context.cache.DefaultCacheAwareContextLoaderDelegate.loadContextInternal(DefaultCacheAwareContextLoaderDelegate.java:247) ~[spring-test-7.0.5.jar:7.0.5]
	at org.springframework.test.context.cache.DefaultCacheAwareContextLoaderDelegate.lambda$loadContext$0(DefaultCacheAwareContextLoaderDelegate.java:167) ~[spring-test-7.0.5.jar:7.0.5]
	... 82 more

2026-03-02 14:34:39.253  INFO t.c.s.AnnotationConfigContextLoaderUtils : Could not detect default configuration classes for test class [com.rev.app.repository.ILoanApplicationRepositoryTest]: ILoanApplicationRepositoryTest does not declare any static, non-private, non-final, nested classes annotated with @Configuration.
2026-03-02 14:34:39.877  INFO .b.t.c.SpringBootTestContextBootstrapper : Found @SpringBootConfiguration com.rev.app.Revpay1Application for test class com.rev.app.repository.ILoanApplicationRepositoryTest
2026-03-02 14:34:39.968  WARN o.s.t.c.TestContextManager               : Caught exception while allowing TestExecutionListener [org.springframework.test.context.support.DependencyInjectionTestExecutionListener] to prepare test instance [com.rev.app.repository.ILoanApplicationRepositoryTest@4efca68]

java.lang.IllegalStateException: ApplicationContext failure threshold (1) exceeded: skipping repeated attempt to load context for [MergedContextConfiguration@38ab2740 testClass = com.rev.app.repository.ILoanApplicationRepositoryTest, locations = [], classes = [com.rev.app.Revpay1Application], contextInitializerClasses = [], activeProfiles = [], propertySourceDescriptors = [], propertySourceProperties = ["org.springframework.boot.data.jpa.test.autoconfigure.DataJpaTestContextBootstrapper=true"], contextCustomizers = [[ImportsContextCustomizer@4463d9b7 key = [org.springframework.boot.hibernate.autoconfigure.HibernateJpaAutoConfiguration, org.springframework.boot.jpa.test.autoconfigure.TestEntityManagerAutoConfiguration, org.springframework.boot.transaction.autoconfigure.TransactionAutoConfiguration, org.springframework.boot.jdbc.autoconfigure.DataSourceTransactionManagerAutoConfiguration, org.springframework.boot.jdbc.autoconfigure.JdbcTemplateAutoConfiguration, org.springframework.boot.data.jpa.autoconfigure.DataJpaRepositoriesAutoConfiguration, org.springframework.boot.jdbc.autoconfigure.DataSourceInitializationAutoConfiguration, org.springframework.boot.jdbc.autoconfigure.JdbcClientAutoConfiguration, org.springframework.boot.jdbc.test.autoconfigure.TestDatabaseAutoConfiguration, org.springframework.boot.jdbc.autoconfigure.DataSourceAutoConfiguration]], org.springframework.boot.test.context.PropertyMappingContextCustomizer@3441a5e8, org.springframework.boot.test.context.filter.ExcludeFilterContextCustomizer@6088451e, org.springframework.boot.test.context.filter.annotation.TypeExcludeFiltersContextCustomizer@34be3d80, org.springframework.boot.test.json.DuplicateJsonObjectContextCustomizerFactory$DuplicateJsonObjectContextCustomizer@e784320, org.springframework.boot.test.autoconfigure.OnFailureConditionReportContextCustomizerFactory$OnFailureConditionReportContextCustomizer@4bdf, org.springframework.boot.test.autoconfigure.OverrideAutoConfigurationContextCustomizerFactory$DisableAutoConfigurationContextCustomizer@5f05c8d6, org.springframework.test.context.support.DynamicPropertiesContextCustomizer@0, org.springframework.boot.webmvc.test.autoconfigure.WebDriverContextCustomizer@36d33f4, org.springframework.boot.web.server.context.SpringBootTestRandomPortContextCustomizer@550e9be6, org.springframework.boot.test.context.SpringBootTestAnnotation@1e6f85d2], contextLoader = org.springframework.boot.test.context.SpringBootContextLoader, parent = null]
	at org.springframework.test.context.cache.DefaultCacheAwareContextLoaderDelegate.loadContext(DefaultCacheAwareContextLoaderDelegate.java:157) ~[spring-test-7.0.5.jar:7.0.5]
	at org.springframework.test.context.support.DefaultTestContext.getApplicationContext(DefaultTestContext.java:128) ~[spring-test-7.0.5.jar:7.0.5]
	at org.springframework.test.context.support.DependencyInjectionTestExecutionListener.injectDependencies(DependencyInjectionTestExecutionListener.java:155) ~[spring-test-7.0.5.jar:7.0.5]
	at org.springframework.test.context.support.DependencyInjectionTestExecutionListener.prepareTestInstance(DependencyInjectionTestExecutionListener.java:111) ~[spring-test-7.0.5.jar:7.0.5]
	at org.springframework.test.context.TestContextManager.prepareTestInstance(TestContextManager.java:260) ~[spring-test-7.0.5.jar:7.0.5]
	at org.springframework.test.context.junit.jupiter.SpringExtension.postProcessTestInstance(SpringExtension.java:210) ~[spring-test-7.0.5.jar:7.0.5]
	at org.junit.jupiter.engine.descriptor.ClassBasedTestDescriptor.lambda$invokeTestInstancePostProcessors$1(ClassBasedTestDescriptor.java:423) ~[junit-jupiter-engine-6.0.3.jar:6.0.3]
	at org.junit.jupiter.engine.descriptor.ClassBasedTestDescriptor.executeAndMaskThrowable(ClassBasedTestDescriptor.java:428) ~[junit-jupiter-engine-6.0.3.jar:6.0.3]
	at org.junit.jupiter.engine.descriptor.ClassBasedTestDescriptor.lambda$invokeTestInstancePostProcessors$0(ClassBasedTestDescriptor.java:422) ~[junit-jupiter-engine-6.0.3.jar:6.0.3]
	at java.base/java.util.stream.ForEachOps$ForEachOp$OfRef.accept(ForEachOps.java:186) ~[?:?]
	at java.base/java.util.stream.ReferencePipeline$3$1.accept(ReferencePipeline.java:214) ~[?:?]
	at java.base/java.util.stream.ReferencePipeline$2$1.accept(ReferencePipeline.java:197) ~[?:?]
	at java.base/java.util.stream.ReferencePipeline$3$1.accept(ReferencePipeline.java:214) ~[?:?]
	at java.base/java.util.ArrayList$ArrayListSpliterator.forEachRemaining(ArrayList.java:1716) ~[?:?]
	at java.base/java.util.stream.AbstractPipeline.copyInto(AbstractPipeline.java:570) ~[?:?]
	at java.base/java.util.stream.AbstractPipeline.wrapAndCopyInto(AbstractPipeline.java:560) ~[?:?]
	at java.base/java.util.stream.ForEachOps$ForEachOp.evaluateSequential(ForEachOps.java:153) ~[?:?]
	at java.base/java.util.stream.ForEachOps$ForEachOp$OfRef.evaluateSequential(ForEachOps.java:176) ~[?:?]
	at java.base/java.util.stream.AbstractPipeline.evaluate(AbstractPipeline.java:265) ~[?:?]
	at java.base/java.util.stream.ReferencePipeline.forEach(ReferencePipeline.java:632) ~[?:?]
	at org.junit.jupiter.engine.descriptor.ClassBasedTestDescriptor.invokeTestInstancePostProcessors(ClassBasedTestDescriptor.java:422) ~[junit-jupiter-engine-6.0.3.jar:6.0.3]
	at org.junit.jupiter.engine.descriptor.ClassBasedTestDescriptor.lambda$instantiateAndPostProcessTestInstance$0(ClassBasedTestDescriptor.java:334) ~[junit-jupiter-engine-6.0.3.jar:6.0.3]
	at org.junit.platform.engine.support.hierarchical.ThrowableCollector.execute(ThrowableCollector.java:74) ~[junit-platform-engine-6.0.3.jar:6.0.3]
	at org.junit.jupiter.engine.descriptor.ClassBasedTestDescriptor.instantiateAndPostProcessTestInstance(ClassBasedTestDescriptor.java:333) ~[junit-jupiter-engine-6.0.3.jar:6.0.3]
	at org.junit.jupiter.engine.descriptor.ClassBasedTestDescriptor.lambda$testInstancesProvider$1(ClassBasedTestDescriptor.java:322) ~[junit-jupiter-engine-6.0.3.jar:6.0.3]
	at java.base/java.util.Optional.orElseGet(Optional.java:364) ~[?:?]
	at org.junit.jupiter.engine.descriptor.ClassBasedTestDescriptor.lambda$testInstancesProvider$0(ClassBasedTestDescriptor.java:321) ~[junit-jupiter-engine-6.0.3.jar:6.0.3]
	at org.junit.jupiter.engine.execution.TestInstancesProvider.getTestInstances(TestInstancesProvider.java:27) ~[junit-jupiter-engine-6.0.3.jar:6.0.3]
	at org.junit.jupiter.engine.descriptor.TestMethodTestDescriptor.lambda$prepare$0(TestMethodTestDescriptor.java:127) ~[junit-jupiter-engine-6.0.3.jar:6.0.3]
	at org.junit.platform.engine.support.hierarchical.ThrowableCollector.execute(ThrowableCollector.java:74) ~[junit-platform-engine-6.0.3.jar:6.0.3]
	at org.junit.jupiter.engine.descriptor.TestMethodTestDescriptor.prepare(TestMethodTestDescriptor.java:126) ~[junit-jupiter-engine-6.0.3.jar:6.0.3]
	at org.junit.jupiter.engine.descriptor.TestMethodTestDescriptor.prepare(TestMethodTestDescriptor.java:70) ~[junit-jupiter-engine-6.0.3.jar:6.0.3]
	at org.junit.platform.engine.support.hierarchical.NodeTestTask.lambda$prepare$0(NodeTestTask.java:144) ~[junit-platform-engine-6.0.3.jar:6.0.3]
	at org.junit.platform.engine.support.hierarchical.ThrowableCollector.execute(ThrowableCollector.java:74) ~[junit-platform-engine-6.0.3.jar:6.0.3]
	at org.junit.platform.engine.support.hierarchical.NodeTestTask.prepare(NodeTestTask.java:144) ~[junit-platform-engine-6.0.3.jar:6.0.3]
	at org.junit.platform.engine.support.hierarchical.NodeTestTask.execute(NodeTestTask.java:110) ~[junit-platform-engine-6.0.3.jar:6.0.3]
	at java.base/java.util.ArrayList.forEach(ArrayList.java:1604) ~[?:?]
	at org.junit.platform.engine.support.hierarchical.SameThreadHierarchicalTestExecutorService.invokeAll(SameThreadHierarchicalTestExecutorService.java:42) ~[junit-platform-engine-6.0.3.jar:6.0.3]
	at org.junit.platform.engine.support.hierarchical.NodeTestTask.lambda$executeRecursively$2(NodeTestTask.java:180) ~[junit-platform-engine-6.0.3.jar:6.0.3]
	at org.junit.platform.engine.support.hierarchical.ThrowableCollector.execute(ThrowableCollector.java:74) ~[junit-platform-engine-6.0.3.jar:6.0.3]
	at org.junit.platform.engine.support.hierarchical.NodeTestTask.lambda$executeRecursively$1(NodeTestTask.java:166) ~[junit-platform-engine-6.0.3.jar:6.0.3]
	at org.junit.platform.engine.support.hierarchical.Node.around(Node.java:138) ~[junit-platform-engine-6.0.3.jar:6.0.3]
	at org.junit.platform.engine.support.hierarchical.NodeTestTask.lambda$executeRecursively$0(NodeTestTask.java:164) ~[junit-platform-engine-6.0.3.jar:6.0.3]
	at org.junit.platform.engine.support.hierarchical.ThrowableCollector.execute(ThrowableCollector.java:74) ~[junit-platform-engine-6.0.3.jar:6.0.3]
	at org.junit.platform.engine.support.hierarchical.NodeTestTask.executeRecursively(NodeTestTask.java:163) ~[junit-platform-engine-6.0.3.jar:6.0.3]
	at org.junit.platform.engine.support.hierarchical.NodeTestTask.execute(NodeTestTask.java:116) ~[junit-platform-engine-6.0.3.jar:6.0.3]
	at java.base/java.util.ArrayList.forEach(ArrayList.java:1604) ~[?:?]
	at org.junit.platform.engine.support.hierarchical.SameThreadHierarchicalTestExecutorService.invokeAll(SameThreadHierarchicalTestExecutorService.java:42) ~[junit-platform-engine-6.0.3.jar:6.0.3]
	at org.junit.platform.engine.support.hierarchical.NodeTestTask.lambda$executeRecursively$2(NodeTestTask.java:180) ~[junit-platform-engine-6.0.3.jar:6.0.3]
	at org.junit.platform.engine.support.hierarchical.ThrowableCollector.execute(ThrowableCollector.java:74) ~[junit-platform-engine-6.0.3.jar:6.0.3]
	at org.junit.platform.engine.support.hierarchical.NodeTestTask.lambda$executeRecursively$1(NodeTestTask.java:166) ~[junit-platform-engine-6.0.3.jar:6.0.3]
	at org.junit.platform.engine.support.hierarchical.Node.around(Node.java:138) ~[junit-platform-engine-6.0.3.jar:6.0.3]
	at org.junit.platform.engine.support.hierarchical.NodeTestTask.lambda$executeRecursively$0(NodeTestTask.java:164) ~[junit-platform-engine-6.0.3.jar:6.0.3]
	at org.junit.platform.engine.support.hierarchical.ThrowableCollector.execute(ThrowableCollector.java:74) ~[junit-platform-engine-6.0.3.jar:6.0.3]
	at org.junit.platform.engine.support.hierarchical.NodeTestTask.executeRecursively(NodeTestTask.java:163) ~[junit-platform-engine-6.0.3.jar:6.0.3]
	at org.junit.platform.engine.support.hierarchical.NodeTestTask.execute(NodeTestTask.java:116) ~[junit-platform-engine-6.0.3.jar:6.0.3]
	at org.junit.platform.engine.support.hierarchical.SameThreadHierarchicalTestExecutorService.submit(SameThreadHierarchicalTestExecutorService.java:36) ~[junit-platform-engine-6.0.3.jar:6.0.3]
	at org.junit.platform.engine.support.hierarchical.HierarchicalTestExecutor.execute(HierarchicalTestExecutor.java:52) ~[junit-platform-engine-6.0.3.jar:6.0.3]
	at org.junit.platform.engine.support.hierarchical.HierarchicalTestEngine.execute(HierarchicalTestEngine.java:58) ~[junit-platform-engine-6.0.3.jar:6.0.3]
	at org.junit.platform.launcher.core.EngineExecutionOrchestrator.executeEngine(EngineExecutionOrchestrator.java:246) ~[junit-platform-launcher-6.0.3.jar:6.0.3]
	at org.junit.platform.launcher.core.EngineExecutionOrchestrator.failOrExecuteEngine(EngineExecutionOrchestrator.java:218) ~[junit-platform-launcher-6.0.3.jar:6.0.3]
	at org.junit.platform.launcher.core.EngineExecutionOrchestrator.execute(EngineExecutionOrchestrator.java:179) ~[junit-platform-launcher-6.0.3.jar:6.0.3]
	at org.junit.platform.launcher.core.EngineExecutionOrchestrator.execute(EngineExecutionOrchestrator.java:108) ~[junit-platform-launcher-6.0.3.jar:6.0.3]
	at org.junit.platform.launcher.core.EngineExecutionOrchestrator.lambda$execute$0(EngineExecutionOrchestrator.java:66) ~[junit-platform-launcher-6.0.3.jar:6.0.3]
	at org.junit.platform.launcher.core.EngineExecutionOrchestrator.withInterceptedStreams(EngineExecutionOrchestrator.java:157) ~[junit-platform-launcher-6.0.3.jar:6.0.3]
	at org.junit.platform.launcher.core.EngineExecutionOrchestrator.execute(EngineExecutionOrchestrator.java:65) ~[junit-platform-launcher-6.0.3.jar:6.0.3]
	at org.junit.platform.launcher.core.DefaultLauncher.execute(DefaultLauncher.java:125) ~[junit-platform-launcher-6.0.3.jar:6.0.3]
	at org.junit.platform.launcher.core.DefaultLauncher.execute(DefaultLauncher.java:114) ~[junit-platform-launcher-6.0.3.jar:6.0.3]
	at org.junit.platform.launcher.core.DefaultLauncher.execute(DefaultLauncher.java:93) ~[junit-platform-launcher-6.0.3.jar:6.0.3]
	at org.junit.platform.launcher.core.DelegatingLauncher.execute(DelegatingLauncher.java:48) ~[junit-platform-launcher-6.0.3.jar:6.0.3]
	at org.junit.platform.launcher.core.InterceptingLauncher.lambda$execute$0(InterceptingLauncher.java:41) ~[junit-platform-launcher-6.0.3.jar:6.0.3]
	at org.junit.platform.launcher.core.ClasspathAlignmentCheckingLauncherInterceptor.intercept(ClasspathAlignmentCheckingLauncherInterceptor.java:25) ~[junit-platform-launcher-6.0.3.jar:6.0.3]
	at org.junit.platform.launcher.core.InterceptingLauncher.execute(InterceptingLauncher.java:40) ~[junit-platform-launcher-6.0.3.jar:6.0.3]
	at org.junit.platform.launcher.core.DelegatingLauncher.execute(DelegatingLauncher.java:48) ~[junit-platform-launcher-6.0.3.jar:6.0.3]
	at org.junit.platform.launcher.core.SessionPerRequestLauncher.execute(SessionPerRequestLauncher.java:67) ~[junit-platform-launcher-6.0.3.jar:6.0.3]
	at com.intellij.junit6.JUnit6IdeaTestRunner.startRunnerWithArgs(JUnit6IdeaTestRunner.java:67) ~[junit6-rt.jar:?]
	at com.intellij.rt.junit.IdeaTestRunner$Repeater$1.execute(IdeaTestRunner.java:38) ~[junit-rt.jar:?]
	at com.intellij.rt.execution.junit.TestsRepeater.repeat(TestsRepeater.java:11) ~[idea_rt.jar:?]
	at com.intellij.rt.junit.IdeaTestRunner$Repeater.startRunnerWithArgs(IdeaTestRunner.java:35) ~[junit-rt.jar:?]
	at com.intellij.rt.junit.JUnitStarter.prepareStreamsAndStart(JUnitStarter.java:237) [junit-rt.jar:?]
	at com.intellij.rt.junit.JUnitStarter.main(JUnitStarter.java:58) [junit-rt.jar:?]

2026-03-02 14:34:41.883  INFO c.r.a.s.EmailServiceImpl                 : Sending OTP email to test@example.com
2026-03-02 14:34:41.885  INFO c.r.a.s.EmailServiceImpl                 : OTP email sent successfully to test@example.com
2026-03-02 14:34:41.916  INFO c.r.a.s.EmailServiceImpl                 : Sending transaction notification to test@example.com
2026-03-02 14:34:41.918  INFO c.r.a.s.EmailServiceImpl                 : Transaction email sent successfully to test@example.com
2026-03-02 14:34:41.943  INFO c.r.a.s.EmailServiceImpl                 : Sending profile update notification to test@example.com
2026-03-02 14:34:41.944  INFO c.r.a.s.EmailServiceImpl                 : Profile update email sent successfully to test@example.com
2026-03-02 14:34:42.846  INFO t.c.s.AnnotationConfigContextLoaderUtils : Could not detect default configuration classes for test class [com.rev.app.repository.IUserRepositoryTest]: IUserRepositoryTest does not declare any static, non-private, non-final, nested classes annotated with @Configuration.
2026-03-02 14:34:42.937  INFO .b.t.c.SpringBootTestContextBootstrapper : Found @SpringBootConfiguration com.rev.app.Revpay1Application for test class com.rev.app.repository.IUserRepositoryTest
2026-03-02 14:34:42.954  WARN o.s.t.c.TestContextManager               : Caught exception while allowing TestExecutionListener [org.springframework.test.context.support.DependencyInjectionTestExecutionListener] to prepare test instance [com.rev.app.repository.IUserRepositoryTest@4ac73165]

java.lang.IllegalStateException: ApplicationContext failure threshold (1) exceeded: skipping repeated attempt to load context for [MergedContextConfiguration@7dc175c6 testClass = com.rev.app.repository.IUserRepositoryTest, locations = [], classes = [com.rev.app.Revpay1Application], contextInitializerClasses = [], activeProfiles = [], propertySourceDescriptors = [], propertySourceProperties = ["org.springframework.boot.data.jpa.test.autoconfigure.DataJpaTestContextBootstrapper=true"], contextCustomizers = [[ImportsContextCustomizer@1ddf5237 key = [org.springframework.boot.hibernate.autoconfigure.HibernateJpaAutoConfiguration, org.springframework.boot.jpa.test.autoconfigure.TestEntityManagerAutoConfiguration, org.springframework.boot.transaction.autoconfigure.TransactionAutoConfiguration, org.springframework.boot.jdbc.autoconfigure.DataSourceTransactionManagerAutoConfiguration, org.springframework.boot.jdbc.autoconfigure.JdbcTemplateAutoConfiguration, org.springframework.boot.data.jpa.autoconfigure.DataJpaRepositoriesAutoConfiguration, org.springframework.boot.jdbc.autoconfigure.DataSourceInitializationAutoConfiguration, org.springframework.boot.jdbc.autoconfigure.JdbcClientAutoConfiguration, org.springframework.boot.jdbc.test.autoconfigure.TestDatabaseAutoConfiguration, org.springframework.boot.jdbc.autoconfigure.DataSourceAutoConfiguration]], org.springframework.boot.test.context.PropertyMappingContextCustomizer@3441a5e8, org.springframework.boot.test.context.filter.ExcludeFilterContextCustomizer@6088451e, org.springframework.boot.test.context.filter.annotation.TypeExcludeFiltersContextCustomizer@34be3d80, org.springframework.boot.test.json.DuplicateJsonObjectContextCustomizerFactory$DuplicateJsonObjectContextCustomizer@e784320, org.springframework.boot.test.autoconfigure.OnFailureConditionReportContextCustomizerFactory$OnFailureConditionReportContextCustomizer@4bdf, org.springframework.boot.test.autoconfigure.OverrideAutoConfigurationContextCustomizerFactory$DisableAutoConfigurationContextCustomizer@5f05c8d6, org.springframework.test.context.support.DynamicPropertiesContextCustomizer@0, org.springframework.boot.webmvc.test.autoconfigure.WebDriverContextCustomizer@36d33f4, org.springframework.boot.web.server.context.SpringBootTestRandomPortContextCustomizer@550e9be6, org.springframework.boot.test.context.SpringBootTestAnnotation@1e6f85d2], contextLoader = org.springframework.boot.test.context.SpringBootContextLoader, parent = null]
	at org.springframework.test.context.cache.DefaultCacheAwareContextLoaderDelegate.loadContext(DefaultCacheAwareContextLoaderDelegate.java:157) ~[spring-test-7.0.5.jar:7.0.5]
	at org.springframework.test.context.support.DefaultTestContext.getApplicationContext(DefaultTestContext.java:128) ~[spring-test-7.0.5.jar:7.0.5]
	at org.springframework.test.context.support.DependencyInjectionTestExecutionListener.injectDependencies(DependencyInjectionTestExecutionListener.java:155) ~[spring-test-7.0.5.jar:7.0.5]
	at org.springframework.test.context.support.DependencyInjectionTestExecutionListener.prepareTestInstance(DependencyInjectionTestExecutionListener.java:111) ~[spring-test-7.0.5.jar:7.0.5]
	at org.springframework.test.context.TestContextManager.prepareTestInstance(TestContextManager.java:260) ~[spring-test-7.0.5.jar:7.0.5]
	at org.springframework.test.context.junit.jupiter.SpringExtension.postProcessTestInstance(SpringExtension.java:210) ~[spring-test-7.0.5.jar:7.0.5]
	at org.junit.jupiter.engine.descriptor.ClassBasedTestDescriptor.lambda$invokeTestInstancePostProcessors$1(ClassBasedTestDescriptor.java:423) ~[junit-jupiter-engine-6.0.3.jar:6.0.3]
	at org.junit.jupiter.engine.descriptor.ClassBasedTestDescriptor.executeAndMaskThrowable(ClassBasedTestDescriptor.java:428) ~[junit-jupiter-engine-6.0.3.jar:6.0.3]
	at org.junit.jupiter.engine.descriptor.ClassBasedTestDescriptor.lambda$invokeTestInstancePostProcessors$0(ClassBasedTestDescriptor.java:422) ~[junit-jupiter-engine-6.0.3.jar:6.0.3]
	at java.base/java.util.stream.ForEachOps$ForEachOp$OfRef.accept(ForEachOps.java:186) ~[?:?]
	at java.base/java.util.stream.ReferencePipeline$3$1.accept(ReferencePipeline.java:214) ~[?:?]
	at java.base/java.util.stream.ReferencePipeline$2$1.accept(ReferencePipeline.java:197) ~[?:?]
	at java.base/java.util.stream.ReferencePipeline$3$1.accept(ReferencePipeline.java:214) ~[?:?]
	at java.base/java.util.ArrayList$ArrayListSpliterator.forEachRemaining(ArrayList.java:1716) ~[?:?]
	at java.base/java.util.stream.AbstractPipeline.copyInto(AbstractPipeline.java:570) ~[?:?]
	at java.base/java.util.stream.AbstractPipeline.wrapAndCopyInto(AbstractPipeline.java:560) ~[?:?]
	at java.base/java.util.stream.ForEachOps$ForEachOp.evaluateSequential(ForEachOps.java:153) ~[?:?]
	at java.base/java.util.stream.ForEachOps$ForEachOp$OfRef.evaluateSequential(ForEachOps.java:176) ~[?:?]
	at java.base/java.util.stream.AbstractPipeline.evaluate(AbstractPipeline.java:265) ~[?:?]
	at java.base/java.util.stream.ReferencePipeline.forEach(ReferencePipeline.java:632) ~[?:?]
	at org.junit.jupiter.engine.descriptor.ClassBasedTestDescriptor.invokeTestInstancePostProcessors(ClassBasedTestDescriptor.java:422) ~[junit-jupiter-engine-6.0.3.jar:6.0.3]
	at org.junit.jupiter.engine.descriptor.ClassBasedTestDescriptor.lambda$instantiateAndPostProcessTestInstance$0(ClassBasedTestDescriptor.java:334) ~[junit-jupiter-engine-6.0.3.jar:6.0.3]
	at org.junit.platform.engine.support.hierarchical.ThrowableCollector.execute(ThrowableCollector.java:74) ~[junit-platform-engine-6.0.3.jar:6.0.3]
	at org.junit.jupiter.engine.descriptor.ClassBasedTestDescriptor.instantiateAndPostProcessTestInstance(ClassBasedTestDescriptor.java:333) ~[junit-jupiter-engine-6.0.3.jar:6.0.3]
	at org.junit.jupiter.engine.descriptor.ClassBasedTestDescriptor.lambda$testInstancesProvider$1(ClassBasedTestDescriptor.java:322) ~[junit-jupiter-engine-6.0.3.jar:6.0.3]
	at java.base/java.util.Optional.orElseGet(Optional.java:364) ~[?:?]
	at org.junit.jupiter.engine.descriptor.ClassBasedTestDescriptor.lambda$testInstancesProvider$0(ClassBasedTestDescriptor.java:321) ~[junit-jupiter-engine-6.0.3.jar:6.0.3]
	at org.junit.jupiter.engine.execution.TestInstancesProvider.getTestInstances(TestInstancesProvider.java:27) ~[junit-jupiter-engine-6.0.3.jar:6.0.3]
	at org.junit.jupiter.engine.descriptor.TestMethodTestDescriptor.lambda$prepare$0(TestMethodTestDescriptor.java:127) ~[junit-jupiter-engine-6.0.3.jar:6.0.3]
	at org.junit.platform.engine.support.hierarchical.ThrowableCollector.execute(ThrowableCollector.java:74) ~[junit-platform-engine-6.0.3.jar:6.0.3]
	at org.junit.jupiter.engine.descriptor.TestMethodTestDescriptor.prepare(TestMethodTestDescriptor.java:126) ~[junit-jupiter-engine-6.0.3.jar:6.0.3]
	at org.junit.jupiter.engine.descriptor.TestMethodTestDescriptor.prepare(TestMethodTestDescriptor.java:70) ~[junit-jupiter-engine-6.0.3.jar:6.0.3]
	at org.junit.platform.engine.support.hierarchical.NodeTestTask.lambda$prepare$0(NodeTestTask.java:144) ~[junit-platform-engine-6.0.3.jar:6.0.3]
	at org.junit.platform.engine.support.hierarchical.ThrowableCollector.execute(ThrowableCollector.java:74) ~[junit-platform-engine-6.0.3.jar:6.0.3]
	at org.junit.platform.engine.support.hierarchical.NodeTestTask.prepare(NodeTestTask.java:144) ~[junit-platform-engine-6.0.3.jar:6.0.3]
	at org.junit.platform.engine.support.hierarchical.NodeTestTask.execute(NodeTestTask.java:110) ~[junit-platform-engine-6.0.3.jar:6.0.3]
	at java.base/java.util.ArrayList.forEach(ArrayList.java:1604) ~[?:?]
	at org.junit.platform.engine.support.hierarchical.SameThreadHierarchicalTestExecutorService.invokeAll(SameThreadHierarchicalTestExecutorService.java:42) ~[junit-platform-engine-6.0.3.jar:6.0.3]
	at org.junit.platform.engine.support.hierarchical.NodeTestTask.lambda$executeRecursively$2(NodeTestTask.java:180) ~[junit-platform-engine-6.0.3.jar:6.0.3]
	at org.junit.platform.engine.support.hierarchical.ThrowableCollector.execute(ThrowableCollector.java:74) ~[junit-platform-engine-6.0.3.jar:6.0.3]
	at org.junit.platform.engine.support.hierarchical.NodeTestTask.lambda$executeRecursively$1(NodeTestTask.java:166) ~[junit-platform-engine-6.0.3.jar:6.0.3]
	at org.junit.platform.engine.support.hierarchical.Node.around(Node.java:138) ~[junit-platform-engine-6.0.3.jar:6.0.3]
	at org.junit.platform.engine.support.hierarchical.NodeTestTask.lambda$executeRecursively$0(NodeTestTask.java:164) ~[junit-platform-engine-6.0.3.jar:6.0.3]
	at org.junit.platform.engine.support.hierarchical.ThrowableCollector.execute(ThrowableCollector.java:74) ~[junit-platform-engine-6.0.3.jar:6.0.3]
	at org.junit.platform.engine.support.hierarchical.NodeTestTask.executeRecursively(NodeTestTask.java:163) ~[junit-platform-engine-6.0.3.jar:6.0.3]
	at org.junit.platform.engine.support.hierarchical.NodeTestTask.execute(NodeTestTask.java:116) ~[junit-platform-engine-6.0.3.jar:6.0.3]
	at java.base/java.util.ArrayList.forEach(ArrayList.java:1604) ~[?:?]
	at org.junit.platform.engine.support.hierarchical.SameThreadHierarchicalTestExecutorService.invokeAll(SameThreadHierarchicalTestExecutorService.java:42) ~[junit-platform-engine-6.0.3.jar:6.0.3]
	at org.junit.platform.engine.support.hierarchical.NodeTestTask.lambda$executeRecursively$2(NodeTestTask.java:180) ~[junit-platform-engine-6.0.3.jar:6.0.3]
	at org.junit.platform.engine.support.hierarchical.ThrowableCollector.execute(ThrowableCollector.java:74) ~[junit-platform-engine-6.0.3.jar:6.0.3]
	at org.junit.platform.engine.support.hierarchical.NodeTestTask.lambda$executeRecursively$1(NodeTestTask.java:166) ~[junit-platform-engine-6.0.3.jar:6.0.3]
	at org.junit.platform.engine.support.hierarchical.Node.around(Node.java:138) ~[junit-platform-engine-6.0.3.jar:6.0.3]
	at org.junit.platform.engine.support.hierarchical.NodeTestTask.lambda$executeRecursively$0(NodeTestTask.java:164) ~[junit-platform-engine-6.0.3.jar:6.0.3]
	at org.junit.platform.engine.support.hierarchical.ThrowableCollector.execute(ThrowableCollector.java:74) ~[junit-platform-engine-6.0.3.jar:6.0.3]
	at org.junit.platform.engine.support.hierarchical.NodeTestTask.executeRecursively(NodeTestTask.java:163) ~[junit-platform-engine-6.0.3.jar:6.0.3]
	at org.junit.platform.engine.support.hierarchical.NodeTestTask.execute(NodeTestTask.java:116) ~[junit-platform-engine-6.0.3.jar:6.0.3]
	at org.junit.platform.engine.support.hierarchical.SameThreadHierarchicalTestExecutorService.submit(SameThreadHierarchicalTestExecutorService.java:36) ~[junit-platform-engine-6.0.3.jar:6.0.3]
	at org.junit.platform.engine.support.hierarchical.HierarchicalTestExecutor.execute(HierarchicalTestExecutor.java:52) ~[junit-platform-engine-6.0.3.jar:6.0.3]
	at org.junit.platform.engine.support.hierarchical.HierarchicalTestEngine.execute(HierarchicalTestEngine.java:58) ~[junit-platform-engine-6.0.3.jar:6.0.3]
	at org.junit.platform.launcher.core.EngineExecutionOrchestrator.executeEngine(EngineExecutionOrchestrator.java:246) ~[junit-platform-launcher-6.0.3.jar:6.0.3]
	at org.junit.platform.launcher.core.EngineExecutionOrchestrator.failOrExecuteEngine(EngineExecutionOrchestrator.java:218) ~[junit-platform-launcher-6.0.3.jar:6.0.3]
	at org.junit.platform.launcher.core.EngineExecutionOrchestrator.execute(EngineExecutionOrchestrator.java:179) ~[junit-platform-launcher-6.0.3.jar:6.0.3]
	at org.junit.platform.launcher.core.EngineExecutionOrchestrator.execute(EngineExecutionOrchestrator.java:108) ~[junit-platform-launcher-6.0.3.jar:6.0.3]
	at org.junit.platform.launcher.core.EngineExecutionOrchestrator.lambda$execute$0(EngineExecutionOrchestrator.java:66) ~[junit-platform-launcher-6.0.3.jar:6.0.3]
	at org.junit.platform.launcher.core.EngineExecutionOrchestrator.withInterceptedStreams(EngineExecutionOrchestrator.java:157) ~[junit-platform-launcher-6.0.3.jar:6.0.3]
	at org.junit.platform.launcher.core.EngineExecutionOrchestrator.execute(EngineExecutionOrchestrator.java:65) ~[junit-platform-launcher-6.0.3.jar:6.0.3]
	at org.junit.platform.launcher.core.DefaultLauncher.execute(DefaultLauncher.java:125) ~[junit-platform-launcher-6.0.3.jar:6.0.3]
	at org.junit.platform.launcher.core.DefaultLauncher.execute(DefaultLauncher.java:114) ~[junit-platform-launcher-6.0.3.jar:6.0.3]
	at org.junit.platform.launcher.core.DefaultLauncher.execute(DefaultLauncher.java:93) ~[junit-platform-launcher-6.0.3.jar:6.0.3]
	at org.junit.platform.launcher.core.DelegatingLauncher.execute(DelegatingLauncher.java:48) ~[junit-platform-launcher-6.0.3.jar:6.0.3]
	at org.junit.platform.launcher.core.InterceptingLauncher.lambda$execute$0(InterceptingLauncher.java:41) ~[junit-platform-launcher-6.0.3.jar:6.0.3]
	at org.junit.platform.launcher.core.ClasspathAlignmentCheckingLauncherInterceptor.intercept(ClasspathAlignmentCheckingLauncherInterceptor.java:25) ~[junit-platform-launcher-6.0.3.jar:6.0.3]
	at org.junit.platform.launcher.core.InterceptingLauncher.execute(InterceptingLauncher.java:40) ~[junit-platform-launcher-6.0.3.jar:6.0.3]
	at org.junit.platform.launcher.core.DelegatingLauncher.execute(DelegatingLauncher.java:48) ~[junit-platform-launcher-6.0.3.jar:6.0.3]
	at org.junit.platform.launcher.core.SessionPerRequestLauncher.execute(SessionPerRequestLauncher.java:67) ~[junit-platform-launcher-6.0.3.jar:6.0.3]
	at com.intellij.junit6.JUnit6IdeaTestRunner.startRunnerWithArgs(JUnit6IdeaTestRunner.java:67) ~[junit6-rt.jar:?]
	at com.intellij.rt.junit.IdeaTestRunner$Repeater$1.execute(IdeaTestRunner.java:38) ~[junit-rt.jar:?]
	at com.intellij.rt.execution.junit.TestsRepeater.repeat(TestsRepeater.java:11) ~[idea_rt.jar:?]
	at com.intellij.rt.junit.IdeaTestRunner$Repeater.startRunnerWithArgs(IdeaTestRunner.java:35) ~[junit-rt.jar:?]
	at com.intellij.rt.junit.JUnitStarter.prepareStreamsAndStart(JUnitStarter.java:237) [junit-rt.jar:?]
	at com.intellij.rt.junit.JUnitStarter.main(JUnitStarter.java:58) [junit-rt.jar:?]

2026-03-02 14:34:43.081  WARN o.s.t.c.TestContextManager               : Caught exception while allowing TestExecutionListener [org.springframework.test.context.support.DependencyInjectionTestExecutionListener] to prepare test instance [com.rev.app.repository.IUserRepositoryTest@a56277b]

java.lang.IllegalStateException: ApplicationContext failure threshold (1) exceeded: skipping repeated attempt to load context for [MergedContextConfiguration@7dc175c6 testClass = com.rev.app.repository.IUserRepositoryTest, locations = [], classes = [com.rev.app.Revpay1Application], contextInitializerClasses = [], activeProfiles = [], propertySourceDescriptors = [], propertySourceProperties = ["org.springframework.boot.data.jpa.test.autoconfigure.DataJpaTestContextBootstrapper=true"], contextCustomizers = [[ImportsContextCustomizer@1ddf5237 key = [org.springframework.boot.hibernate.autoconfigure.HibernateJpaAutoConfiguration, org.springframework.boot.jpa.test.autoconfigure.TestEntityManagerAutoConfiguration, org.springframework.boot.transaction.autoconfigure.TransactionAutoConfiguration, org.springframework.boot.jdbc.autoconfigure.DataSourceTransactionManagerAutoConfiguration, org.springframework.boot.jdbc.autoconfigure.JdbcTemplateAutoConfiguration, org.springframework.boot.data.jpa.autoconfigure.DataJpaRepositoriesAutoConfiguration, org.springframework.boot.jdbc.autoconfigure.DataSourceInitializationAutoConfiguration, org.springframework.boot.jdbc.autoconfigure.JdbcClientAutoConfiguration, org.springframework.boot.jdbc.test.autoconfigure.TestDatabaseAutoConfiguration, org.springframework.boot.jdbc.autoconfigure.DataSourceAutoConfiguration]], org.springframework.boot.test.context.PropertyMappingContextCustomizer@3441a5e8, org.springframework.boot.test.context.filter.ExcludeFilterContextCustomizer@6088451e, org.springframework.boot.test.context.filter.annotation.TypeExcludeFiltersContextCustomizer@34be3d80, org.springframework.boot.test.json.DuplicateJsonObjectContextCustomizerFactory$DuplicateJsonObjectContextCustomizer@e784320, org.springframework.boot.test.autoconfigure.OnFailureConditionReportContextCustomizerFactory$OnFailureConditionReportContextCustomizer@4bdf, org.springframework.boot.test.autoconfigure.OverrideAutoConfigurationContextCustomizerFactory$DisableAutoConfigurationContextCustomizer@5f05c8d6, org.springframework.test.context.support.DynamicPropertiesContextCustomizer@0, org.springframework.boot.webmvc.test.autoconfigure.WebDriverContextCustomizer@36d33f4, org.springframework.boot.web.server.context.SpringBootTestRandomPortContextCustomizer@550e9be6, org.springframework.boot.test.context.SpringBootTestAnnotation@1e6f85d2], contextLoader = org.springframework.boot.test.context.SpringBootContextLoader, parent = null]
	at org.springframework.test.context.cache.DefaultCacheAwareContextLoaderDelegate.loadContext(DefaultCacheAwareContextLoaderDelegate.java:157) ~[spring-test-7.0.5.jar:7.0.5]
	at org.springframework.test.context.support.DefaultTestContext.getApplicationContext(DefaultTestContext.java:128) ~[spring-test-7.0.5.jar:7.0.5]
	at org.springframework.test.context.support.DependencyInjectionTestExecutionListener.injectDependencies(DependencyInjectionTestExecutionListener.java:155) ~[spring-test-7.0.5.jar:7.0.5]
	at org.springframework.test.context.support.DependencyInjectionTestExecutionListener.prepareTestInstance(DependencyInjectionTestExecutionListener.java:111) ~[spring-test-7.0.5.jar:7.0.5]
	at org.springframework.test.context.TestContextManager.prepareTestInstance(TestContextManager.java:260) ~[spring-test-7.0.5.jar:7.0.5]
	at org.springframework.test.context.junit.jupiter.SpringExtension.postProcessTestInstance(SpringExtension.java:210) ~[spring-test-7.0.5.jar:7.0.5]
	at org.junit.jupiter.engine.descriptor.ClassBasedTestDescriptor.lambda$invokeTestInstancePostProcessors$1(ClassBasedTestDescriptor.java:423) ~[junit-jupiter-engine-6.0.3.jar:6.0.3]
	at org.junit.jupiter.engine.descriptor.ClassBasedTestDescriptor.executeAndMaskThrowable(ClassBasedTestDescriptor.java:428) ~[junit-jupiter-engine-6.0.3.jar:6.0.3]
	at org.junit.jupiter.engine.descriptor.ClassBasedTestDescriptor.lambda$invokeTestInstancePostProcessors$0(ClassBasedTestDescriptor.java:422) ~[junit-jupiter-engine-6.0.3.jar:6.0.3]
	at java.base/java.util.stream.ForEachOps$ForEachOp$OfRef.accept(ForEachOps.java:186) ~[?:?]
	at java.base/java.util.stream.ReferencePipeline$3$1.accept(ReferencePipeline.java:214) ~[?:?]
	at java.base/java.util.stream.ReferencePipeline$2$1.accept(ReferencePipeline.java:197) ~[?:?]
	at java.base/java.util.stream.ReferencePipeline$3$1.accept(ReferencePipeline.java:214) ~[?:?]
	at java.base/java.util.ArrayList$ArrayListSpliterator.forEachRemaining(ArrayList.java:1716) ~[?:?]
	at java.base/java.util.stream.AbstractPipeline.copyInto(AbstractPipeline.java:570) ~[?:?]
	at java.base/java.util.stream.AbstractPipeline.wrapAndCopyInto(AbstractPipeline.java:560) ~[?:?]
	at java.base/java.util.stream.ForEachOps$ForEachOp.evaluateSequential(ForEachOps.java:153) ~[?:?]
	at java.base/java.util.stream.ForEachOps$ForEachOp$OfRef.evaluateSequential(ForEachOps.java:176) ~[?:?]
	at java.base/java.util.stream.AbstractPipeline.evaluate(AbstractPipeline.java:265) ~[?:?]
	at java.base/java.util.stream.ReferencePipeline.forEach(ReferencePipeline.java:632) ~[?:?]
	at org.junit.jupiter.engine.descriptor.ClassBasedTestDescriptor.invokeTestInstancePostProcessors(ClassBasedTestDescriptor.java:422) ~[junit-jupiter-engine-6.0.3.jar:6.0.3]
	at org.junit.jupiter.engine.descriptor.ClassBasedTestDescriptor.lambda$instantiateAndPostProcessTestInstance$0(ClassBasedTestDescriptor.java:334) ~[junit-jupiter-engine-6.0.3.jar:6.0.3]
	at org.junit.platform.engine.support.hierarchical.ThrowableCollector.execute(ThrowableCollector.java:74) ~[junit-platform-engine-6.0.3.jar:6.0.3]
	at org.junit.jupiter.engine.descriptor.ClassBasedTestDescriptor.instantiateAndPostProcessTestInstance(ClassBasedTestDescriptor.java:333) ~[junit-jupiter-engine-6.0.3.jar:6.0.3]
	at org.junit.jupiter.engine.descriptor.ClassBasedTestDescriptor.lambda$testInstancesProvider$1(ClassBasedTestDescriptor.java:322) ~[junit-jupiter-engine-6.0.3.jar:6.0.3]
	at java.base/java.util.Optional.orElseGet(Optional.java:364) ~[?:?]
	at org.junit.jupiter.engine.descriptor.ClassBasedTestDescriptor.lambda$testInstancesProvider$0(ClassBasedTestDescriptor.java:321) ~[junit-jupiter-engine-6.0.3.jar:6.0.3]
	at org.junit.jupiter.engine.execution.TestInstancesProvider.getTestInstances(TestInstancesProvider.java:27) ~[junit-jupiter-engine-6.0.3.jar:6.0.3]
	at org.junit.jupiter.engine.descriptor.TestMethodTestDescriptor.lambda$prepare$0(TestMethodTestDescriptor.java:127) ~[junit-jupiter-engine-6.0.3.jar:6.0.3]
	at org.junit.platform.engine.support.hierarchical.ThrowableCollector.execute(ThrowableCollector.java:74) ~[junit-platform-engine-6.0.3.jar:6.0.3]
	at org.junit.jupiter.engine.descriptor.TestMethodTestDescriptor.prepare(TestMethodTestDescriptor.java:126) ~[junit-jupiter-engine-6.0.3.jar:6.0.3]
	at org.junit.jupiter.engine.descriptor.TestMethodTestDescriptor.prepare(TestMethodTestDescriptor.java:70) ~[junit-jupiter-engine-6.0.3.jar:6.0.3]
	at org.junit.platform.engine.support.hierarchical.NodeTestTask.lambda$prepare$0(NodeTestTask.java:144) ~[junit-platform-engine-6.0.3.jar:6.0.3]
	at org.junit.platform.engine.support.hierarchical.ThrowableCollector.execute(ThrowableCollector.java:74) ~[junit-platform-engine-6.0.3.jar:6.0.3]
	at org.junit.platform.engine.support.hierarchical.NodeTestTask.prepare(NodeTestTask.java:144) ~[junit-platform-engine-6.0.3.jar:6.0.3]
	at org.junit.platform.engine.support.hierarchical.NodeTestTask.execute(NodeTestTask.java:110) ~[junit-platform-engine-6.0.3.jar:6.0.3]
	at java.base/java.util.ArrayList.forEach(ArrayList.java:1604) ~[?:?]
	at org.junit.platform.engine.support.hierarchical.SameThreadHierarchicalTestExecutorService.invokeAll(SameThreadHierarchicalTestExecutorService.java:42) ~[junit-platform-engine-6.0.3.jar:6.0.3]
	at org.junit.platform.engine.support.hierarchical.NodeTestTask.lambda$executeRecursively$2(NodeTestTask.java:180) ~[junit-platform-engine-6.0.3.jar:6.0.3]
	at org.junit.platform.engine.support.hierarchical.ThrowableCollector.execute(ThrowableCollector.java:74) ~[junit-platform-engine-6.0.3.jar:6.0.3]
	at org.junit.platform.engine.support.hierarchical.NodeTestTask.lambda$executeRecursively$1(NodeTestTask.java:166) ~[junit-platform-engine-6.0.3.jar:6.0.3]
	at org.junit.platform.engine.support.hierarchical.Node.around(Node.java:138) ~[junit-platform-engine-6.0.3.jar:6.0.3]
	at org.junit.platform.engine.support.hierarchical.NodeTestTask.lambda$executeRecursively$0(NodeTestTask.java:164) ~[junit-platform-engine-6.0.3.jar:6.0.3]
	at org.junit.platform.engine.support.hierarchical.ThrowableCollector.execute(ThrowableCollector.java:74) ~[junit-platform-engine-6.0.3.jar:6.0.3]
	at org.junit.platform.engine.support.hierarchical.NodeTestTask.executeRecursively(NodeTestTask.java:163) ~[junit-platform-engine-6.0.3.jar:6.0.3]
	at org.junit.platform.engine.support.hierarchical.NodeTestTask.execute(NodeTestTask.java:116) ~[junit-platform-engine-6.0.3.jar:6.0.3]
	at java.base/java.util.ArrayList.forEach(ArrayList.java:1604) ~[?:?]
	at org.junit.platform.engine.support.hierarchical.SameThreadHierarchicalTestExecutorService.invokeAll(SameThreadHierarchicalTestExecutorService.java:42) ~[junit-platform-engine-6.0.3.jar:6.0.3]
	at org.junit.platform.engine.support.hierarchical.NodeTestTask.lambda$executeRecursively$2(NodeTestTask.java:180) ~[junit-platform-engine-6.0.3.jar:6.0.3]
	at org.junit.platform.engine.support.hierarchical.ThrowableCollector.execute(ThrowableCollector.java:74) ~[junit-platform-engine-6.0.3.jar:6.0.3]
	at org.junit.platform.engine.support.hierarchical.NodeTestTask.lambda$executeRecursively$1(NodeTestTask.java:166) ~[junit-platform-engine-6.0.3.jar:6.0.3]
	at org.junit.platform.engine.support.hierarchical.Node.around(Node.java:138) ~[junit-platform-engine-6.0.3.jar:6.0.3]
	at org.junit.platform.engine.support.hierarchical.NodeTestTask.lambda$executeRecursively$0(NodeTestTask.java:164) ~[junit-platform-engine-6.0.3.jar:6.0.3]
	at org.junit.platform.engine.support.hierarchical.ThrowableCollector.execute(ThrowableCollector.java:74) ~[junit-platform-engine-6.0.3.jar:6.0.3]
	at org.junit.platform.engine.support.hierarchical.NodeTestTask.executeRecursively(NodeTestTask.java:163) ~[junit-platform-engine-6.0.3.jar:6.0.3]
	at org.junit.platform.engine.support.hierarchical.NodeTestTask.execute(NodeTestTask.java:116) ~[junit-platform-engine-6.0.3.jar:6.0.3]
	at org.junit.platform.engine.support.hierarchical.SameThreadHierarchicalTestExecutorService.submit(SameThreadHierarchicalTestExecutorService.java:36) ~[junit-platform-engine-6.0.3.jar:6.0.3]
	at org.junit.platform.engine.support.hierarchical.HierarchicalTestExecutor.execute(HierarchicalTestExecutor.java:52) ~[junit-platform-engine-6.0.3.jar:6.0.3]
	at org.junit.platform.engine.support.hierarchical.HierarchicalTestEngine.execute(HierarchicalTestEngine.java:58) ~[junit-platform-engine-6.0.3.jar:6.0.3]
	at org.junit.platform.launcher.core.EngineExecutionOrchestrator.executeEngine(EngineExecutionOrchestrator.java:246) ~[junit-platform-launcher-6.0.3.jar:6.0.3]
	at org.junit.platform.launcher.core.EngineExecutionOrchestrator.failOrExecuteEngine(EngineExecutionOrchestrator.java:218) ~[junit-platform-launcher-6.0.3.jar:6.0.3]
	at org.junit.platform.launcher.core.EngineExecutionOrchestrator.execute(EngineExecutionOrchestrator.java:179) ~[junit-platform-launcher-6.0.3.jar:6.0.3]
	at org.junit.platform.launcher.core.EngineExecutionOrchestrator.execute(EngineExecutionOrchestrator.java:108) ~[junit-platform-launcher-6.0.3.jar:6.0.3]
	at org.junit.platform.launcher.core.EngineExecutionOrchestrator.lambda$execute$0(EngineExecutionOrchestrator.java:66) ~[junit-platform-launcher-6.0.3.jar:6.0.3]
	at org.junit.platform.launcher.core.EngineExecutionOrchestrator.withInterceptedStreams(EngineExecutionOrchestrator.java:157) ~[junit-platform-launcher-6.0.3.jar:6.0.3]
	at org.junit.platform.launcher.core.EngineExecutionOrchestrator.execute(EngineExecutionOrchestrator.java:65) ~[junit-platform-launcher-6.0.3.jar:6.0.3]
	at org.junit.platform.launcher.core.DefaultLauncher.execute(DefaultLauncher.java:125) ~[junit-platform-launcher-6.0.3.jar:6.0.3]
	at org.junit.platform.launcher.core.DefaultLauncher.execute(DefaultLauncher.java:114) ~[junit-platform-launcher-6.0.3.jar:6.0.3]
	at org.junit.platform.launcher.core.DefaultLauncher.execute(DefaultLauncher.java:93) ~[junit-platform-launcher-6.0.3.jar:6.0.3]
	at org.junit.platform.launcher.core.DelegatingLauncher.execute(DelegatingLauncher.java:48) ~[junit-platform-launcher-6.0.3.jar:6.0.3]
	at org.junit.platform.launcher.core.InterceptingLauncher.lambda$execute$0(InterceptingLauncher.java:41) ~[junit-platform-launcher-6.0.3.jar:6.0.3]
	at org.junit.platform.launcher.core.ClasspathAlignmentCheckingLauncherInterceptor.intercept(ClasspathAlignmentCheckingLauncherInterceptor.java:25) ~[junit-platform-launcher-6.0.3.jar:6.0.3]
	at org.junit.platform.launcher.core.InterceptingLauncher.execute(InterceptingLauncher.java:40) ~[junit-platform-launcher-6.0.3.jar:6.0.3]
	at org.junit.platform.launcher.core.DelegatingLauncher.execute(DelegatingLauncher.java:48) ~[junit-platform-launcher-6.0.3.jar:6.0.3]
	at org.junit.platform.launcher.core.SessionPerRequestLauncher.execute(SessionPerRequestLauncher.java:67) ~[junit-platform-launcher-6.0.3.jar:6.0.3]
	at com.intellij.junit6.JUnit6IdeaTestRunner.startRunnerWithArgs(JUnit6IdeaTestRunner.java:67) ~[junit6-rt.jar:?]
	at com.intellij.rt.junit.IdeaTestRunner$Repeater$1.execute(IdeaTestRunner.java:38) ~[junit-rt.jar:?]
	at com.intellij.rt.execution.junit.TestsRepeater.repeat(TestsRepeater.java:11) ~[idea_rt.jar:?]
	at com.intellij.rt.junit.IdeaTestRunner$Repeater.startRunnerWithArgs(IdeaTestRunner.java:35) ~[junit-rt.jar:?]
	at com.intellij.rt.junit.JUnitStarter.prepareStreamsAndStart(JUnitStarter.java:237) [junit-rt.jar:?]
	at com.intellij.rt.junit.JUnitStarter.main(JUnitStarter.java:58) [junit-rt.jar:?]

2026-03-02 14:34:43.283  WARN o.s.t.c.TestContextManager               : Caught exception while allowing TestExecutionListener [org.springframework.test.context.support.DependencyInjectionTestExecutionListener] to prepare test instance [com.rev.app.repository.IUserRepositoryTest@37cc103c]

java.lang.IllegalStateException: ApplicationContext failure threshold (1) exceeded: skipping repeated attempt to load context for [MergedContextConfiguration@7dc175c6 testClass = com.rev.app.repository.IUserRepositoryTest, locations = [], classes = [com.rev.app.Revpay1Application], contextInitializerClasses = [], activeProfiles = [], propertySourceDescriptors = [], propertySourceProperties = ["org.springframework.boot.data.jpa.test.autoconfigure.DataJpaTestContextBootstrapper=true"], contextCustomizers = [[ImportsContextCustomizer@1ddf5237 key = [org.springframework.boot.hibernate.autoconfigure.HibernateJpaAutoConfiguration, org.springframework.boot.jpa.test.autoconfigure.TestEntityManagerAutoConfiguration, org.springframework.boot.transaction.autoconfigure.TransactionAutoConfiguration, org.springframework.boot.jdbc.autoconfigure.DataSourceTransactionManagerAutoConfiguration, org.springframework.boot.jdbc.autoconfigure.JdbcTemplateAutoConfiguration, org.springframework.boot.data.jpa.autoconfigure.DataJpaRepositoriesAutoConfiguration, org.springframework.boot.jdbc.autoconfigure.DataSourceInitializationAutoConfiguration, org.springframework.boot.jdbc.autoconfigure.JdbcClientAutoConfiguration, org.springframework.boot.jdbc.test.autoconfigure.TestDatabaseAutoConfiguration, org.springframework.boot.jdbc.autoconfigure.DataSourceAutoConfiguration]], org.springframework.boot.test.context.PropertyMappingContextCustomizer@3441a5e8, org.springframework.boot.test.context.filter.ExcludeFilterContextCustomizer@6088451e, org.springframework.boot.test.context.filter.annotation.TypeExcludeFiltersContextCustomizer@34be3d80, org.springframework.boot.test.json.DuplicateJsonObjectContextCustomizerFactory$DuplicateJsonObjectContextCustomizer@e784320, org.springframework.boot.test.autoconfigure.OnFailureConditionReportContextCustomizerFactory$OnFailureConditionReportContextCustomizer@4bdf, org.springframework.boot.test.autoconfigure.OverrideAutoConfigurationContextCustomizerFactory$DisableAutoConfigurationContextCustomizer@5f05c8d6, org.springframework.test.context.support.DynamicPropertiesContextCustomizer@0, org.springframework.boot.webmvc.test.autoconfigure.WebDriverContextCustomizer@36d33f4, org.springframework.boot.web.server.context.SpringBootTestRandomPortContextCustomizer@550e9be6, org.springframework.boot.test.context.SpringBootTestAnnotation@1e6f85d2], contextLoader = org.springframework.boot.test.context.SpringBootContextLoader, parent = null]
	at org.springframework.test.context.cache.DefaultCacheAwareContextLoaderDelegate.loadContext(DefaultCacheAwareContextLoaderDelegate.java:157) ~[spring-test-7.0.5.jar:7.0.5]
	at org.springframework.test.context.support.DefaultTestContext.getApplicationContext(DefaultTestContext.java:128) ~[spring-test-7.0.5.jar:7.0.5]
	at org.springframework.test.context.support.DependencyInjectionTestExecutionListener.injectDependencies(DependencyInjectionTestExecutionListener.java:155) ~[spring-test-7.0.5.jar:7.0.5]
	at org.springframework.test.context.support.DependencyInjectionTestExecutionListener.prepareTestInstance(DependencyInjectionTestExecutionListener.java:111) ~[spring-test-7.0.5.jar:7.0.5]
	at org.springframework.test.context.TestContextManager.prepareTestInstance(TestContextManager.java:260) ~[spring-test-7.0.5.jar:7.0.5]
	at org.springframework.test.context.junit.jupiter.SpringExtension.postProcessTestInstance(SpringExtension.java:210) ~[spring-test-7.0.5.jar:7.0.5]
	at org.junit.jupiter.engine.descriptor.ClassBasedTestDescriptor.lambda$invokeTestInstancePostProcessors$1(ClassBasedTestDescriptor.java:423) ~[junit-jupiter-engine-6.0.3.jar:6.0.3]
	at org.junit.jupiter.engine.descriptor.ClassBasedTestDescriptor.executeAndMaskThrowable(ClassBasedTestDescriptor.java:428) ~[junit-jupiter-engine-6.0.3.jar:6.0.3]
	at org.junit.jupiter.engine.descriptor.ClassBasedTestDescriptor.lambda$invokeTestInstancePostProcessors$0(ClassBasedTestDescriptor.java:422) ~[junit-jupiter-engine-6.0.3.jar:6.0.3]
	at java.base/java.util.stream.ForEachOps$ForEachOp$OfRef.accept(ForEachOps.java:186) ~[?:?]
	at java.base/java.util.stream.ReferencePipeline$3$1.accept(ReferencePipeline.java:214) ~[?:?]
	at java.base/java.util.stream.ReferencePipeline$2$1.accept(ReferencePipeline.java:197) ~[?:?]
	at java.base/java.util.stream.ReferencePipeline$3$1.accept(ReferencePipeline.java:214) ~[?:?]
	at java.base/java.util.ArrayList$ArrayListSpliterator.forEachRemaining(ArrayList.java:1716) ~[?:?]
	at java.base/java.util.stream.AbstractPipeline.copyInto(AbstractPipeline.java:570) ~[?:?]
	at java.base/java.util.stream.AbstractPipeline.wrapAndCopyInto(AbstractPipeline.java:560) ~[?:?]
	at java.base/java.util.stream.ForEachOps$ForEachOp.evaluateSequential(ForEachOps.java:153) ~[?:?]
	at java.base/java.util.stream.ForEachOps$ForEachOp$OfRef.evaluateSequential(ForEachOps.java:176) ~[?:?]
	at java.base/java.util.stream.AbstractPipeline.evaluate(AbstractPipeline.java:265) ~[?:?]
	at java.base/java.util.stream.ReferencePipeline.forEach(ReferencePipeline.java:632) ~[?:?]
	at org.junit.jupiter.engine.descriptor.ClassBasedTestDescriptor.invokeTestInstancePostProcessors(ClassBasedTestDescriptor.java:422) ~[junit-jupiter-engine-6.0.3.jar:6.0.3]
	at org.junit.jupiter.engine.descriptor.ClassBasedTestDescriptor.lambda$instantiateAndPostProcessTestInstance$0(ClassBasedTestDescriptor.java:334) ~[junit-jupiter-engine-6.0.3.jar:6.0.3]
	at org.junit.platform.engine.support.hierarchical.ThrowableCollector.execute(ThrowableCollector.java:74) ~[junit-platform-engine-6.0.3.jar:6.0.3]
	at org.junit.jupiter.engine.descriptor.ClassBasedTestDescriptor.instantiateAndPostProcessTestInstance(ClassBasedTestDescriptor.java:333) ~[junit-jupiter-engine-6.0.3.jar:6.0.3]
	at org.junit.jupiter.engine.descriptor.ClassBasedTestDescriptor.lambda$testInstancesProvider$1(ClassBasedTestDescriptor.java:322) ~[junit-jupiter-engine-6.0.3.jar:6.0.3]
	at java.base/java.util.Optional.orElseGet(Optional.java:364) ~[?:?]
	at org.junit.jupiter.engine.descriptor.ClassBasedTestDescriptor.lambda$testInstancesProvider$0(ClassBasedTestDescriptor.java:321) ~[junit-jupiter-engine-6.0.3.jar:6.0.3]
	at org.junit.jupiter.engine.execution.TestInstancesProvider.getTestInstances(TestInstancesProvider.java:27) ~[junit-jupiter-engine-6.0.3.jar:6.0.3]
	at org.junit.jupiter.engine.descriptor.TestMethodTestDescriptor.lambda$prepare$0(TestMethodTestDescriptor.java:127) ~[junit-jupiter-engine-6.0.3.jar:6.0.3]
	at org.junit.platform.engine.support.hierarchical.ThrowableCollector.execute(ThrowableCollector.java:74) ~[junit-platform-engine-6.0.3.jar:6.0.3]
	at org.junit.jupiter.engine.descriptor.TestMethodTestDescriptor.prepare(TestMethodTestDescriptor.java:126) ~[junit-jupiter-engine-6.0.3.jar:6.0.3]
	at org.junit.jupiter.engine.descriptor.TestMethodTestDescriptor.prepare(TestMethodTestDescriptor.java:70) ~[junit-jupiter-engine-6.0.3.jar:6.0.3]
	at org.junit.platform.engine.support.hierarchical.NodeTestTask.lambda$prepare$0(NodeTestTask.java:144) ~[junit-platform-engine-6.0.3.jar:6.0.3]
	at org.junit.platform.engine.support.hierarchical.ThrowableCollector.execute(ThrowableCollector.java:74) ~[junit-platform-engine-6.0.3.jar:6.0.3]
	at org.junit.platform.engine.support.hierarchical.NodeTestTask.prepare(NodeTestTask.java:144) ~[junit-platform-engine-6.0.3.jar:6.0.3]
	at org.junit.platform.engine.support.hierarchical.NodeTestTask.execute(NodeTestTask.java:110) ~[junit-platform-engine-6.0.3.jar:6.0.3]
	at java.base/java.util.ArrayList.forEach(ArrayList.java:1604) ~[?:?]
	at org.junit.platform.engine.support.hierarchical.SameThreadHierarchicalTestExecutorService.invokeAll(SameThreadHierarchicalTestExecutorService.java:42) ~[junit-platform-engine-6.0.3.jar:6.0.3]
	at org.junit.platform.engine.support.hierarchical.NodeTestTask.lambda$executeRecursively$2(NodeTestTask.java:180) ~[junit-platform-engine-6.0.3.jar:6.0.3]
	at org.junit.platform.engine.support.hierarchical.ThrowableCollector.execute(ThrowableCollector.java:74) ~[junit-platform-engine-6.0.3.jar:6.0.3]
	at org.junit.platform.engine.support.hierarchical.NodeTestTask.lambda$executeRecursively$1(NodeTestTask.java:166) ~[junit-platform-engine-6.0.3.jar:6.0.3]
	at org.junit.platform.engine.support.hierarchical.Node.around(Node.java:138) ~[junit-platform-engine-6.0.3.jar:6.0.3]
	at org.junit.platform.engine.support.hierarchical.NodeTestTask.lambda$executeRecursively$0(NodeTestTask.java:164) ~[junit-platform-engine-6.0.3.jar:6.0.3]
	at org.junit.platform.engine.support.hierarchical.ThrowableCollector.execute(ThrowableCollector.java:74) ~[junit-platform-engine-6.0.3.jar:6.0.3]
	at org.junit.platform.engine.support.hierarchical.NodeTestTask.executeRecursively(NodeTestTask.java:163) ~[junit-platform-engine-6.0.3.jar:6.0.3]
	at org.junit.platform.engine.support.hierarchical.NodeTestTask.execute(NodeTestTask.java:116) ~[junit-platform-engine-6.0.3.jar:6.0.3]
	at java.base/java.util.ArrayList.forEach(ArrayList.java:1604) ~[?:?]
	at org.junit.platform.engine.support.hierarchical.SameThreadHierarchicalTestExecutorService.invokeAll(SameThreadHierarchicalTestExecutorService.java:42) ~[junit-platform-engine-6.0.3.jar:6.0.3]
	at org.junit.platform.engine.support.hierarchical.NodeTestTask.lambda$executeRecursively$2(NodeTestTask.java:180) ~[junit-platform-engine-6.0.3.jar:6.0.3]
	at org.junit.platform.engine.support.hierarchical.ThrowableCollector.execute(ThrowableCollector.java:74) ~[junit-platform-engine-6.0.3.jar:6.0.3]
	at org.junit.platform.engine.support.hierarchical.NodeTestTask.lambda$executeRecursively$1(NodeTestTask.java:166) ~[junit-platform-engine-6.0.3.jar:6.0.3]
	at org.junit.platform.engine.support.hierarchical.Node.around(Node.java:138) ~[junit-platform-engine-6.0.3.jar:6.0.3]
	at org.junit.platform.engine.support.hierarchical.NodeTestTask.lambda$executeRecursively$0(NodeTestTask.java:164) ~[junit-platform-engine-6.0.3.jar:6.0.3]
	at org.junit.platform.engine.support.hierarchical.ThrowableCollector.execute(ThrowableCollector.java:74) ~[junit-platform-engine-6.0.3.jar:6.0.3]
	at org.junit.platform.engine.support.hierarchical.NodeTestTask.executeRecursively(NodeTestTask.java:163) ~[junit-platform-engine-6.0.3.jar:6.0.3]
	at org.junit.platform.engine.support.hierarchical.NodeTestTask.execute(NodeTestTask.java:116) ~[junit-platform-engine-6.0.3.jar:6.0.3]
	at org.junit.platform.engine.support.hierarchical.SameThreadHierarchicalTestExecutorService.submit(SameThreadHierarchicalTestExecutorService.java:36) ~[junit-platform-engine-6.0.3.jar:6.0.3]
	at org.junit.platform.engine.support.hierarchical.HierarchicalTestExecutor.execute(HierarchicalTestExecutor.java:52) ~[junit-platform-engine-6.0.3.jar:6.0.3]
	at org.junit.platform.engine.support.hierarchical.HierarchicalTestEngine.execute(HierarchicalTestEngine.java:58) ~[junit-platform-engine-6.0.3.jar:6.0.3]
	at org.junit.platform.launcher.core.EngineExecutionOrchestrator.executeEngine(EngineExecutionOrchestrator.java:246) ~[junit-platform-launcher-6.0.3.jar:6.0.3]
	at org.junit.platform.launcher.core.EngineExecutionOrchestrator.failOrExecuteEngine(EngineExecutionOrchestrator.java:218) ~[junit-platform-launcher-6.0.3.jar:6.0.3]
	at org.junit.platform.launcher.core.EngineExecutionOrchestrator.execute(EngineExecutionOrchestrator.java:179) ~[junit-platform-launcher-6.0.3.jar:6.0.3]
	at org.junit.platform.launcher.core.EngineExecutionOrchestrator.execute(EngineExecutionOrchestrator.java:108) ~[junit-platform-launcher-6.0.3.jar:6.0.3]
	at org.junit.platform.launcher.core.EngineExecutionOrchestrator.lambda$execute$0(EngineExecutionOrchestrator.java:66) ~[junit-platform-launcher-6.0.3.jar:6.0.3]
	at org.junit.platform.launcher.core.EngineExecutionOrchestrator.withInterceptedStreams(EngineExecutionOrchestrator.java:157) ~[junit-platform-launcher-6.0.3.jar:6.0.3]
	at org.junit.platform.launcher.core.EngineExecutionOrchestrator.execute(EngineExecutionOrchestrator.java:65) ~[junit-platform-launcher-6.0.3.jar:6.0.3]
	at org.junit.platform.launcher.core.DefaultLauncher.execute(DefaultLauncher.java:125) ~[junit-platform-launcher-6.0.3.jar:6.0.3]
	at org.junit.platform.launcher.core.DefaultLauncher.execute(DefaultLauncher.java:114) ~[junit-platform-launcher-6.0.3.jar:6.0.3]
	at org.junit.platform.launcher.core.DefaultLauncher.execute(DefaultLauncher.java:93) ~[junit-platform-launcher-6.0.3.jar:6.0.3]
	at org.junit.platform.launcher.core.DelegatingLauncher.execute(DelegatingLauncher.java:48) ~[junit-platform-launcher-6.0.3.jar:6.0.3]
	at org.junit.platform.launcher.core.InterceptingLauncher.lambda$execute$0(InterceptingLauncher.java:41) ~[junit-platform-launcher-6.0.3.jar:6.0.3]
	at org.junit.platform.launcher.core.ClasspathAlignmentCheckingLauncherInterceptor.intercept(ClasspathAlignmentCheckingLauncherInterceptor.java:25) ~[junit-platform-launcher-6.0.3.jar:6.0.3]
	at org.junit.platform.launcher.core.InterceptingLauncher.execute(InterceptingLauncher.java:40) ~[junit-platform-launcher-6.0.3.jar:6.0.3]
	at org.junit.platform.launcher.core.DelegatingLauncher.execute(DelegatingLauncher.java:48) ~[junit-platform-launcher-6.0.3.jar:6.0.3]
	at org.junit.platform.launcher.core.SessionPerRequestLauncher.execute(SessionPerRequestLauncher.java:67) ~[junit-platform-launcher-6.0.3.jar:6.0.3]
	at com.intellij.junit6.JUnit6IdeaTestRunner.startRunnerWithArgs(JUnit6IdeaTestRunner.java:67) ~[junit6-rt.jar:?]
	at com.intellij.rt.junit.IdeaTestRunner$Repeater$1.execute(IdeaTestRunner.java:38) ~[junit-rt.jar:?]
	at com.intellij.rt.execution.junit.TestsRepeater.repeat(TestsRepeater.java:11) ~[idea_rt.jar:?]
	at com.intellij.rt.junit.IdeaTestRunner$Repeater.startRunnerWithArgs(IdeaTestRunner.java:35) ~[junit-rt.jar:?]
	at com.intellij.rt.junit.JUnitStarter.prepareStreamsAndStart(JUnitStarter.java:237) [junit-rt.jar:?]
	at com.intellij.rt.junit.JUnitStarter.main(JUnitStarter.java:58) [junit-rt.jar:?]

2026-03-02 14:34:45.010  INFO t.c.s.AnnotationConfigContextLoaderUtils : Could not detect default configuration classes for test class [com.rev.app.repository.INotificationRepositoryTest]: INotificationRepositoryTest does not declare any static, non-private, non-final, nested classes annotated with @Configuration.
2026-03-02 14:34:45.178  INFO .b.t.c.SpringBootTestContextBootstrapper : Found @SpringBootConfiguration com.rev.app.Revpay1Application for test class com.rev.app.repository.INotificationRepositoryTest
2026-03-02 14:34:45.187  WARN o.s.t.c.TestContextManager               : Caught exception while allowing TestExecutionListener [org.springframework.test.context.support.DependencyInjectionTestExecutionListener] to prepare test instance [com.rev.app.repository.INotificationRepositoryTest@236ec69]

java.lang.IllegalStateException: ApplicationContext failure threshold (1) exceeded: skipping repeated attempt to load context for [MergedContextConfiguration@67fe15be testClass = com.rev.app.repository.INotificationRepositoryTest, locations = [], classes = [com.rev.app.Revpay1Application], contextInitializerClasses = [], activeProfiles = [], propertySourceDescriptors = [], propertySourceProperties = ["org.springframework.boot.data.jpa.test.autoconfigure.DataJpaTestContextBootstrapper=true"], contextCustomizers = [[ImportsContextCustomizer@66e6b022 key = [org.springframework.boot.hibernate.autoconfigure.HibernateJpaAutoConfiguration, org.springframework.boot.jpa.test.autoconfigure.TestEntityManagerAutoConfiguration, org.springframework.boot.transaction.autoconfigure.TransactionAutoConfiguration, org.springframework.boot.jdbc.autoconfigure.DataSourceTransactionManagerAutoConfiguration, org.springframework.boot.jdbc.autoconfigure.JdbcTemplateAutoConfiguration, org.springframework.boot.data.jpa.autoconfigure.DataJpaRepositoriesAutoConfiguration, org.springframework.boot.jdbc.autoconfigure.DataSourceInitializationAutoConfiguration, org.springframework.boot.jdbc.autoconfigure.JdbcClientAutoConfiguration, org.springframework.boot.jdbc.test.autoconfigure.TestDatabaseAutoConfiguration, org.springframework.boot.jdbc.autoconfigure.DataSourceAutoConfiguration]], org.springframework.boot.test.context.PropertyMappingContextCustomizer@3441a5e8, org.springframework.boot.test.context.filter.ExcludeFilterContextCustomizer@6088451e, org.springframework.boot.test.context.filter.annotation.TypeExcludeFiltersContextCustomizer@34be3d80, org.springframework.boot.test.json.DuplicateJsonObjectContextCustomizerFactory$DuplicateJsonObjectContextCustomizer@e784320, org.springframework.boot.test.autoconfigure.OnFailureConditionReportContextCustomizerFactory$OnFailureConditionReportContextCustomizer@4bdf, org.springframework.boot.test.autoconfigure.OverrideAutoConfigurationContextCustomizerFactory$DisableAutoConfigurationContextCustomizer@5f05c8d6, org.springframework.test.context.support.DynamicPropertiesContextCustomizer@0, org.springframework.boot.webmvc.test.autoconfigure.WebDriverContextCustomizer@36d33f4, org.springframework.boot.web.server.context.SpringBootTestRandomPortContextCustomizer@550e9be6, org.springframework.boot.test.context.SpringBootTestAnnotation@1e6f85d2], contextLoader = org.springframework.boot.test.context.SpringBootContextLoader, parent = null]
	at org.springframework.test.context.cache.DefaultCacheAwareContextLoaderDelegate.loadContext(DefaultCacheAwareContextLoaderDelegate.java:157) ~[spring-test-7.0.5.jar:7.0.5]
	at org.springframework.test.context.support.DefaultTestContext.getApplicationContext(DefaultTestContext.java:128) ~[spring-test-7.0.5.jar:7.0.5]
	at org.springframework.test.context.support.DependencyInjectionTestExecutionListener.injectDependencies(DependencyInjectionTestExecutionListener.java:155) ~[spring-test-7.0.5.jar:7.0.5]
	at org.springframework.test.context.support.DependencyInjectionTestExecutionListener.prepareTestInstance(DependencyInjectionTestExecutionListener.java:111) ~[spring-test-7.0.5.jar:7.0.5]
	at org.springframework.test.context.TestContextManager.prepareTestInstance(TestContextManager.java:260) ~[spring-test-7.0.5.jar:7.0.5]
	at org.springframework.test.context.junit.jupiter.SpringExtension.postProcessTestInstance(SpringExtension.java:210) ~[spring-test-7.0.5.jar:7.0.5]
	at org.junit.jupiter.engine.descriptor.ClassBasedTestDescriptor.lambda$invokeTestInstancePostProcessors$1(ClassBasedTestDescriptor.java:423) ~[junit-jupiter-engine-6.0.3.jar:6.0.3]
	at org.junit.jupiter.engine.descriptor.ClassBasedTestDescriptor.executeAndMaskThrowable(ClassBasedTestDescriptor.java:428) ~[junit-jupiter-engine-6.0.3.jar:6.0.3]
	at org.junit.jupiter.engine.descriptor.ClassBasedTestDescriptor.lambda$invokeTestInstancePostProcessors$0(ClassBasedTestDescriptor.java:422) ~[junit-jupiter-engine-6.0.3.jar:6.0.3]
	at java.base/java.util.stream.ForEachOps$ForEachOp$OfRef.accept(ForEachOps.java:186) ~[?:?]
	at java.base/java.util.stream.ReferencePipeline$3$1.accept(ReferencePipeline.java:214) ~[?:?]
	at java.base/java.util.stream.ReferencePipeline$2$1.accept(ReferencePipeline.java:197) ~[?:?]
	at java.base/java.util.stream.ReferencePipeline$3$1.accept(ReferencePipeline.java:214) ~[?:?]
	at java.base/java.util.ArrayList$ArrayListSpliterator.forEachRemaining(ArrayList.java:1716) ~[?:?]
	at java.base/java.util.stream.AbstractPipeline.copyInto(AbstractPipeline.java:570) ~[?:?]
	at java.base/java.util.stream.AbstractPipeline.wrapAndCopyInto(AbstractPipeline.java:560) ~[?:?]
	at java.base/java.util.stream.ForEachOps$ForEachOp.evaluateSequential(ForEachOps.java:153) ~[?:?]
	at java.base/java.util.stream.ForEachOps$ForEachOp$OfRef.evaluateSequential(ForEachOps.java:176) ~[?:?]
	at java.base/java.util.stream.AbstractPipeline.evaluate(AbstractPipeline.java:265) ~[?:?]
	at java.base/java.util.stream.ReferencePipeline.forEach(ReferencePipeline.java:632) ~[?:?]
	at org.junit.jupiter.engine.descriptor.ClassBasedTestDescriptor.invokeTestInstancePostProcessors(ClassBasedTestDescriptor.java:422) ~[junit-jupiter-engine-6.0.3.jar:6.0.3]
	at org.junit.jupiter.engine.descriptor.ClassBasedTestDescriptor.lambda$instantiateAndPostProcessTestInstance$0(ClassBasedTestDescriptor.java:334) ~[junit-jupiter-engine-6.0.3.jar:6.0.3]
	at org.junit.platform.engine.support.hierarchical.ThrowableCollector.execute(ThrowableCollector.java:74) ~[junit-platform-engine-6.0.3.jar:6.0.3]
	at org.junit.jupiter.engine.descriptor.ClassBasedTestDescriptor.instantiateAndPostProcessTestInstance(ClassBasedTestDescriptor.java:333) ~[junit-jupiter-engine-6.0.3.jar:6.0.3]
	at org.junit.jupiter.engine.descriptor.ClassBasedTestDescriptor.lambda$testInstancesProvider$1(ClassBasedTestDescriptor.java:322) ~[junit-jupiter-engine-6.0.3.jar:6.0.3]
	at java.base/java.util.Optional.orElseGet(Optional.java:364) ~[?:?]
	at org.junit.jupiter.engine.descriptor.ClassBasedTestDescriptor.lambda$testInstancesProvider$0(ClassBasedTestDescriptor.java:321) ~[junit-jupiter-engine-6.0.3.jar:6.0.3]
	at org.junit.jupiter.engine.execution.TestInstancesProvider.getTestInstances(TestInstancesProvider.java:27) ~[junit-jupiter-engine-6.0.3.jar:6.0.3]
	at org.junit.jupiter.engine.descriptor.TestMethodTestDescriptor.lambda$prepare$0(TestMethodTestDescriptor.java:127) ~[junit-jupiter-engine-6.0.3.jar:6.0.3]
	at org.junit.platform.engine.support.hierarchical.ThrowableCollector.execute(ThrowableCollector.java:74) ~[junit-platform-engine-6.0.3.jar:6.0.3]
	at org.junit.jupiter.engine.descriptor.TestMethodTestDescriptor.prepare(TestMethodTestDescriptor.java:126) ~[junit-jupiter-engine-6.0.3.jar:6.0.3]
	at org.junit.jupiter.engine.descriptor.TestMethodTestDescriptor.prepare(TestMethodTestDescriptor.java:70) ~[junit-jupiter-engine-6.0.3.jar:6.0.3]
	at org.junit.platform.engine.support.hierarchical.NodeTestTask.lambda$prepare$0(NodeTestTask.java:144) ~[junit-platform-engine-6.0.3.jar:6.0.3]
	at org.junit.platform.engine.support.hierarchical.ThrowableCollector.execute(ThrowableCollector.java:74) ~[junit-platform-engine-6.0.3.jar:6.0.3]
	at org.junit.platform.engine.support.hierarchical.NodeTestTask.prepare(NodeTestTask.java:144) ~[junit-platform-engine-6.0.3.jar:6.0.3]
	at org.junit.platform.engine.support.hierarchical.NodeTestTask.execute(NodeTestTask.java:110) ~[junit-platform-engine-6.0.3.jar:6.0.3]
	at java.base/java.util.ArrayList.forEach(ArrayList.java:1604) ~[?:?]
	at org.junit.platform.engine.support.hierarchical.SameThreadHierarchicalTestExecutorService.invokeAll(SameThreadHierarchicalTestExecutorService.java:42) ~[junit-platform-engine-6.0.3.jar:6.0.3]
	at org.junit.platform.engine.support.hierarchical.NodeTestTask.lambda$executeRecursively$2(NodeTestTask.java:180) ~[junit-platform-engine-6.0.3.jar:6.0.3]
	at org.junit.platform.engine.support.hierarchical.ThrowableCollector.execute(ThrowableCollector.java:74) ~[junit-platform-engine-6.0.3.jar:6.0.3]
	at org.junit.platform.engine.support.hierarchical.NodeTestTask.lambda$executeRecursively$1(NodeTestTask.java:166) ~[junit-platform-engine-6.0.3.jar:6.0.3]
	at org.junit.platform.engine.support.hierarchical.Node.around(Node.java:138) ~[junit-platform-engine-6.0.3.jar:6.0.3]
	at org.junit.platform.engine.support.hierarchical.NodeTestTask.lambda$executeRecursively$0(NodeTestTask.java:164) ~[junit-platform-engine-6.0.3.jar:6.0.3]
	at org.junit.platform.engine.support.hierarchical.ThrowableCollector.execute(ThrowableCollector.java:74) ~[junit-platform-engine-6.0.3.jar:6.0.3]
	at org.junit.platform.engine.support.hierarchical.NodeTestTask.executeRecursively(NodeTestTask.java:163) ~[junit-platform-engine-6.0.3.jar:6.0.3]
	at org.junit.platform.engine.support.hierarchical.NodeTestTask.execute(NodeTestTask.java:116) ~[junit-platform-engine-6.0.3.jar:6.0.3]
	at java.base/java.util.ArrayList.forEach(ArrayList.java:1604) ~[?:?]
	at org.junit.platform.engine.support.hierarchical.SameThreadHierarchicalTestExecutorService.invokeAll(SameThreadHierarchicalTestExecutorService.java:42) ~[junit-platform-engine-6.0.3.jar:6.0.3]
	at org.junit.platform.engine.support.hierarchical.NodeTestTask.lambda$executeRecursively$2(NodeTestTask.java:180) ~[junit-platform-engine-6.0.3.jar:6.0.3]
	at org.junit.platform.engine.support.hierarchical.ThrowableCollector.execute(ThrowableCollector.java:74) ~[junit-platform-engine-6.0.3.jar:6.0.3]
	at org.junit.platform.engine.support.hierarchical.NodeTestTask.lambda$executeRecursively$1(NodeTestTask.java:166) ~[junit-platform-engine-6.0.3.jar:6.0.3]
	at org.junit.platform.engine.support.hierarchical.Node.around(Node.java:138) ~[junit-platform-engine-6.0.3.jar:6.0.3]
	at org.junit.platform.engine.support.hierarchical.NodeTestTask.lambda$executeRecursively$0(NodeTestTask.java:164) ~[junit-platform-engine-6.0.3.jar:6.0.3]
	at org.junit.platform.engine.support.hierarchical.ThrowableCollector.execute(ThrowableCollector.java:74) ~[junit-platform-engine-6.0.3.jar:6.0.3]
	at org.junit.platform.engine.support.hierarchical.NodeTestTask.executeRecursively(NodeTestTask.java:163) ~[junit-platform-engine-6.0.3.jar:6.0.3]
	at org.junit.platform.engine.support.hierarchical.NodeTestTask.execute(NodeTestTask.java:116) ~[junit-platform-engine-6.0.3.jar:6.0.3]
	at org.junit.platform.engine.support.hierarchical.SameThreadHierarchicalTestExecutorService.submit(SameThreadHierarchicalTestExecutorService.java:36) ~[junit-platform-engine-6.0.3.jar:6.0.3]
	at org.junit.platform.engine.support.hierarchical.HierarchicalTestExecutor.execute(HierarchicalTestExecutor.java:52) ~[junit-platform-engine-6.0.3.jar:6.0.3]
	at org.junit.platform.engine.support.hierarchical.HierarchicalTestEngine.execute(HierarchicalTestEngine.java:58) ~[junit-platform-engine-6.0.3.jar:6.0.3]
	at org.junit.platform.launcher.core.EngineExecutionOrchestrator.executeEngine(EngineExecutionOrchestrator.java:246) ~[junit-platform-launcher-6.0.3.jar:6.0.3]
	at org.junit.platform.launcher.core.EngineExecutionOrchestrator.failOrExecuteEngine(EngineExecutionOrchestrator.java:218) ~[junit-platform-launcher-6.0.3.jar:6.0.3]
	at org.junit.platform.launcher.core.EngineExecutionOrchestrator.execute(EngineExecutionOrchestrator.java:179) ~[junit-platform-launcher-6.0.3.jar:6.0.3]
	at org.junit.platform.launcher.core.EngineExecutionOrchestrator.execute(EngineExecutionOrchestrator.java:108) ~[junit-platform-launcher-6.0.3.jar:6.0.3]
	at org.junit.platform.launcher.core.EngineExecutionOrchestrator.lambda$execute$0(EngineExecutionOrchestrator.java:66) ~[junit-platform-launcher-6.0.3.jar:6.0.3]
	at org.junit.platform.launcher.core.EngineExecutionOrchestrator.withInterceptedStreams(EngineExecutionOrchestrator.java:157) ~[junit-platform-launcher-6.0.3.jar:6.0.3]
	at org.junit.platform.launcher.core.EngineExecutionOrchestrator.execute(EngineExecutionOrchestrator.java:65) ~[junit-platform-launcher-6.0.3.jar:6.0.3]
	at org.junit.platform.launcher.core.DefaultLauncher.execute(DefaultLauncher.java:125) ~[junit-platform-launcher-6.0.3.jar:6.0.3]
	at org.junit.platform.launcher.core.DefaultLauncher.execute(DefaultLauncher.java:114) ~[junit-platform-launcher-6.0.3.jar:6.0.3]
	at org.junit.platform.launcher.core.DefaultLauncher.execute(DefaultLauncher.java:93) ~[junit-platform-launcher-6.0.3.jar:6.0.3]
	at org.junit.platform.launcher.core.DelegatingLauncher.execute(DelegatingLauncher.java:48) ~[junit-platform-launcher-6.0.3.jar:6.0.3]
	at org.junit.platform.launcher.core.InterceptingLauncher.lambda$execute$0(InterceptingLauncher.java:41) ~[junit-platform-launcher-6.0.3.jar:6.0.3]
	at org.junit.platform.launcher.core.ClasspathAlignmentCheckingLauncherInterceptor.intercept(ClasspathAlignmentCheckingLauncherInterceptor.java:25) ~[junit-platform-launcher-6.0.3.jar:6.0.3]
	at org.junit.platform.launcher.core.InterceptingLauncher.execute(InterceptingLauncher.java:40) ~[junit-platform-launcher-6.0.3.jar:6.0.3]
	at org.junit.platform.launcher.core.DelegatingLauncher.execute(DelegatingLauncher.java:48) ~[junit-platform-launcher-6.0.3.jar:6.0.3]
	at org.junit.platform.launcher.core.SessionPerRequestLauncher.execute(SessionPerRequestLauncher.java:67) ~[junit-platform-launcher-6.0.3.jar:6.0.3]
	at com.intellij.junit6.JUnit6IdeaTestRunner.startRunnerWithArgs(JUnit6IdeaTestRunner.java:67) ~[junit6-rt.jar:?]
	at com.intellij.rt.junit.IdeaTestRunner$Repeater$1.execute(IdeaTestRunner.java:38) ~[junit-rt.jar:?]
	at com.intellij.rt.execution.junit.TestsRepeater.repeat(TestsRepeater.java:11) ~[idea_rt.jar:?]
	at com.intellij.rt.junit.IdeaTestRunner$Repeater.startRunnerWithArgs(IdeaTestRunner.java:35) ~[junit-rt.jar:?]
	at com.intellij.rt.junit.JUnitStarter.prepareStreamsAndStart(JUnitStarter.java:237) [junit-rt.jar:?]
	at com.intellij.rt.junit.JUnitStarter.main(JUnitStarter.java:58) [junit-rt.jar:?]

2026-03-02 14:34:45.214  INFO t.c.s.AnnotationConfigContextLoaderUtils : Could not detect default configuration classes for test class [com.rev.app.repository.IMoneyRequestRepositoryTest]: IMoneyRequestRepositoryTest does not declare any static, non-private, non-final, nested classes annotated with @Configuration.
2026-03-02 14:34:45.641  INFO .b.t.c.SpringBootTestContextBootstrapper : Found @SpringBootConfiguration com.rev.app.Revpay1Application for test class com.rev.app.repository.IMoneyRequestRepositoryTest
2026-03-02 14:34:45.650  WARN o.s.t.c.TestContextManager               : Caught exception while allowing TestExecutionListener [org.springframework.test.context.support.DependencyInjectionTestExecutionListener] to prepare test instance [com.rev.app.repository.IMoneyRequestRepositoryTest@9b7701f]

java.lang.IllegalStateException: ApplicationContext failure threshold (1) exceeded: skipping repeated attempt to load context for [MergedContextConfiguration@287b3acd testClass = com.rev.app.repository.IMoneyRequestRepositoryTest, locations = [], classes = [com.rev.app.Revpay1Application], contextInitializerClasses = [], activeProfiles = [], propertySourceDescriptors = [], propertySourceProperties = ["org.springframework.boot.data.jpa.test.autoconfigure.DataJpaTestContextBootstrapper=true"], contextCustomizers = [[ImportsContextCustomizer@2a769291 key = [org.springframework.boot.hibernate.autoconfigure.HibernateJpaAutoConfiguration, org.springframework.boot.jpa.test.autoconfigure.TestEntityManagerAutoConfiguration, org.springframework.boot.transaction.autoconfigure.TransactionAutoConfiguration, org.springframework.boot.jdbc.autoconfigure.DataSourceTransactionManagerAutoConfiguration, org.springframework.boot.jdbc.autoconfigure.JdbcTemplateAutoConfiguration, org.springframework.boot.data.jpa.autoconfigure.DataJpaRepositoriesAutoConfiguration, org.springframework.boot.jdbc.autoconfigure.DataSourceInitializationAutoConfiguration, org.springframework.boot.jdbc.autoconfigure.JdbcClientAutoConfiguration, org.springframework.boot.jdbc.test.autoconfigure.TestDatabaseAutoConfiguration, org.springframework.boot.jdbc.autoconfigure.DataSourceAutoConfiguration]], org.springframework.boot.test.context.PropertyMappingContextCustomizer@3441a5e8, org.springframework.boot.test.context.filter.ExcludeFilterContextCustomizer@6088451e, org.springframework.boot.test.context.filter.annotation.TypeExcludeFiltersContextCustomizer@34be3d80, org.springframework.boot.test.json.DuplicateJsonObjectContextCustomizerFactory$DuplicateJsonObjectContextCustomizer@e784320, org.springframework.boot.test.autoconfigure.OnFailureConditionReportContextCustomizerFactory$OnFailureConditionReportContextCustomizer@4bdf, org.springframework.boot.test.autoconfigure.OverrideAutoConfigurationContextCustomizerFactory$DisableAutoConfigurationContextCustomizer@5f05c8d6, org.springframework.test.context.support.DynamicPropertiesContextCustomizer@0, org.springframework.boot.webmvc.test.autoconfigure.WebDriverContextCustomizer@36d33f4, org.springframework.boot.web.server.context.SpringBootTestRandomPortContextCustomizer@550e9be6, org.springframework.boot.test.context.SpringBootTestAnnotation@1e6f85d2], contextLoader = org.springframework.boot.test.context.SpringBootContextLoader, parent = null]
	at org.springframework.test.context.cache.DefaultCacheAwareContextLoaderDelegate.loadContext(DefaultCacheAwareContextLoaderDelegate.java:157) ~[spring-test-7.0.5.jar:7.0.5]
	at org.springframework.test.context.support.DefaultTestContext.getApplicationContext(DefaultTestContext.java:128) ~[spring-test-7.0.5.jar:7.0.5]
	at org.springframework.test.context.support.DependencyInjectionTestExecutionListener.injectDependencies(DependencyInjectionTestExecutionListener.java:155) ~[spring-test-7.0.5.jar:7.0.5]
	at org.springframework.test.context.support.DependencyInjectionTestExecutionListener.prepareTestInstance(DependencyInjectionTestExecutionListener.java:111) ~[spring-test-7.0.5.jar:7.0.5]
	at org.springframework.test.context.TestContextManager.prepareTestInstance(TestContextManager.java:260) ~[spring-test-7.0.5.jar:7.0.5]
	at org.springframework.test.context.junit.jupiter.SpringExtension.postProcessTestInstance(SpringExtension.java:210) ~[spring-test-7.0.5.jar:7.0.5]
	at org.junit.jupiter.engine.descriptor.ClassBasedTestDescriptor.lambda$invokeTestInstancePostProcessors$1(ClassBasedTestDescriptor.java:423) ~[junit-jupiter-engine-6.0.3.jar:6.0.3]
	at org.junit.jupiter.engine.descriptor.ClassBasedTestDescriptor.executeAndMaskThrowable(ClassBasedTestDescriptor.java:428) ~[junit-jupiter-engine-6.0.3.jar:6.0.3]
	at org.junit.jupiter.engine.descriptor.ClassBasedTestDescriptor.lambda$invokeTestInstancePostProcessors$0(ClassBasedTestDescriptor.java:422) ~[junit-jupiter-engine-6.0.3.jar:6.0.3]
	at java.base/java.util.stream.ForEachOps$ForEachOp$OfRef.accept(ForEachOps.java:186) ~[?:?]
	at java.base/java.util.stream.ReferencePipeline$3$1.accept(ReferencePipeline.java:214) ~[?:?]
	at java.base/java.util.stream.ReferencePipeline$2$1.accept(ReferencePipeline.java:197) ~[?:?]
	at java.base/java.util.stream.ReferencePipeline$3$1.accept(ReferencePipeline.java:214) ~[?:?]
	at java.base/java.util.ArrayList$ArrayListSpliterator.forEachRemaining(ArrayList.java:1716) ~[?:?]
	at java.base/java.util.stream.AbstractPipeline.copyInto(AbstractPipeline.java:570) ~[?:?]
	at java.base/java.util.stream.AbstractPipeline.wrapAndCopyInto(AbstractPipeline.java:560) ~[?:?]
	at java.base/java.util.stream.ForEachOps$ForEachOp.evaluateSequential(ForEachOps.java:153) ~[?:?]
	at java.base/java.util.stream.ForEachOps$ForEachOp$OfRef.evaluateSequential(ForEachOps.java:176) ~[?:?]
	at java.base/java.util.stream.AbstractPipeline.evaluate(AbstractPipeline.java:265) ~[?:?]
	at java.base/java.util.stream.ReferencePipeline.forEach(ReferencePipeline.java:632) ~[?:?]
	at org.junit.jupiter.engine.descriptor.ClassBasedTestDescriptor.invokeTestInstancePostProcessors(ClassBasedTestDescriptor.java:422) ~[junit-jupiter-engine-6.0.3.jar:6.0.3]
	at org.junit.jupiter.engine.descriptor.ClassBasedTestDescriptor.lambda$instantiateAndPostProcessTestInstance$0(ClassBasedTestDescriptor.java:334) ~[junit-jupiter-engine-6.0.3.jar:6.0.3]
	at org.junit.platform.engine.support.hierarchical.ThrowableCollector.execute(ThrowableCollector.java:74) ~[junit-platform-engine-6.0.3.jar:6.0.3]
	at org.junit.jupiter.engine.descriptor.ClassBasedTestDescriptor.instantiateAndPostProcessTestInstance(ClassBasedTestDescriptor.java:333) ~[junit-jupiter-engine-6.0.3.jar:6.0.3]
	at org.junit.jupiter.engine.descriptor.ClassBasedTestDescriptor.lambda$testInstancesProvider$1(ClassBasedTestDescriptor.java:322) ~[junit-jupiter-engine-6.0.3.jar:6.0.3]
	at java.base/java.util.Optional.orElseGet(Optional.java:364) ~[?:?]
	at org.junit.jupiter.engine.descriptor.ClassBasedTestDescriptor.lambda$testInstancesProvider$0(ClassBasedTestDescriptor.java:321) ~[junit-jupiter-engine-6.0.3.jar:6.0.3]
	at org.junit.jupiter.engine.execution.TestInstancesProvider.getTestInstances(TestInstancesProvider.java:27) ~[junit-jupiter-engine-6.0.3.jar:6.0.3]
	at org.junit.jupiter.engine.descriptor.TestMethodTestDescriptor.lambda$prepare$0(TestMethodTestDescriptor.java:127) ~[junit-jupiter-engine-6.0.3.jar:6.0.3]
	at org.junit.platform.engine.support.hierarchical.ThrowableCollector.execute(ThrowableCollector.java:74) ~[junit-platform-engine-6.0.3.jar:6.0.3]
	at org.junit.jupiter.engine.descriptor.TestMethodTestDescriptor.prepare(TestMethodTestDescriptor.java:126) ~[junit-jupiter-engine-6.0.3.jar:6.0.3]
	at org.junit.jupiter.engine.descriptor.TestMethodTestDescriptor.prepare(TestMethodTestDescriptor.java:70) ~[junit-jupiter-engine-6.0.3.jar:6.0.3]
	at org.junit.platform.engine.support.hierarchical.NodeTestTask.lambda$prepare$0(NodeTestTask.java:144) ~[junit-platform-engine-6.0.3.jar:6.0.3]
	at org.junit.platform.engine.support.hierarchical.ThrowableCollector.execute(ThrowableCollector.java:74) ~[junit-platform-engine-6.0.3.jar:6.0.3]
	at org.junit.platform.engine.support.hierarchical.NodeTestTask.prepare(NodeTestTask.java:144) ~[junit-platform-engine-6.0.3.jar:6.0.3]
	at org.junit.platform.engine.support.hierarchical.NodeTestTask.execute(NodeTestTask.java:110) ~[junit-platform-engine-6.0.3.jar:6.0.3]
	at java.base/java.util.ArrayList.forEach(ArrayList.java:1604) ~[?:?]
	at org.junit.platform.engine.support.hierarchical.SameThreadHierarchicalTestExecutorService.invokeAll(SameThreadHierarchicalTestExecutorService.java:42) ~[junit-platform-engine-6.0.3.jar:6.0.3]
	at org.junit.platform.engine.support.hierarchical.NodeTestTask.lambda$executeRecursively$2(NodeTestTask.java:180) ~[junit-platform-engine-6.0.3.jar:6.0.3]
	at org.junit.platform.engine.support.hierarchical.ThrowableCollector.execute(ThrowableCollector.java:74) ~[junit-platform-engine-6.0.3.jar:6.0.3]
	at org.junit.platform.engine.support.hierarchical.NodeTestTask.lambda$executeRecursively$1(NodeTestTask.java:166) ~[junit-platform-engine-6.0.3.jar:6.0.3]
	at org.junit.platform.engine.support.hierarchical.Node.around(Node.java:138) ~[junit-platform-engine-6.0.3.jar:6.0.3]
	at org.junit.platform.engine.support.hierarchical.NodeTestTask.lambda$executeRecursively$0(NodeTestTask.java:164) ~[junit-platform-engine-6.0.3.jar:6.0.3]
	at org.junit.platform.engine.support.hierarchical.ThrowableCollector.execute(ThrowableCollector.java:74) ~[junit-platform-engine-6.0.3.jar:6.0.3]
	at org.junit.platform.engine.support.hierarchical.NodeTestTask.executeRecursively(NodeTestTask.java:163) ~[junit-platform-engine-6.0.3.jar:6.0.3]
	at org.junit.platform.engine.support.hierarchical.NodeTestTask.execute(NodeTestTask.java:116) ~[junit-platform-engine-6.0.3.jar:6.0.3]
	at java.base/java.util.ArrayList.forEach(ArrayList.java:1604) ~[?:?]
	at org.junit.platform.engine.support.hierarchical.SameThreadHierarchicalTestExecutorService.invokeAll(SameThreadHierarchicalTestExecutorService.java:42) ~[junit-platform-engine-6.0.3.jar:6.0.3]
	at org.junit.platform.engine.support.hierarchical.NodeTestTask.lambda$executeRecursively$2(NodeTestTask.java:180) ~[junit-platform-engine-6.0.3.jar:6.0.3]
	at org.junit.platform.engine.support.hierarchical.ThrowableCollector.execute(ThrowableCollector.java:74) ~[junit-platform-engine-6.0.3.jar:6.0.3]
	at org.junit.platform.engine.support.hierarchical.NodeTestTask.lambda$executeRecursively$1(NodeTestTask.java:166) ~[junit-platform-engine-6.0.3.jar:6.0.3]
	at org.junit.platform.engine.support.hierarchical.Node.around(Node.java:138) ~[junit-platform-engine-6.0.3.jar:6.0.3]
	at org.junit.platform.engine.support.hierarchical.NodeTestTask.lambda$executeRecursively$0(NodeTestTask.java:164) ~[junit-platform-engine-6.0.3.jar:6.0.3]
	at org.junit.platform.engine.support.hierarchical.ThrowableCollector.execute(ThrowableCollector.java:74) ~[junit-platform-engine-6.0.3.jar:6.0.3]
	at org.junit.platform.engine.support.hierarchical.NodeTestTask.executeRecursively(NodeTestTask.java:163) ~[junit-platform-engine-6.0.3.jar:6.0.3]
	at org.junit.platform.engine.support.hierarchical.NodeTestTask.execute(NodeTestTask.java:116) ~[junit-platform-engine-6.0.3.jar:6.0.3]
	at org.junit.platform.engine.support.hierarchical.SameThreadHierarchicalTestExecutorService.submit(SameThreadHierarchicalTestExecutorService.java:36) ~[junit-platform-engine-6.0.3.jar:6.0.3]
	at org.junit.platform.engine.support.hierarchical.HierarchicalTestExecutor.execute(HierarchicalTestExecutor.java:52) ~[junit-platform-engine-6.0.3.jar:6.0.3]
	at org.junit.platform.engine.support.hierarchical.HierarchicalTestEngine.execute(HierarchicalTestEngine.java:58) ~[junit-platform-engine-6.0.3.jar:6.0.3]
	at org.junit.platform.launcher.core.EngineExecutionOrchestrator.executeEngine(EngineExecutionOrchestrator.java:246) ~[junit-platform-launcher-6.0.3.jar:6.0.3]
	at org.junit.platform.launcher.core.EngineExecutionOrchestrator.failOrExecuteEngine(EngineExecutionOrchestrator.java:218) ~[junit-platform-launcher-6.0.3.jar:6.0.3]
	at org.junit.platform.launcher.core.EngineExecutionOrchestrator.execute(EngineExecutionOrchestrator.java:179) ~[junit-platform-launcher-6.0.3.jar:6.0.3]
	at org.junit.platform.launcher.core.EngineExecutionOrchestrator.execute(EngineExecutionOrchestrator.java:108) ~[junit-platform-launcher-6.0.3.jar:6.0.3]
	at org.junit.platform.launcher.core.EngineExecutionOrchestrator.lambda$execute$0(EngineExecutionOrchestrator.java:66) ~[junit-platform-launcher-6.0.3.jar:6.0.3]
	at org.junit.platform.launcher.core.EngineExecutionOrchestrator.withInterceptedStreams(EngineExecutionOrchestrator.java:157) ~[junit-platform-launcher-6.0.3.jar:6.0.3]
	at org.junit.platform.launcher.core.EngineExecutionOrchestrator.execute(EngineExecutionOrchestrator.java:65) ~[junit-platform-launcher-6.0.3.jar:6.0.3]
	at org.junit.platform.launcher.core.DefaultLauncher.execute(DefaultLauncher.java:125) ~[junit-platform-launcher-6.0.3.jar:6.0.3]
	at org.junit.platform.launcher.core.DefaultLauncher.execute(DefaultLauncher.java:114) ~[junit-platform-launcher-6.0.3.jar:6.0.3]
	at org.junit.platform.launcher.core.DefaultLauncher.execute(DefaultLauncher.java:93) ~[junit-platform-launcher-6.0.3.jar:6.0.3]
	at org.junit.platform.launcher.core.DelegatingLauncher.execute(DelegatingLauncher.java:48) ~[junit-platform-launcher-6.0.3.jar:6.0.3]
	at org.junit.platform.launcher.core.InterceptingLauncher.lambda$execute$0(InterceptingLauncher.java:41) ~[junit-platform-launcher-6.0.3.jar:6.0.3]
	at org.junit.platform.launcher.core.ClasspathAlignmentCheckingLauncherInterceptor.intercept(ClasspathAlignmentCheckingLauncherInterceptor.java:25) ~[junit-platform-launcher-6.0.3.jar:6.0.3]
	at org.junit.platform.launcher.core.InterceptingLauncher.execute(InterceptingLauncher.java:40) ~[junit-platform-launcher-6.0.3.jar:6.0.3]
	at org.junit.platform.launcher.core.DelegatingLauncher.execute(DelegatingLauncher.java:48) ~[junit-platform-launcher-6.0.3.jar:6.0.3]
	at org.junit.platform.launcher.core.SessionPerRequestLauncher.execute(SessionPerRequestLauncher.java:67) ~[junit-platform-launcher-6.0.3.jar:6.0.3]
	at com.intellij.junit6.JUnit6IdeaTestRunner.startRunnerWithArgs(JUnit6IdeaTestRunner.java:67) ~[junit6-rt.jar:?]
	at com.intellij.rt.junit.IdeaTestRunner$Repeater$1.execute(IdeaTestRunner.java:38) ~[junit-rt.jar:?]
	at com.intellij.rt.execution.junit.TestsRepeater.repeat(TestsRepeater.java:11) ~[idea_rt.jar:?]
	at com.intellij.rt.junit.IdeaTestRunner$Repeater.startRunnerWithArgs(IdeaTestRunner.java:35) ~[junit-rt.jar:?]
	at com.intellij.rt.junit.JUnitStarter.prepareStreamsAndStart(JUnitStarter.java:237) [junit-rt.jar:?]
	at com.intellij.rt.junit.JUnitStarter.main(JUnitStarter.java:58) [junit-rt.jar:?]

2026-03-02 14:34:47.939  INFO c.r.a.s.ITransactionServiceImpl          : Initiating sendMoney from sender ID 1 to recipient ID 2 for amount 40.0
2026-03-02 14:34:48.018  INFO c.r.a.s.ITransactionServiceImpl          : Initiating sendMoney from sender ID 1 to recipient ID 2 for amount 40.0
2026-03-02 14:34:48.019  WARN c.r.a.s.ITransactionServiceImpl          : Transfer failed: Incorrect transaction PIN for sender ID 1
2026-03-02 14:34:48.123  INFO c.r.a.s.ITransactionServiceImpl          : Initiating sendMoney from sender ID 1 to recipient ID 2 for amount 40.0
2026-03-02 14:34:48.124  WARN c.r.a.s.ITransactionServiceImpl          : Transfer failed: Insufficient funds. Sender balance: 10.0, Transfer amount: 40.0
2026-03-02 14:34:48.788  INFO t.c.s.AnnotationConfigContextLoaderUtils : Could not detect default configuration classes for test class [com.rev.app.repository.ITransactionRepositoryTest]: ITransactionRepositoryTest does not declare any static, non-private, non-final, nested classes annotated with @Configuration.
2026-03-02 14:34:49.078  INFO .b.t.c.SpringBootTestContextBootstrapper : Found @SpringBootConfiguration com.rev.app.Revpay1Application for test class com.rev.app.repository.ITransactionRepositoryTest
2026-03-02 14:34:49.088  WARN o.s.t.c.TestContextManager               : Caught exception while allowing TestExecutionListener [org.springframework.test.context.support.DependencyInjectionTestExecutionListener] to prepare test instance [com.rev.app.repository.ITransactionRepositoryTest@2c4bee34]

java.lang.IllegalStateException: ApplicationContext failure threshold (1) exceeded: skipping repeated attempt to load context for [MergedContextConfiguration@49b6704a testClass = com.rev.app.repository.ITransactionRepositoryTest, locations = [], classes = [com.rev.app.Revpay1Application], contextInitializerClasses = [], activeProfiles = [], propertySourceDescriptors = [], propertySourceProperties = ["org.springframework.boot.data.jpa.test.autoconfigure.DataJpaTestContextBootstrapper=true"], contextCustomizers = [[ImportsContextCustomizer@60877252 key = [org.springframework.boot.hibernate.autoconfigure.HibernateJpaAutoConfiguration, org.springframework.boot.jpa.test.autoconfigure.TestEntityManagerAutoConfiguration, org.springframework.boot.transaction.autoconfigure.TransactionAutoConfiguration, org.springframework.boot.jdbc.autoconfigure.DataSourceTransactionManagerAutoConfiguration, org.springframework.boot.jdbc.autoconfigure.JdbcTemplateAutoConfiguration, org.springframework.boot.data.jpa.autoconfigure.DataJpaRepositoriesAutoConfiguration, org.springframework.boot.jdbc.autoconfigure.DataSourceInitializationAutoConfiguration, org.springframework.boot.jdbc.autoconfigure.JdbcClientAutoConfiguration, org.springframework.boot.jdbc.test.autoconfigure.TestDatabaseAutoConfiguration, org.springframework.boot.jdbc.autoconfigure.DataSourceAutoConfiguration]], org.springframework.boot.test.context.PropertyMappingContextCustomizer@3441a5e8, org.springframework.boot.test.context.filter.ExcludeFilterContextCustomizer@6088451e, org.springframework.boot.test.context.filter.annotation.TypeExcludeFiltersContextCustomizer@34be3d80, org.springframework.boot.test.json.DuplicateJsonObjectContextCustomizerFactory$DuplicateJsonObjectContextCustomizer@e784320, org.springframework.boot.test.autoconfigure.OnFailureConditionReportContextCustomizerFactory$OnFailureConditionReportContextCustomizer@4bdf, org.springframework.boot.test.autoconfigure.OverrideAutoConfigurationContextCustomizerFactory$DisableAutoConfigurationContextCustomizer@5f05c8d6, org.springframework.test.context.support.DynamicPropertiesContextCustomizer@0, org.springframework.boot.webmvc.test.autoconfigure.WebDriverContextCustomizer@36d33f4, org.springframework.boot.web.server.context.SpringBootTestRandomPortContextCustomizer@550e9be6, org.springframework.boot.test.context.SpringBootTestAnnotation@1e6f85d2], contextLoader = org.springframework.boot.test.context.SpringBootContextLoader, parent = null]
	at org.springframework.test.context.cache.DefaultCacheAwareContextLoaderDelegate.loadContext(DefaultCacheAwareContextLoaderDelegate.java:157) ~[spring-test-7.0.5.jar:7.0.5]
	at org.springframework.test.context.support.DefaultTestContext.getApplicationContext(DefaultTestContext.java:128) ~[spring-test-7.0.5.jar:7.0.5]
	at org.springframework.test.context.support.DependencyInjectionTestExecutionListener.injectDependencies(DependencyInjectionTestExecutionListener.java:155) ~[spring-test-7.0.5.jar:7.0.5]
	at org.springframework.test.context.support.DependencyInjectionTestExecutionListener.prepareTestInstance(DependencyInjectionTestExecutionListener.java:111) ~[spring-test-7.0.5.jar:7.0.5]
	at org.springframework.test.context.TestContextManager.prepareTestInstance(TestContextManager.java:260) ~[spring-test-7.0.5.jar:7.0.5]
	at org.springframework.test.context.junit.jupiter.SpringExtension.postProcessTestInstance(SpringExtension.java:210) ~[spring-test-7.0.5.jar:7.0.5]
	at org.junit.jupiter.engine.descriptor.ClassBasedTestDescriptor.lambda$invokeTestInstancePostProcessors$1(ClassBasedTestDescriptor.java:423) ~[junit-jupiter-engine-6.0.3.jar:6.0.3]
	at org.junit.jupiter.engine.descriptor.ClassBasedTestDescriptor.executeAndMaskThrowable(ClassBasedTestDescriptor.java:428) ~[junit-jupiter-engine-6.0.3.jar:6.0.3]
	at org.junit.jupiter.engine.descriptor.ClassBasedTestDescriptor.lambda$invokeTestInstancePostProcessors$0(ClassBasedTestDescriptor.java:422) ~[junit-jupiter-engine-6.0.3.jar:6.0.3]
	at java.base/java.util.stream.ForEachOps$ForEachOp$OfRef.accept(ForEachOps.java:186) ~[?:?]
	at java.base/java.util.stream.ReferencePipeline$3$1.accept(ReferencePipeline.java:214) ~[?:?]
	at java.base/java.util.stream.ReferencePipeline$2$1.accept(ReferencePipeline.java:197) ~[?:?]
	at java.base/java.util.stream.ReferencePipeline$3$1.accept(ReferencePipeline.java:214) ~[?:?]
	at java.base/java.util.ArrayList$ArrayListSpliterator.forEachRemaining(ArrayList.java:1716) ~[?:?]
	at java.base/java.util.stream.AbstractPipeline.copyInto(AbstractPipeline.java:570) ~[?:?]
	at java.base/java.util.stream.AbstractPipeline.wrapAndCopyInto(AbstractPipeline.java:560) ~[?:?]
	at java.base/java.util.stream.ForEachOps$ForEachOp.evaluateSequential(ForEachOps.java:153) ~[?:?]
	at java.base/java.util.stream.ForEachOps$ForEachOp$OfRef.evaluateSequential(ForEachOps.java:176) ~[?:?]
	at java.base/java.util.stream.AbstractPipeline.evaluate(AbstractPipeline.java:265) ~[?:?]
	at java.base/java.util.stream.ReferencePipeline.forEach(ReferencePipeline.java:632) ~[?:?]
	at org.junit.jupiter.engine.descriptor.ClassBasedTestDescriptor.invokeTestInstancePostProcessors(ClassBasedTestDescriptor.java:422) ~[junit-jupiter-engine-6.0.3.jar:6.0.3]
	at org.junit.jupiter.engine.descriptor.ClassBasedTestDescriptor.lambda$instantiateAndPostProcessTestInstance$0(ClassBasedTestDescriptor.java:334) ~[junit-jupiter-engine-6.0.3.jar:6.0.3]
	at org.junit.platform.engine.support.hierarchical.ThrowableCollector.execute(ThrowableCollector.java:74) ~[junit-platform-engine-6.0.3.jar:6.0.3]
	at org.junit.jupiter.engine.descriptor.ClassBasedTestDescriptor.instantiateAndPostProcessTestInstance(ClassBasedTestDescriptor.java:333) ~[junit-jupiter-engine-6.0.3.jar:6.0.3]
	at org.junit.jupiter.engine.descriptor.ClassBasedTestDescriptor.lambda$testInstancesProvider$1(ClassBasedTestDescriptor.java:322) ~[junit-jupiter-engine-6.0.3.jar:6.0.3]
	at java.base/java.util.Optional.orElseGet(Optional.java:364) ~[?:?]
	at org.junit.jupiter.engine.descriptor.ClassBasedTestDescriptor.lambda$testInstancesProvider$0(ClassBasedTestDescriptor.java:321) ~[junit-jupiter-engine-6.0.3.jar:6.0.3]
	at org.junit.jupiter.engine.execution.TestInstancesProvider.getTestInstances(TestInstancesProvider.java:27) ~[junit-jupiter-engine-6.0.3.jar:6.0.3]
	at org.junit.jupiter.engine.descriptor.TestMethodTestDescriptor.lambda$prepare$0(TestMethodTestDescriptor.java:127) ~[junit-jupiter-engine-6.0.3.jar:6.0.3]
	at org.junit.platform.engine.support.hierarchical.ThrowableCollector.execute(ThrowableCollector.java:74) ~[junit-platform-engine-6.0.3.jar:6.0.3]
	at org.junit.jupiter.engine.descriptor.TestMethodTestDescriptor.prepare(TestMethodTestDescriptor.java:126) ~[junit-jupiter-engine-6.0.3.jar:6.0.3]
	at org.junit.jupiter.engine.descriptor.TestMethodTestDescriptor.prepare(TestMethodTestDescriptor.java:70) ~[junit-jupiter-engine-6.0.3.jar:6.0.3]
	at org.junit.platform.engine.support.hierarchical.NodeTestTask.lambda$prepare$0(NodeTestTask.java:144) ~[junit-platform-engine-6.0.3.jar:6.0.3]
	at org.junit.platform.engine.support.hierarchical.ThrowableCollector.execute(ThrowableCollector.java:74) ~[junit-platform-engine-6.0.3.jar:6.0.3]
	at org.junit.platform.engine.support.hierarchical.NodeTestTask.prepare(NodeTestTask.java:144) ~[junit-platform-engine-6.0.3.jar:6.0.3]
	at org.junit.platform.engine.support.hierarchical.NodeTestTask.execute(NodeTestTask.java:110) ~[junit-platform-engine-6.0.3.jar:6.0.3]
	at java.base/java.util.ArrayList.forEach(ArrayList.java:1604) ~[?:?]
	at org.junit.platform.engine.support.hierarchical.SameThreadHierarchicalTestExecutorService.invokeAll(SameThreadHierarchicalTestExecutorService.java:42) ~[junit-platform-engine-6.0.3.jar:6.0.3]
	at org.junit.platform.engine.support.hierarchical.NodeTestTask.lambda$executeRecursively$2(NodeTestTask.java:180) ~[junit-platform-engine-6.0.3.jar:6.0.3]
	at org.junit.platform.engine.support.hierarchical.ThrowableCollector.execute(ThrowableCollector.java:74) ~[junit-platform-engine-6.0.3.jar:6.0.3]
	at org.junit.platform.engine.support.hierarchical.NodeTestTask.lambda$executeRecursively$1(NodeTestTask.java:166) ~[junit-platform-engine-6.0.3.jar:6.0.3]
	at org.junit.platform.engine.support.hierarchical.Node.around(Node.java:138) ~[junit-platform-engine-6.0.3.jar:6.0.3]
	at org.junit.platform.engine.support.hierarchical.NodeTestTask.lambda$executeRecursively$0(NodeTestTask.java:164) ~[junit-platform-engine-6.0.3.jar:6.0.3]
	at org.junit.platform.engine.support.hierarchical.ThrowableCollector.execute(ThrowableCollector.java:74) ~[junit-platform-engine-6.0.3.jar:6.0.3]
	at org.junit.platform.engine.support.hierarchical.NodeTestTask.executeRecursively(NodeTestTask.java:163) ~[junit-platform-engine-6.0.3.jar:6.0.3]
	at org.junit.platform.engine.support.hierarchical.NodeTestTask.execute(NodeTestTask.java:116) ~[junit-platform-engine-6.0.3.jar:6.0.3]
	at java.base/java.util.ArrayList.forEach(ArrayList.java:1604) ~[?:?]
	at org.junit.platform.engine.support.hierarchical.SameThreadHierarchicalTestExecutorService.invokeAll(SameThreadHierarchicalTestExecutorService.java:42) ~[junit-platform-engine-6.0.3.jar:6.0.3]
	at org.junit.platform.engine.support.hierarchical.NodeTestTask.lambda$executeRecursively$2(NodeTestTask.java:180) ~[junit-platform-engine-6.0.3.jar:6.0.3]
	at org.junit.platform.engine.support.hierarchical.ThrowableCollector.execute(ThrowableCollector.java:74) ~[junit-platform-engine-6.0.3.jar:6.0.3]
	at org.junit.platform.engine.support.hierarchical.NodeTestTask.lambda$executeRecursively$1(NodeTestTask.java:166) ~[junit-platform-engine-6.0.3.jar:6.0.3]
	at org.junit.platform.engine.support.hierarchical.Node.around(Node.java:138) ~[junit-platform-engine-6.0.3.jar:6.0.3]
	at org.junit.platform.engine.support.hierarchical.NodeTestTask.lambda$executeRecursively$0(NodeTestTask.java:164) ~[junit-platform-engine-6.0.3.jar:6.0.3]
	at org.junit.platform.engine.support.hierarchical.ThrowableCollector.execute(ThrowableCollector.java:74) ~[junit-platform-engine-6.0.3.jar:6.0.3]
	at org.junit.platform.engine.support.hierarchical.NodeTestTask.executeRecursively(NodeTestTask.java:163) ~[junit-platform-engine-6.0.3.jar:6.0.3]
	at org.junit.platform.engine.support.hierarchical.NodeTestTask.execute(NodeTestTask.java:116) ~[junit-platform-engine-6.0.3.jar:6.0.3]
	at org.junit.platform.engine.support.hierarchical.SameThreadHierarchicalTestExecutorService.submit(SameThreadHierarchicalTestExecutorService.java:36) ~[junit-platform-engine-6.0.3.jar:6.0.3]
	at org.junit.platform.engine.support.hierarchical.HierarchicalTestExecutor.execute(HierarchicalTestExecutor.java:52) ~[junit-platform-engine-6.0.3.jar:6.0.3]
	at org.junit.platform.engine.support.hierarchical.HierarchicalTestEngine.execute(HierarchicalTestEngine.java:58) ~[junit-platform-engine-6.0.3.jar:6.0.3]
	at org.junit.platform.launcher.core.EngineExecutionOrchestrator.executeEngine(EngineExecutionOrchestrator.java:246) ~[junit-platform-launcher-6.0.3.jar:6.0.3]
	at org.junit.platform.launcher.core.EngineExecutionOrchestrator.failOrExecuteEngine(EngineExecutionOrchestrator.java:218) ~[junit-platform-launcher-6.0.3.jar:6.0.3]
	at org.junit.platform.launcher.core.EngineExecutionOrchestrator.execute(EngineExecutionOrchestrator.java:179) ~[junit-platform-launcher-6.0.3.jar:6.0.3]
	at org.junit.platform.launcher.core.EngineExecutionOrchestrator.execute(EngineExecutionOrchestrator.java:108) ~[junit-platform-launcher-6.0.3.jar:6.0.3]
	at org.junit.platform.launcher.core.EngineExecutionOrchestrator.lambda$execute$0(EngineExecutionOrchestrator.java:66) ~[junit-platform-launcher-6.0.3.jar:6.0.3]
	at org.junit.platform.launcher.core.EngineExecutionOrchestrator.withInterceptedStreams(EngineExecutionOrchestrator.java:157) ~[junit-platform-launcher-6.0.3.jar:6.0.3]
	at org.junit.platform.launcher.core.EngineExecutionOrchestrator.execute(EngineExecutionOrchestrator.java:65) ~[junit-platform-launcher-6.0.3.jar:6.0.3]
	at org.junit.platform.launcher.core.DefaultLauncher.execute(DefaultLauncher.java:125) ~[junit-platform-launcher-6.0.3.jar:6.0.3]
	at org.junit.platform.launcher.core.DefaultLauncher.execute(DefaultLauncher.java:114) ~[junit-platform-launcher-6.0.3.jar:6.0.3]
	at org.junit.platform.launcher.core.DefaultLauncher.execute(DefaultLauncher.java:93) ~[junit-platform-launcher-6.0.3.jar:6.0.3]
	at org.junit.platform.launcher.core.DelegatingLauncher.execute(DelegatingLauncher.java:48) ~[junit-platform-launcher-6.0.3.jar:6.0.3]
	at org.junit.platform.launcher.core.InterceptingLauncher.lambda$execute$0(InterceptingLauncher.java:41) ~[junit-platform-launcher-6.0.3.jar:6.0.3]
	at org.junit.platform.launcher.core.ClasspathAlignmentCheckingLauncherInterceptor.intercept(ClasspathAlignmentCheckingLauncherInterceptor.java:25) ~[junit-platform-launcher-6.0.3.jar:6.0.3]
	at org.junit.platform.launcher.core.InterceptingLauncher.execute(InterceptingLauncher.java:40) ~[junit-platform-launcher-6.0.3.jar:6.0.3]
	at org.junit.platform.launcher.core.DelegatingLauncher.execute(DelegatingLauncher.java:48) ~[junit-platform-launcher-6.0.3.jar:6.0.3]
	at org.junit.platform.launcher.core.SessionPerRequestLauncher.execute(SessionPerRequestLauncher.java:67) ~[junit-platform-launcher-6.0.3.jar:6.0.3]
	at com.intellij.junit6.JUnit6IdeaTestRunner.startRunnerWithArgs(JUnit6IdeaTestRunner.java:67) ~[junit6-rt.jar:?]
	at com.intellij.rt.junit.IdeaTestRunner$Repeater$1.execute(IdeaTestRunner.java:38) ~[junit-rt.jar:?]
	at com.intellij.rt.execution.junit.TestsRepeater.repeat(TestsRepeater.java:11) ~[idea_rt.jar:?]
	at com.intellij.rt.junit.IdeaTestRunner$Repeater.startRunnerWithArgs(IdeaTestRunner.java:35) ~[junit-rt.jar:?]
	at com.intellij.rt.junit.JUnitStarter.prepareStreamsAndStart(JUnitStarter.java:237) [junit-rt.jar:?]
	at com.intellij.rt.junit.JUnitStarter.main(JUnitStarter.java:58) [junit-rt.jar:?]

2026-03-02 14:34:49.117  WARN o.s.t.c.TestContextManager               : Caught exception while allowing TestExecutionListener [org.springframework.test.context.support.DependencyInjectionTestExecutionListener] to prepare test instance [com.rev.app.repository.ITransactionRepositoryTest@285289cd]

java.lang.IllegalStateException: ApplicationContext failure threshold (1) exceeded: skipping repeated attempt to load context for [MergedContextConfiguration@49b6704a testClass = com.rev.app.repository.ITransactionRepositoryTest, locations = [], classes = [com.rev.app.Revpay1Application], contextInitializerClasses = [], activeProfiles = [], propertySourceDescriptors = [], propertySourceProperties = ["org.springframework.boot.data.jpa.test.autoconfigure.DataJpaTestContextBootstrapper=true"], contextCustomizers = [[ImportsContextCustomizer@60877252 key = [org.springframework.boot.hibernate.autoconfigure.HibernateJpaAutoConfiguration, org.springframework.boot.jpa.test.autoconfigure.TestEntityManagerAutoConfiguration, org.springframework.boot.transaction.autoconfigure.TransactionAutoConfiguration, org.springframework.boot.jdbc.autoconfigure.DataSourceTransactionManagerAutoConfiguration, org.springframework.boot.jdbc.autoconfigure.JdbcTemplateAutoConfiguration, org.springframework.boot.data.jpa.autoconfigure.DataJpaRepositoriesAutoConfiguration, org.springframework.boot.jdbc.autoconfigure.DataSourceInitializationAutoConfiguration, org.springframework.boot.jdbc.autoconfigure.JdbcClientAutoConfiguration, org.springframework.boot.jdbc.test.autoconfigure.TestDatabaseAutoConfiguration, org.springframework.boot.jdbc.autoconfigure.DataSourceAutoConfiguration]], org.springframework.boot.test.context.PropertyMappingContextCustomizer@3441a5e8, org.springframework.boot.test.context.filter.ExcludeFilterContextCustomizer@6088451e, org.springframework.boot.test.context.filter.annotation.TypeExcludeFiltersContextCustomizer@34be3d80, org.springframework.boot.test.json.DuplicateJsonObjectContextCustomizerFactory$DuplicateJsonObjectContextCustomizer@e784320, org.springframework.boot.test.autoconfigure.OnFailureConditionReportContextCustomizerFactory$OnFailureConditionReportContextCustomizer@4bdf, org.springframework.boot.test.autoconfigure.OverrideAutoConfigurationContextCustomizerFactory$DisableAutoConfigurationContextCustomizer@5f05c8d6, org.springframework.test.context.support.DynamicPropertiesContextCustomizer@0, org.springframework.boot.webmvc.test.autoconfigure.WebDriverContextCustomizer@36d33f4, org.springframework.boot.web.server.context.SpringBootTestRandomPortContextCustomizer@550e9be6, org.springframework.boot.test.context.SpringBootTestAnnotation@1e6f85d2], contextLoader = org.springframework.boot.test.context.SpringBootContextLoader, parent = null]
	at org.springframework.test.context.cache.DefaultCacheAwareContextLoaderDelegate.loadContext(DefaultCacheAwareContextLoaderDelegate.java:157) ~[spring-test-7.0.5.jar:7.0.5]
	at org.springframework.test.context.support.DefaultTestContext.getApplicationContext(DefaultTestContext.java:128) ~[spring-test-7.0.5.jar:7.0.5]
	at org.springframework.test.context.support.DependencyInjectionTestExecutionListener.injectDependencies(DependencyInjectionTestExecutionListener.java:155) ~[spring-test-7.0.5.jar:7.0.5]
	at org.springframework.test.context.support.DependencyInjectionTestExecutionListener.prepareTestInstance(DependencyInjectionTestExecutionListener.java:111) ~[spring-test-7.0.5.jar:7.0.5]
	at org.springframework.test.context.TestContextManager.prepareTestInstance(TestContextManager.java:260) ~[spring-test-7.0.5.jar:7.0.5]
	at org.springframework.test.context.junit.jupiter.SpringExtension.postProcessTestInstance(SpringExtension.java:210) ~[spring-test-7.0.5.jar:7.0.5]
	at org.junit.jupiter.engine.descriptor.ClassBasedTestDescriptor.lambda$invokeTestInstancePostProcessors$1(ClassBasedTestDescriptor.java:423) ~[junit-jupiter-engine-6.0.3.jar:6.0.3]
	at org.junit.jupiter.engine.descriptor.ClassBasedTestDescriptor.executeAndMaskThrowable(ClassBasedTestDescriptor.java:428) ~[junit-jupiter-engine-6.0.3.jar:6.0.3]
	at org.junit.jupiter.engine.descriptor.ClassBasedTestDescriptor.lambda$invokeTestInstancePostProcessors$0(ClassBasedTestDescriptor.java:422) ~[junit-jupiter-engine-6.0.3.jar:6.0.3]
	at java.base/java.util.stream.ForEachOps$ForEachOp$OfRef.accept(ForEachOps.java:186) ~[?:?]
	at java.base/java.util.stream.ReferencePipeline$3$1.accept(ReferencePipeline.java:214) ~[?:?]
	at java.base/java.util.stream.ReferencePipeline$2$1.accept(ReferencePipeline.java:197) ~[?:?]
	at java.base/java.util.stream.ReferencePipeline$3$1.accept(ReferencePipeline.java:214) ~[?:?]
	at java.base/java.util.ArrayList$ArrayListSpliterator.forEachRemaining(ArrayList.java:1716) ~[?:?]
	at java.base/java.util.stream.AbstractPipeline.copyInto(AbstractPipeline.java:570) ~[?:?]
	at java.base/java.util.stream.AbstractPipeline.wrapAndCopyInto(AbstractPipeline.java:560) ~[?:?]
	at java.base/java.util.stream.ForEachOps$ForEachOp.evaluateSequential(ForEachOps.java:153) ~[?:?]
	at java.base/java.util.stream.ForEachOps$ForEachOp$OfRef.evaluateSequential(ForEachOps.java:176) ~[?:?]
	at java.base/java.util.stream.AbstractPipeline.evaluate(AbstractPipeline.java:265) ~[?:?]
	at java.base/java.util.stream.ReferencePipeline.forEach(ReferencePipeline.java:632) ~[?:?]
	at org.junit.jupiter.engine.descriptor.ClassBasedTestDescriptor.invokeTestInstancePostProcessors(ClassBasedTestDescriptor.java:422) ~[junit-jupiter-engine-6.0.3.jar:6.0.3]
	at org.junit.jupiter.engine.descriptor.ClassBasedTestDescriptor.lambda$instantiateAndPostProcessTestInstance$0(ClassBasedTestDescriptor.java:334) ~[junit-jupiter-engine-6.0.3.jar:6.0.3]
	at org.junit.platform.engine.support.hierarchical.ThrowableCollector.execute(ThrowableCollector.java:74) ~[junit-platform-engine-6.0.3.jar:6.0.3]
	at org.junit.jupiter.engine.descriptor.ClassBasedTestDescriptor.instantiateAndPostProcessTestInstance(ClassBasedTestDescriptor.java:333) ~[junit-jupiter-engine-6.0.3.jar:6.0.3]
	at org.junit.jupiter.engine.descriptor.ClassBasedTestDescriptor.lambda$testInstancesProvider$1(ClassBasedTestDescriptor.java:322) ~[junit-jupiter-engine-6.0.3.jar:6.0.3]
	at java.base/java.util.Optional.orElseGet(Optional.java:364) ~[?:?]
	at org.junit.jupiter.engine.descriptor.ClassBasedTestDescriptor.lambda$testInstancesProvider$0(ClassBasedTestDescriptor.java:321) ~[junit-jupiter-engine-6.0.3.jar:6.0.3]
	at org.junit.jupiter.engine.execution.TestInstancesProvider.getTestInstances(TestInstancesProvider.java:27) ~[junit-jupiter-engine-6.0.3.jar:6.0.3]
	at org.junit.jupiter.engine.descriptor.TestMethodTestDescriptor.lambda$prepare$0(TestMethodTestDescriptor.java:127) ~[junit-jupiter-engine-6.0.3.jar:6.0.3]
	at org.junit.platform.engine.support.hierarchical.ThrowableCollector.execute(ThrowableCollector.java:74) ~[junit-platform-engine-6.0.3.jar:6.0.3]
	at org.junit.jupiter.engine.descriptor.TestMethodTestDescriptor.prepare(TestMethodTestDescriptor.java:126) ~[junit-jupiter-engine-6.0.3.jar:6.0.3]
	at org.junit.jupiter.engine.descriptor.TestMethodTestDescriptor.prepare(TestMethodTestDescriptor.java:70) ~[junit-jupiter-engine-6.0.3.jar:6.0.3]
	at org.junit.platform.engine.support.hierarchical.NodeTestTask.lambda$prepare$0(NodeTestTask.java:144) ~[junit-platform-engine-6.0.3.jar:6.0.3]
	at org.junit.platform.engine.support.hierarchical.ThrowableCollector.execute(ThrowableCollector.java:74) ~[junit-platform-engine-6.0.3.jar:6.0.3]
	at org.junit.platform.engine.support.hierarchical.NodeTestTask.prepare(NodeTestTask.java:144) ~[junit-platform-engine-6.0.3.jar:6.0.3]
	at org.junit.platform.engine.support.hierarchical.NodeTestTask.execute(NodeTestTask.java:110) ~[junit-platform-engine-6.0.3.jar:6.0.3]
	at java.base/java.util.ArrayList.forEach(ArrayList.java:1604) ~[?:?]
	at org.junit.platform.engine.support.hierarchical.SameThreadHierarchicalTestExecutorService.invokeAll(SameThreadHierarchicalTestExecutorService.java:42) ~[junit-platform-engine-6.0.3.jar:6.0.3]
	at org.junit.platform.engine.support.hierarchical.NodeTestTask.lambda$executeRecursively$2(NodeTestTask.java:180) ~[junit-platform-engine-6.0.3.jar:6.0.3]
	at org.junit.platform.engine.support.hierarchical.ThrowableCollector.execute(ThrowableCollector.java:74) ~[junit-platform-engine-6.0.3.jar:6.0.3]
	at org.junit.platform.engine.support.hierarchical.NodeTestTask.lambda$executeRecursively$1(NodeTestTask.java:166) ~[junit-platform-engine-6.0.3.jar:6.0.3]
	at org.junit.platform.engine.support.hierarchical.Node.around(Node.java:138) ~[junit-platform-engine-6.0.3.jar:6.0.3]
	at org.junit.platform.engine.support.hierarchical.NodeTestTask.lambda$executeRecursively$0(NodeTestTask.java:164) ~[junit-platform-engine-6.0.3.jar:6.0.3]
	at org.junit.platform.engine.support.hierarchical.ThrowableCollector.execute(ThrowableCollector.java:74) ~[junit-platform-engine-6.0.3.jar:6.0.3]
	at org.junit.platform.engine.support.hierarchical.NodeTestTask.executeRecursively(NodeTestTask.java:163) ~[junit-platform-engine-6.0.3.jar:6.0.3]
	at org.junit.platform.engine.support.hierarchical.NodeTestTask.execute(NodeTestTask.java:116) ~[junit-platform-engine-6.0.3.jar:6.0.3]
	at java.base/java.util.ArrayList.forEach(ArrayList.java:1604) ~[?:?]
	at org.junit.platform.engine.support.hierarchical.SameThreadHierarchicalTestExecutorService.invokeAll(SameThreadHierarchicalTestExecutorService.java:42) ~[junit-platform-engine-6.0.3.jar:6.0.3]
	at org.junit.platform.engine.support.hierarchical.NodeTestTask.lambda$executeRecursively$2(NodeTestTask.java:180) ~[junit-platform-engine-6.0.3.jar:6.0.3]
	at org.junit.platform.engine.support.hierarchical.ThrowableCollector.execute(ThrowableCollector.java:74) ~[junit-platform-engine-6.0.3.jar:6.0.3]
	at org.junit.platform.engine.support.hierarchical.NodeTestTask.lambda$executeRecursively$1(NodeTestTask.java:166) ~[junit-platform-engine-6.0.3.jar:6.0.3]
	at org.junit.platform.engine.support.hierarchical.Node.around(Node.java:138) ~[junit-platform-engine-6.0.3.jar:6.0.3]
	at org.junit.platform.engine.support.hierarchical.NodeTestTask.lambda$executeRecursively$0(NodeTestTask.java:164) ~[junit-platform-engine-6.0.3.jar:6.0.3]
	at org.junit.platform.engine.support.hierarchical.ThrowableCollector.execute(ThrowableCollector.java:74) ~[junit-platform-engine-6.0.3.jar:6.0.3]
	at org.junit.platform.engine.support.hierarchical.NodeTestTask.executeRecursively(NodeTestTask.java:163) ~[junit-platform-engine-6.0.3.jar:6.0.3]
	at org.junit.platform.engine.support.hierarchical.NodeTestTask.execute(NodeTestTask.java:116) ~[junit-platform-engine-6.0.3.jar:6.0.3]
	at org.junit.platform.engine.support.hierarchical.SameThreadHierarchicalTestExecutorService.submit(SameThreadHierarchicalTestExecutorService.java:36) ~[junit-platform-engine-6.0.3.jar:6.0.3]
	at org.junit.platform.engine.support.hierarchical.HierarchicalTestExecutor.execute(HierarchicalTestExecutor.java:52) ~[junit-platform-engine-6.0.3.jar:6.0.3]
	at org.junit.platform.engine.support.hierarchical.HierarchicalTestEngine.execute(HierarchicalTestEngine.java:58) ~[junit-platform-engine-6.0.3.jar:6.0.3]
	at org.junit.platform.launcher.core.EngineExecutionOrchestrator.executeEngine(EngineExecutionOrchestrator.java:246) ~[junit-platform-launcher-6.0.3.jar:6.0.3]
	at org.junit.platform.launcher.core.EngineExecutionOrchestrator.failOrExecuteEngine(EngineExecutionOrchestrator.java:218) ~[junit-platform-launcher-6.0.3.jar:6.0.3]
	at org.junit.platform.launcher.core.EngineExecutionOrchestrator.execute(EngineExecutionOrchestrator.java:179) ~[junit-platform-launcher-6.0.3.jar:6.0.3]
	at org.junit.platform.launcher.core.EngineExecutionOrchestrator.execute(EngineExecutionOrchestrator.java:108) ~[junit-platform-launcher-6.0.3.jar:6.0.3]
	at org.junit.platform.launcher.core.EngineExecutionOrchestrator.lambda$execute$0(EngineExecutionOrchestrator.java:66) ~[junit-platform-launcher-6.0.3.jar:6.0.3]
	at org.junit.platform.launcher.core.EngineExecutionOrchestrator.withInterceptedStreams(EngineExecutionOrchestrator.java:157) ~[junit-platform-launcher-6.0.3.jar:6.0.3]
	at org.junit.platform.launcher.core.EngineExecutionOrchestrator.execute(EngineExecutionOrchestrator.java:65) ~[junit-platform-launcher-6.0.3.jar:6.0.3]
	at org.junit.platform.launcher.core.DefaultLauncher.execute(DefaultLauncher.java:125) ~[junit-platform-launcher-6.0.3.jar:6.0.3]
	at org.junit.platform.launcher.core.DefaultLauncher.execute(DefaultLauncher.java:114) ~[junit-platform-launcher-6.0.3.jar:6.0.3]
	at org.junit.platform.launcher.core.DefaultLauncher.execute(DefaultLauncher.java:93) ~[junit-platform-launcher-6.0.3.jar:6.0.3]
	at org.junit.platform.launcher.core.DelegatingLauncher.execute(DelegatingLauncher.java:48) ~[junit-platform-launcher-6.0.3.jar:6.0.3]
	at org.junit.platform.launcher.core.InterceptingLauncher.lambda$execute$0(InterceptingLauncher.java:41) ~[junit-platform-launcher-6.0.3.jar:6.0.3]
	at org.junit.platform.launcher.core.ClasspathAlignmentCheckingLauncherInterceptor.intercept(ClasspathAlignmentCheckingLauncherInterceptor.java:25) ~[junit-platform-launcher-6.0.3.jar:6.0.3]
	at org.junit.platform.launcher.core.InterceptingLauncher.execute(InterceptingLauncher.java:40) ~[junit-platform-launcher-6.0.3.jar:6.0.3]
	at org.junit.platform.launcher.core.DelegatingLauncher.execute(DelegatingLauncher.java:48) ~[junit-platform-launcher-6.0.3.jar:6.0.3]
	at org.junit.platform.launcher.core.SessionPerRequestLauncher.execute(SessionPerRequestLauncher.java:67) ~[junit-platform-launcher-6.0.3.jar:6.0.3]
	at com.intellij.junit6.JUnit6IdeaTestRunner.startRunnerWithArgs(JUnit6IdeaTestRunner.java:67) ~[junit6-rt.jar:?]
	at com.intellij.rt.junit.IdeaTestRunner$Repeater$1.execute(IdeaTestRunner.java:38) ~[junit-rt.jar:?]
	at com.intellij.rt.execution.junit.TestsRepeater.repeat(TestsRepeater.java:11) ~[idea_rt.jar:?]
	at com.intellij.rt.junit.IdeaTestRunner$Repeater.startRunnerWithArgs(IdeaTestRunner.java:35) ~[junit-rt.jar:?]
	at com.intellij.rt.junit.JUnitStarter.prepareStreamsAndStart(JUnitStarter.java:237) [junit-rt.jar:?]
	at com.intellij.rt.junit.JUnitStarter.main(JUnitStarter.java:58) [junit-rt.jar:?]

2026-03-02 14:34:50.044  INFO c.r.a.r.BusinessAnalyticsRestController  : Calculating Business Analytics (CACHE MISS) for ID: 1
2026-03-02 14:34:50.262  INFO t.c.s.AnnotationConfigContextLoaderUtils : Could not detect default configuration classes for test class [com.rev.app.Revpay1ApplicationTests]: Revpay1ApplicationTests does not declare any static, non-private, non-final, nested classes annotated with @Configuration.
2026-03-02 14:34:50.368  INFO .b.t.c.SpringBootTestContextBootstrapper : Found @SpringBootConfiguration com.rev.app.Revpay1Application for test class com.rev.app.Revpay1ApplicationTests
2026-03-02 14:34:50.503  INFO o.s.b.d.r.RestartApplicationListener     : Restart disabled due to context in which it is running
2026-03-02 14:34:51.126  INFO c.r.a.Revpay1ApplicationTests            : Starting Revpay1ApplicationTests using Java 25.0.1 with PID 12096 (started by ADMIN in C:\Users\ADMIN\Downloads\Revpay\Revpay1)
2026-03-02 14:34:51.128 DEBUG c.r.a.Revpay1ApplicationTests            : Running with Spring Boot v4.0.3, Spring v7.0.5
2026-03-02 14:34:51.129  INFO c.r.a.Revpay1ApplicationTests            : No active profile set, falling back to 1 default profile: "default"
2026-03-02 14:34:54.670  INFO .s.d.r.c.RepositoryConfigurationDelegate : Bootstrapping Spring Data JPA repositories in DEFAULT mode.
2026-03-02 14:34:55.048  INFO .s.d.r.c.RepositoryConfigurationDelegate : Finished Spring Data repository scanning in 320 ms. Found 10 JPA repository interfaces.
2026-03-02 14:34:58.293  INFO c.z.h.HikariDataSource                   : HikariPool-1 - Starting...
2026-03-02 14:35:00.567  INFO c.z.h.p.HikariPool                       : HikariPool-1 - Added connection conn6: url=jdbc:h2:mem:testdb user=SA
2026-03-02 14:35:00.581  INFO c.z.h.HikariDataSource                   : HikariPool-1 - Start completed.
2026-03-02 14:35:00.682  INFO o.h.o.jpa                                : HHH008540: Processing PersistenceUnitInfo [name: default]
2026-03-02 14:35:00.852  INFO o.s.o.j.p.SpringPersistenceUnitInfo      : No LoadTimeWeaver setup: ignoring JPA class transformer
2026-03-02 14:35:00.861  WARN o.h.o.deprecation                        : HHH90000025: H2Dialect does not need to be specified explicitly using 'hibernate.dialect' (remove the property setting and it will be selected by default)
2026-03-02 14:35:00.870  INFO o.h.o.c.pooling                          : HHH10001005: Database info:
	Database JDBC URL [jdbc:h2:mem:testdb]
	Database driver: H2 JDBC Driver
	Database dialect: H2Dialect
	Database version: 2.4.240
	Default catalog/schema: TESTDB/PUBLIC
	Autocommit mode: undefined/unknown
	Isolation level: READ_COMMITTED [default READ_COMMITTED]
	JDBC fetch size: 100
	Pool: DataSourceConnectionProvider
	Minimum pool size: undefined/unknown
	Maximum pool size: undefined/unknown
2026-03-02 14:35:01.359  INFO o.h.o.core                               : HHH000489: No JTA platform available (set 'hibernate.transaction.jta.platform' to enable JTA platform integration)
2026-03-02 14:35:01.472  INFO j.LocalContainerEntityManagerFactoryBean : Initialized JPA EntityManagerFactory for persistence unit 'default'
2026-03-02 14:35:02.364  WARN o.s.w.c.s.GenericWebApplicationContext   : Exception encountered during context initialization - cancelling refresh attempt: org.springframework.beans.factory.UnsatisfiedDependencyException: Error creating bean with name 'adminRestController' defined in file [C:\Users\ADMIN\Downloads\Revpay\Revpay1\target\classes\com\rev\app\rest\AdminRestController.class]: Unsatisfied dependency expressed through constructor parameter 3: Error creating bean with name 'IWalletServiceImpl' defined in file [C:\Users\ADMIN\Downloads\Revpay\Revpay1\target\classes\com\rev\app\service\IWalletServiceImpl.class]: Unsatisfied dependency expressed through constructor parameter 4: Error creating bean with name 'emailServiceImpl' defined in file [C:\Users\ADMIN\Downloads\Revpay\Revpay1\target\classes\com\rev\app\service\EmailServiceImpl.class]: Unsatisfied dependency expressed through constructor parameter 0: No qualifying bean of type 'org.springframework.mail.javamail.JavaMailSender' available: expected at least 1 bean which qualifies as autowire candidate. Dependency annotations: {}
2026-03-02 14:35:02.365  INFO j.LocalContainerEntityManagerFactoryBean : Closing JPA EntityManagerFactory for persistence unit 'default'
2026-03-02 14:35:02.386  INFO c.z.h.HikariDataSource                   : HikariPool-1 - Shutdown initiated...
2026-03-02 14:35:02.393  INFO c.z.h.HikariDataSource                   : HikariPool-1 - Shutdown completed.
2026-03-02 14:35:02.523  INFO .s.b.a.l.ConditionEvaluationReportLogger : 

Error starting ApplicationContext. To display the condition evaluation report re-run your application with 'debug' enabled.
2026-03-02 14:35:02.607 ERROR o.s.b.d.LoggingFailureAnalysisReporter   : 

***************************
APPLICATION FAILED TO START
***************************

Description:

Parameter 0 of constructor in com.rev.app.service.EmailServiceImpl required a bean of type 'org.springframework.mail.javamail.JavaMailSender' that could not be found.


Action:

Consider defining a bean of type 'org.springframework.mail.javamail.JavaMailSender' in your configuration.

2026-03-02 14:35:02.608  WARN o.s.t.c.TestContextManager               : Caught exception while allowing TestExecutionListener [org.springframework.test.context.web.ServletTestExecutionListener] to prepare test instance [com.rev.app.Revpay1ApplicationTests@77320275]

java.lang.IllegalStateException: Failed to load ApplicationContext for [WebMergedContextConfiguration@8b8e526 testClass = com.rev.app.Revpay1ApplicationTests, locations = [], classes = [com.rev.app.Revpay1Application], contextInitializerClasses = [], activeProfiles = [], propertySourceDescriptors = [], propertySourceProperties = ["org.springframework.boot.test.context.SpringBootTestContextBootstrapper=true"], contextCustomizers = [org.springframework.boot.test.context.PropertyMappingContextCustomizer@0, org.springframework.boot.test.context.filter.ExcludeFilterContextCustomizer@6088451e, org.springframework.boot.test.json.DuplicateJsonObjectContextCustomizerFactory$DuplicateJsonObjectContextCustomizer@e784320, org.springframework.boot.test.autoconfigure.OnFailureConditionReportContextCustomizerFactory$OnFailureConditionReportContextCustomizer@4bdf, org.springframework.test.context.support.DynamicPropertiesContextCustomizer@0, org.springframework.boot.webmvc.test.autoconfigure.WebDriverContextCustomizer@36d33f4, org.springframework.boot.web.server.context.SpringBootTestRandomPortContextCustomizer@550e9be6, org.springframework.boot.test.context.SpringBootTestAnnotation@71c997c], resourceBasePath = "src/main/webapp", contextLoader = org.springframework.boot.test.context.SpringBootContextLoader, parent = null]
	at org.springframework.test.context.cache.DefaultCacheAwareContextLoaderDelegate.lambda$loadContext$0(DefaultCacheAwareContextLoaderDelegate.java:195) ~[spring-test-7.0.5.jar:7.0.5]
	at org.springframework.test.context.cache.DefaultContextCache.put(DefaultContextCache.java:214) ~[spring-test-7.0.5.jar:7.0.5]
	at org.springframework.test.context.cache.DefaultCacheAwareContextLoaderDelegate.loadContext(DefaultCacheAwareContextLoaderDelegate.java:160) ~[spring-test-7.0.5.jar:7.0.5]
	at org.springframework.test.context.support.DefaultTestContext.getApplicationContext(DefaultTestContext.java:128) ~[spring-test-7.0.5.jar:7.0.5]
	at org.springframework.test.context.web.ServletTestExecutionListener.setUpRequestContextIfNecessary(ServletTestExecutionListener.java:200) ~[spring-test-7.0.5.jar:7.0.5]
	at org.springframework.test.context.web.ServletTestExecutionListener.prepareTestInstance(ServletTestExecutionListener.java:139) ~[spring-test-7.0.5.jar:7.0.5]
	at org.springframework.test.context.TestContextManager.prepareTestInstance(TestContextManager.java:260) ~[spring-test-7.0.5.jar:7.0.5]
	at org.springframework.test.context.junit.jupiter.SpringExtension.postProcessTestInstance(SpringExtension.java:210) ~[spring-test-7.0.5.jar:7.0.5]
	at org.junit.jupiter.engine.descriptor.ClassBasedTestDescriptor.lambda$invokeTestInstancePostProcessors$1(ClassBasedTestDescriptor.java:423) ~[junit-jupiter-engine-6.0.3.jar:6.0.3]
	at org.junit.jupiter.engine.descriptor.ClassBasedTestDescriptor.executeAndMaskThrowable(ClassBasedTestDescriptor.java:428) ~[junit-jupiter-engine-6.0.3.jar:6.0.3]
	at org.junit.jupiter.engine.descriptor.ClassBasedTestDescriptor.lambda$invokeTestInstancePostProcessors$0(ClassBasedTestDescriptor.java:422) ~[junit-jupiter-engine-6.0.3.jar:6.0.3]
	at java.base/java.util.stream.ForEachOps$ForEachOp$OfRef.accept(ForEachOps.java:186) ~[?:?]
	at java.base/java.util.stream.ReferencePipeline$3$1.accept(ReferencePipeline.java:214) ~[?:?]
	at java.base/java.util.stream.ReferencePipeline$2$1.accept(ReferencePipeline.java:197) ~[?:?]
	at java.base/java.util.stream.ReferencePipeline$3$1.accept(ReferencePipeline.java:214) ~[?:?]
	at java.base/java.util.ArrayList$ArrayListSpliterator.forEachRemaining(ArrayList.java:1716) ~[?:?]
	at java.base/java.util.stream.AbstractPipeline.copyInto(AbstractPipeline.java:570) ~[?:?]
	at java.base/java.util.stream.AbstractPipeline.wrapAndCopyInto(AbstractPipeline.java:560) ~[?:?]
	at java.base/java.util.stream.ForEachOps$ForEachOp.evaluateSequential(ForEachOps.java:153) ~[?:?]
	at java.base/java.util.stream.ForEachOps$ForEachOp$OfRef.evaluateSequential(ForEachOps.java:176) ~[?:?]
	at java.base/java.util.stream.AbstractPipeline.evaluate(AbstractPipeline.java:265) ~[?:?]
	at java.base/java.util.stream.ReferencePipeline.forEach(ReferencePipeline.java:632) ~[?:?]
	at org.junit.jupiter.engine.descriptor.ClassBasedTestDescriptor.invokeTestInstancePostProcessors(ClassBasedTestDescriptor.java:422) ~[junit-jupiter-engine-6.0.3.jar:6.0.3]
	at org.junit.jupiter.engine.descriptor.ClassBasedTestDescriptor.lambda$instantiateAndPostProcessTestInstance$0(ClassBasedTestDescriptor.java:334) ~[junit-jupiter-engine-6.0.3.jar:6.0.3]
	at org.junit.platform.engine.support.hierarchical.ThrowableCollector.execute(ThrowableCollector.java:74) ~[junit-platform-engine-6.0.3.jar:6.0.3]
	at org.junit.jupiter.engine.descriptor.ClassBasedTestDescriptor.instantiateAndPostProcessTestInstance(ClassBasedTestDescriptor.java:333) ~[junit-jupiter-engine-6.0.3.jar:6.0.3]
	at org.junit.jupiter.engine.descriptor.ClassBasedTestDescriptor.lambda$testInstancesProvider$1(ClassBasedTestDescriptor.java:322) ~[junit-jupiter-engine-6.0.3.jar:6.0.3]
	at java.base/java.util.Optional.orElseGet(Optional.java:364) ~[?:?]
	at org.junit.jupiter.engine.descriptor.ClassBasedTestDescriptor.lambda$testInstancesProvider$0(ClassBasedTestDescriptor.java:321) ~[junit-jupiter-engine-6.0.3.jar:6.0.3]
	at org.junit.jupiter.engine.execution.TestInstancesProvider.getTestInstances(TestInstancesProvider.java:27) ~[junit-jupiter-engine-6.0.3.jar:6.0.3]
	at org.junit.jupiter.engine.descriptor.TestMethodTestDescriptor.lambda$prepare$0(TestMethodTestDescriptor.java:127) ~[junit-jupiter-engine-6.0.3.jar:6.0.3]
	at org.junit.platform.engine.support.hierarchical.ThrowableCollector.execute(ThrowableCollector.java:74) ~[junit-platform-engine-6.0.3.jar:6.0.3]
	at org.junit.jupiter.engine.descriptor.TestMethodTestDescriptor.prepare(TestMethodTestDescriptor.java:126) ~[junit-jupiter-engine-6.0.3.jar:6.0.3]
	at org.junit.jupiter.engine.descriptor.TestMethodTestDescriptor.prepare(TestMethodTestDescriptor.java:70) ~[junit-jupiter-engine-6.0.3.jar:6.0.3]
	at org.junit.platform.engine.support.hierarchical.NodeTestTask.lambda$prepare$0(NodeTestTask.java:144) ~[junit-platform-engine-6.0.3.jar:6.0.3]
	at org.junit.platform.engine.support.hierarchical.ThrowableCollector.execute(ThrowableCollector.java:74) ~[junit-platform-engine-6.0.3.jar:6.0.3]
	at org.junit.platform.engine.support.hierarchical.NodeTestTask.prepare(NodeTestTask.java:144) ~[junit-platform-engine-6.0.3.jar:6.0.3]
	at org.junit.platform.engine.support.hierarchical.NodeTestTask.execute(NodeTestTask.java:110) ~[junit-platform-engine-6.0.3.jar:6.0.3]
	at java.base/java.util.ArrayList.forEach(ArrayList.java:1604) ~[?:?]
	at org.junit.platform.engine.support.hierarchical.SameThreadHierarchicalTestExecutorService.invokeAll(SameThreadHierarchicalTestExecutorService.java:42) ~[junit-platform-engine-6.0.3.jar:6.0.3]
	at org.junit.platform.engine.support.hierarchical.NodeTestTask.lambda$executeRecursively$2(NodeTestTask.java:180) ~[junit-platform-engine-6.0.3.jar:6.0.3]
	at org.junit.platform.engine.support.hierarchical.ThrowableCollector.execute(ThrowableCollector.java:74) ~[junit-platform-engine-6.0.3.jar:6.0.3]
	at org.junit.platform.engine.support.hierarchical.NodeTestTask.lambda$executeRecursively$1(NodeTestTask.java:166) ~[junit-platform-engine-6.0.3.jar:6.0.3]
	at org.junit.platform.engine.support.hierarchical.Node.around(Node.java:138) ~[junit-platform-engine-6.0.3.jar:6.0.3]
	at org.junit.platform.engine.support.hierarchical.NodeTestTask.lambda$executeRecursively$0(NodeTestTask.java:164) ~[junit-platform-engine-6.0.3.jar:6.0.3]
	at org.junit.platform.engine.support.hierarchical.ThrowableCollector.execute(ThrowableCollector.java:74) ~[junit-platform-engine-6.0.3.jar:6.0.3]
	at org.junit.platform.engine.support.hierarchical.NodeTestTask.executeRecursively(NodeTestTask.java:163) ~[junit-platform-engine-6.0.3.jar:6.0.3]
	at org.junit.platform.engine.support.hierarchical.NodeTestTask.execute(NodeTestTask.java:116) ~[junit-platform-engine-6.0.3.jar:6.0.3]
	at java.base/java.util.ArrayList.forEach(ArrayList.java:1604) ~[?:?]
	at org.junit.platform.engine.support.hierarchical.SameThreadHierarchicalTestExecutorService.invokeAll(SameThreadHierarchicalTestExecutorService.java:42) ~[junit-platform-engine-6.0.3.jar:6.0.3]
	at org.junit.platform.engine.support.hierarchical.NodeTestTask.lambda$executeRecursively$2(NodeTestTask.java:180) ~[junit-platform-engine-6.0.3.jar:6.0.3]
	at org.junit.platform.engine.support.hierarchical.ThrowableCollector.execute(ThrowableCollector.java:74) ~[junit-platform-engine-6.0.3.jar:6.0.3]
	at org.junit.platform.engine.support.hierarchical.NodeTestTask.lambda$executeRecursively$1(NodeTestTask.java:166) ~[junit-platform-engine-6.0.3.jar:6.0.3]
	at org.junit.platform.engine.support.hierarchical.Node.around(Node.java:138) ~[junit-platform-engine-6.0.3.jar:6.0.3]
	at org.junit.platform.engine.support.hierarchical.NodeTestTask.lambda$executeRecursively$0(NodeTestTask.java:164) ~[junit-platform-engine-6.0.3.jar:6.0.3]
	at org.junit.platform.engine.support.hierarchical.ThrowableCollector.execute(ThrowableCollector.java:74) ~[junit-platform-engine-6.0.3.jar:6.0.3]
	at org.junit.platform.engine.support.hierarchical.NodeTestTask.executeRecursively(NodeTestTask.java:163) ~[junit-platform-engine-6.0.3.jar:6.0.3]
	at org.junit.platform.engine.support.hierarchical.NodeTestTask.execute(NodeTestTask.java:116) ~[junit-platform-engine-6.0.3.jar:6.0.3]
	at org.junit.platform.engine.support.hierarchical.SameThreadHierarchicalTestExecutorService.submit(SameThreadHierarchicalTestExecutorService.java:36) ~[junit-platform-engine-6.0.3.jar:6.0.3]
	at org.junit.platform.engine.support.hierarchical.HierarchicalTestExecutor.execute(HierarchicalTestExecutor.java:52) ~[junit-platform-engine-6.0.3.jar:6.0.3]
	at org.junit.platform.engine.support.hierarchical.HierarchicalTestEngine.execute(HierarchicalTestEngine.java:58) ~[junit-platform-engine-6.0.3.jar:6.0.3]
	at org.junit.platform.launcher.core.EngineExecutionOrchestrator.executeEngine(EngineExecutionOrchestrator.java:246) ~[junit-platform-launcher-6.0.3.jar:6.0.3]
	at org.junit.platform.launcher.core.EngineExecutionOrchestrator.failOrExecuteEngine(EngineExecutionOrchestrator.java:218) ~[junit-platform-launcher-6.0.3.jar:6.0.3]
	at org.junit.platform.launcher.core.EngineExecutionOrchestrator.execute(EngineExecutionOrchestrator.java:179) ~[junit-platform-launcher-6.0.3.jar:6.0.3]
	at org.junit.platform.launcher.core.EngineExecutionOrchestrator.execute(EngineExecutionOrchestrator.java:108) ~[junit-platform-launcher-6.0.3.jar:6.0.3]
	at org.junit.platform.launcher.core.EngineExecutionOrchestrator.lambda$execute$0(EngineExecutionOrchestrator.java:66) ~[junit-platform-launcher-6.0.3.jar:6.0.3]
	at org.junit.platform.launcher.core.EngineExecutionOrchestrator.withInterceptedStreams(EngineExecutionOrchestrator.java:157) ~[junit-platform-launcher-6.0.3.jar:6.0.3]
	at org.junit.platform.launcher.core.EngineExecutionOrchestrator.execute(EngineExecutionOrchestrator.java:65) ~[junit-platform-launcher-6.0.3.jar:6.0.3]
	at org.junit.platform.launcher.core.DefaultLauncher.execute(DefaultLauncher.java:125) ~[junit-platform-launcher-6.0.3.jar:6.0.3]
	at org.junit.platform.launcher.core.DefaultLauncher.execute(DefaultLauncher.java:114) ~[junit-platform-launcher-6.0.3.jar:6.0.3]
	at org.junit.platform.launcher.core.DefaultLauncher.execute(DefaultLauncher.java:93) ~[junit-platform-launcher-6.0.3.jar:6.0.3]
	at org.junit.platform.launcher.core.DelegatingLauncher.execute(DelegatingLauncher.java:48) ~[junit-platform-launcher-6.0.3.jar:6.0.3]
	at org.junit.platform.launcher.core.InterceptingLauncher.lambda$execute$0(InterceptingLauncher.java:41) ~[junit-platform-launcher-6.0.3.jar:6.0.3]
	at org.junit.platform.launcher.core.ClasspathAlignmentCheckingLauncherInterceptor.intercept(ClasspathAlignmentCheckingLauncherInterceptor.java:25) ~[junit-platform-launcher-6.0.3.jar:6.0.3]
	at org.junit.platform.launcher.core.InterceptingLauncher.execute(InterceptingLauncher.java:40) ~[junit-platform-launcher-6.0.3.jar:6.0.3]
	at org.junit.platform.launcher.core.DelegatingLauncher.execute(DelegatingLauncher.java:48) ~[junit-platform-launcher-6.0.3.jar:6.0.3]
	at org.junit.platform.launcher.core.SessionPerRequestLauncher.execute(SessionPerRequestLauncher.java:67) ~[junit-platform-launcher-6.0.3.jar:6.0.3]
	at com.intellij.junit6.JUnit6IdeaTestRunner.startRunnerWithArgs(JUnit6IdeaTestRunner.java:67) ~[junit6-rt.jar:?]
	at com.intellij.rt.junit.IdeaTestRunner$Repeater$1.execute(IdeaTestRunner.java:38) ~[junit-rt.jar:?]
	at com.intellij.rt.execution.junit.TestsRepeater.repeat(TestsRepeater.java:11) ~[idea_rt.jar:?]
	at com.intellij.rt.junit.IdeaTestRunner$Repeater.startRunnerWithArgs(IdeaTestRunner.java:35) ~[junit-rt.jar:?]
	at com.intellij.rt.junit.JUnitStarter.prepareStreamsAndStart(JUnitStarter.java:237) [junit-rt.jar:?]
	at com.intellij.rt.junit.JUnitStarter.main(JUnitStarter.java:58) [junit-rt.jar:?]
Caused by: org.springframework.beans.factory.UnsatisfiedDependencyException: Error creating bean with name 'adminRestController' defined in file [C:\Users\ADMIN\Downloads\Revpay\Revpay1\target\classes\com\rev\app\rest\AdminRestController.class]: Unsatisfied dependency expressed through constructor parameter 3: Error creating bean with name 'IWalletServiceImpl' defined in file [C:\Users\ADMIN\Downloads\Revpay\Revpay1\target\classes\com\rev\app\service\IWalletServiceImpl.class]: Unsatisfied dependency expressed through constructor parameter 4: Error creating bean with name 'emailServiceImpl' defined in file [C:\Users\ADMIN\Downloads\Revpay\Revpay1\target\classes\com\rev\app\service\EmailServiceImpl.class]: Unsatisfied dependency expressed through constructor parameter 0: No qualifying bean of type 'org.springframework.mail.javamail.JavaMailSender' available: expected at least 1 bean which qualifies as autowire candidate. Dependency annotations: {}
	at org.springframework.beans.factory.support.ConstructorResolver.createArgumentArray(ConstructorResolver.java:804) ~[spring-beans-7.0.5.jar:7.0.5]
	at org.springframework.beans.factory.support.ConstructorResolver.autowireConstructor(ConstructorResolver.java:240) ~[spring-beans-7.0.5.jar:7.0.5]
	at org.springframework.beans.factory.support.AbstractAutowireCapableBeanFactory.autowireConstructor(AbstractAutowireCapableBeanFactory.java:1382) ~[spring-beans-7.0.5.jar:7.0.5]
	at org.springframework.beans.factory.support.AbstractAutowireCapableBeanFactory.createBeanInstance(AbstractAutowireCapableBeanFactory.java:1221) ~[spring-beans-7.0.5.jar:7.0.5]
	at org.springframework.beans.factory.support.AbstractAutowireCapableBeanFactory.doCreateBean(AbstractAutowireCapableBeanFactory.java:565) ~[spring-beans-7.0.5.jar:7.0.5]
	at org.springframework.beans.factory.support.AbstractAutowireCapableBeanFactory.createBean(AbstractAutowireCapableBeanFactory.java:525) ~[spring-beans-7.0.5.jar:7.0.5]
	at org.springframework.beans.factory.support.AbstractBeanFactory.lambda$doGetBean$0(AbstractBeanFactory.java:333) ~[spring-beans-7.0.5.jar:7.0.5]
	at org.springframework.beans.factory.support.DefaultSingletonBeanRegistry.getSingleton(DefaultSingletonBeanRegistry.java:371) ~[spring-beans-7.0.5.jar:7.0.5]
	at org.springframework.beans.factory.support.AbstractBeanFactory.doGetBean(AbstractBeanFactory.java:331) ~[spring-beans-7.0.5.jar:7.0.5]
	at org.springframework.beans.factory.support.AbstractBeanFactory.getBean(AbstractBeanFactory.java:196) ~[spring-beans-7.0.5.jar:7.0.5]
	at org.springframework.beans.factory.support.DefaultListableBeanFactory.instantiateSingleton(DefaultListableBeanFactory.java:1218) ~[spring-beans-7.0.5.jar:7.0.5]
	at org.springframework.beans.factory.support.DefaultListableBeanFactory.preInstantiateSingleton(DefaultListableBeanFactory.java:1184) ~[spring-beans-7.0.5.jar:7.0.5]
	at org.springframework.beans.factory.support.DefaultListableBeanFactory.preInstantiateSingletons(DefaultListableBeanFactory.java:1121) ~[spring-beans-7.0.5.jar:7.0.5]
	at org.springframework.context.support.AbstractApplicationContext.finishBeanFactoryInitialization(AbstractApplicationContext.java:994) ~[spring-context-7.0.5.jar:7.0.5]
	at org.springframework.context.support.AbstractApplicationContext.refresh(AbstractApplicationContext.java:621) ~[spring-context-7.0.5.jar:7.0.5]
	at org.springframework.boot.SpringApplication.refresh(SpringApplication.java:756) ~[spring-boot-4.0.3.jar:4.0.3]
	at org.springframework.boot.SpringApplication.refreshContext(SpringApplication.java:445) ~[spring-boot-4.0.3.jar:4.0.3]
	at org.springframework.boot.SpringApplication.run(SpringApplication.java:321) ~[spring-boot-4.0.3.jar:4.0.3]
	at org.springframework.boot.test.context.SpringBootContextLoader.lambda$loadContext$2(SpringBootContextLoader.java:156) ~[spring-boot-test-4.0.3.jar:4.0.3]
	at org.springframework.util.function.ThrowingSupplier.get(ThrowingSupplier.java:58) ~[spring-core-7.0.5.jar:7.0.5]
	at org.springframework.util.function.ThrowingSupplier.get(ThrowingSupplier.java:46) ~[spring-core-7.0.5.jar:7.0.5]
	at org.springframework.boot.SpringApplication.withHook(SpringApplication.java:1465) ~[spring-boot-4.0.3.jar:4.0.3]
	at org.springframework.boot.test.context.SpringBootContextLoader$ContextLoaderHook.run(SpringBootContextLoader.java:605) ~[spring-boot-test-4.0.3.jar:4.0.3]
	at org.springframework.boot.test.context.SpringBootContextLoader.loadContext(SpringBootContextLoader.java:156) ~[spring-boot-test-4.0.3.jar:4.0.3]
	at org.springframework.boot.test.context.SpringBootContextLoader.loadContext(SpringBootContextLoader.java:115) ~[spring-boot-test-4.0.3.jar:4.0.3]
	at org.springframework.test.context.cache.DefaultCacheAwareContextLoaderDelegate.loadContextInternal(DefaultCacheAwareContextLoaderDelegate.java:247) ~[spring-test-7.0.5.jar:7.0.5]
	at org.springframework.test.context.cache.DefaultCacheAwareContextLoaderDelegate.lambda$loadContext$0(DefaultCacheAwareContextLoaderDelegate.java:167) ~[spring-test-7.0.5.jar:7.0.5]
	... 82 more
Caused by: org.springframework.beans.factory.UnsatisfiedDependencyException: Error creating bean with name 'IWalletServiceImpl' defined in file [C:\Users\ADMIN\Downloads\Revpay\Revpay1\target\classes\com\rev\app\service\IWalletServiceImpl.class]: Unsatisfied dependency expressed through constructor parameter 4: Error creating bean with name 'emailServiceImpl' defined in file [C:\Users\ADMIN\Downloads\Revpay\Revpay1\target\classes\com\rev\app\service\EmailServiceImpl.class]: Unsatisfied dependency expressed through constructor parameter 0: No qualifying bean of type 'org.springframework.mail.javamail.JavaMailSender' available: expected at least 1 bean which qualifies as autowire candidate. Dependency annotations: {}
	at org.springframework.beans.factory.support.ConstructorResolver.createArgumentArray(ConstructorResolver.java:804) ~[spring-beans-7.0.5.jar:7.0.5]
	at org.springframework.beans.factory.support.ConstructorResolver.autowireConstructor(ConstructorResolver.java:240) ~[spring-beans-7.0.5.jar:7.0.5]
	at org.springframework.beans.factory.support.AbstractAutowireCapableBeanFactory.autowireConstructor(AbstractAutowireCapableBeanFactory.java:1382) ~[spring-beans-7.0.5.jar:7.0.5]
	at org.springframework.beans.factory.support.AbstractAutowireCapableBeanFactory.createBeanInstance(AbstractAutowireCapableBeanFactory.java:1221) ~[spring-beans-7.0.5.jar:7.0.5]
	at org.springframework.beans.factory.support.AbstractAutowireCapableBeanFactory.doCreateBean(AbstractAutowireCapableBeanFactory.java:565) ~[spring-beans-7.0.5.jar:7.0.5]
	at org.springframework.beans.factory.support.AbstractAutowireCapableBeanFactory.createBean(AbstractAutowireCapableBeanFactory.java:525) ~[spring-beans-7.0.5.jar:7.0.5]
	at org.springframework.beans.factory.support.AbstractBeanFactory.lambda$doGetBean$0(AbstractBeanFactory.java:333) ~[spring-beans-7.0.5.jar:7.0.5]
	at org.springframework.beans.factory.support.DefaultSingletonBeanRegistry.getSingleton(DefaultSingletonBeanRegistry.java:371) ~[spring-beans-7.0.5.jar:7.0.5]
	at org.springframework.beans.factory.support.AbstractBeanFactory.doGetBean(AbstractBeanFactory.java:331) ~[spring-beans-7.0.5.jar:7.0.5]
	at org.springframework.beans.factory.support.AbstractBeanFactory.getBean(AbstractBeanFactory.java:201) ~[spring-beans-7.0.5.jar:7.0.5]
	at org.springframework.beans.factory.config.DependencyDescriptor.resolveCandidate(DependencyDescriptor.java:229) ~[spring-beans-7.0.5.jar:7.0.5]
	at org.springframework.beans.factory.support.DefaultListableBeanFactory.doResolveDependency(DefaultListableBeanFactory.java:1762) ~[spring-beans-7.0.5.jar:7.0.5]
	at org.springframework.beans.factory.support.DefaultListableBeanFactory.resolveDependency(DefaultListableBeanFactory.java:1651) ~[spring-beans-7.0.5.jar:7.0.5]
	at org.springframework.beans.factory.support.ConstructorResolver.resolveAutowiredArgument(ConstructorResolver.java:912) ~[spring-beans-7.0.5.jar:7.0.5]
	at org.springframework.beans.factory.support.ConstructorResolver.createArgumentArray(ConstructorResolver.java:791) ~[spring-beans-7.0.5.jar:7.0.5]
	... 108 more
Caused by: org.springframework.beans.factory.UnsatisfiedDependencyException: Error creating bean with name 'emailServiceImpl' defined in file [C:\Users\ADMIN\Downloads\Revpay\Revpay1\target\classes\com\rev\app\service\EmailServiceImpl.class]: Unsatisfied dependency expressed through constructor parameter 0: No qualifying bean of type 'org.springframework.mail.javamail.JavaMailSender' available: expected at least 1 bean which qualifies as autowire candidate. Dependency annotations: {}
	at org.springframework.beans.factory.support.ConstructorResolver.createArgumentArray(ConstructorResolver.java:804) ~[spring-beans-7.0.5.jar:7.0.5]
	at org.springframework.beans.factory.support.ConstructorResolver.autowireConstructor(ConstructorResolver.java:240) ~[spring-beans-7.0.5.jar:7.0.5]
	at org.springframework.beans.factory.support.AbstractAutowireCapableBeanFactory.autowireConstructor(AbstractAutowireCapableBeanFactory.java:1382) ~[spring-beans-7.0.5.jar:7.0.5]
	at org.springframework.beans.factory.support.AbstractAutowireCapableBeanFactory.createBeanInstance(AbstractAutowireCapableBeanFactory.java:1221) ~[spring-beans-7.0.5.jar:7.0.5]
	at org.springframework.beans.factory.support.AbstractAutowireCapableBeanFactory.doCreateBean(AbstractAutowireCapableBeanFactory.java:565) ~[spring-beans-7.0.5.jar:7.0.5]
	at org.springframework.beans.factory.support.AbstractAutowireCapableBeanFactory.createBean(AbstractAutowireCapableBeanFactory.java:525) ~[spring-beans-7.0.5.jar:7.0.5]
	at org.springframework.beans.factory.support.AbstractBeanFactory.lambda$doGetBean$0(AbstractBeanFactory.java:333) ~[spring-beans-7.0.5.jar:7.0.5]
	at org.springframework.beans.factory.support.DefaultSingletonBeanRegistry.getSingleton(DefaultSingletonBeanRegistry.java:371) ~[spring-beans-7.0.5.jar:7.0.5]
	at org.springframework.beans.factory.support.AbstractBeanFactory.doGetBean(AbstractBeanFactory.java:331) ~[spring-beans-7.0.5.jar:7.0.5]
	at org.springframework.beans.factory.support.AbstractBeanFactory.getBean(AbstractBeanFactory.java:201) ~[spring-beans-7.0.5.jar:7.0.5]
	at org.springframework.beans.factory.config.DependencyDescriptor.resolveCandidate(DependencyDescriptor.java:229) ~[spring-beans-7.0.5.jar:7.0.5]
	at org.springframework.beans.factory.support.DefaultListableBeanFactory.doResolveDependency(DefaultListableBeanFactory.java:1762) ~[spring-beans-7.0.5.jar:7.0.5]
	at org.springframework.beans.factory.support.DefaultListableBeanFactory.resolveDependency(DefaultListableBeanFactory.java:1651) ~[spring-beans-7.0.5.jar:7.0.5]
	at org.springframework.beans.factory.support.ConstructorResolver.resolveAutowiredArgument(ConstructorResolver.java:912) ~[spring-beans-7.0.5.jar:7.0.5]
	at org.springframework.beans.factory.support.ConstructorResolver.createArgumentArray(ConstructorResolver.java:791) ~[spring-beans-7.0.5.jar:7.0.5]
	... 122 more
Caused by: org.springframework.beans.factory.NoSuchBeanDefinitionException: No qualifying bean of type 'org.springframework.mail.javamail.JavaMailSender' available: expected at least 1 bean which qualifies as autowire candidate. Dependency annotations: {}
	at org.springframework.beans.factory.support.DefaultListableBeanFactory.raiseNoMatchingBeanFound(DefaultListableBeanFactory.java:2297) ~[spring-beans-7.0.5.jar:7.0.5]
	at org.springframework.beans.factory.support.DefaultListableBeanFactory.doResolveDependency(DefaultListableBeanFactory.java:1725) ~[spring-beans-7.0.5.jar:7.0.5]
	at org.springframework.beans.factory.support.DefaultListableBeanFactory.resolveDependency(DefaultListableBeanFactory.java:1651) ~[spring-beans-7.0.5.jar:7.0.5]
	at org.springframework.beans.factory.support.ConstructorResolver.resolveAutowiredArgument(ConstructorResolver.java:912) ~[spring-beans-7.0.5.jar:7.0.5]
	at org.springframework.beans.factory.support.ConstructorResolver.createArgumentArray(ConstructorResolver.java:791) ~[spring-beans-7.0.5.jar:7.0.5]
	... 136 more

2026-03-02 14:35:04.366  INFO t.c.s.AnnotationConfigContextLoaderUtils : Could not detect default configuration classes for test class [com.rev.app.repository.IPaymentMethodRepositoryTest]: IPaymentMethodRepositoryTest does not declare any static, non-private, non-final, nested classes annotated with @Configuration.
2026-03-02 14:35:04.512  INFO .b.t.c.SpringBootTestContextBootstrapper : Found @SpringBootConfiguration com.rev.app.Revpay1Application for test class com.rev.app.repository.IPaymentMethodRepositoryTest
2026-03-02 14:35:04.518  WARN o.s.t.c.TestContextManager               : Caught exception while allowing TestExecutionListener [org.springframework.test.context.support.DependencyInjectionTestExecutionListener] to prepare test instance [com.rev.app.repository.IPaymentMethodRepositoryTest@3e96089a]

java.lang.IllegalStateException: ApplicationContext failure threshold (1) exceeded: skipping repeated attempt to load context for [MergedContextConfiguration@50fd1535 testClass = com.rev.app.repository.IPaymentMethodRepositoryTest, locations = [], classes = [com.rev.app.Revpay1Application], contextInitializerClasses = [], activeProfiles = [], propertySourceDescriptors = [], propertySourceProperties = ["org.springframework.boot.data.jpa.test.autoconfigure.DataJpaTestContextBootstrapper=true"], contextCustomizers = [[ImportsContextCustomizer@12f1cdab key = [org.springframework.boot.hibernate.autoconfigure.HibernateJpaAutoConfiguration, org.springframework.boot.jpa.test.autoconfigure.TestEntityManagerAutoConfiguration, org.springframework.boot.transaction.autoconfigure.TransactionAutoConfiguration, org.springframework.boot.jdbc.autoconfigure.DataSourceTransactionManagerAutoConfiguration, org.springframework.boot.jdbc.autoconfigure.JdbcTemplateAutoConfiguration, org.springframework.boot.data.jpa.autoconfigure.DataJpaRepositoriesAutoConfiguration, org.springframework.boot.jdbc.autoconfigure.DataSourceInitializationAutoConfiguration, org.springframework.boot.jdbc.autoconfigure.JdbcClientAutoConfiguration, org.springframework.boot.jdbc.test.autoconfigure.TestDatabaseAutoConfiguration, org.springframework.boot.jdbc.autoconfigure.DataSourceAutoConfiguration]], org.springframework.boot.test.context.PropertyMappingContextCustomizer@3441a5e8, org.springframework.boot.test.context.filter.ExcludeFilterContextCustomizer@6088451e, org.springframework.boot.test.context.filter.annotation.TypeExcludeFiltersContextCustomizer@34be3d80, org.springframework.boot.test.json.DuplicateJsonObjectContextCustomizerFactory$DuplicateJsonObjectContextCustomizer@e784320, org.springframework.boot.test.autoconfigure.OnFailureConditionReportContextCustomizerFactory$OnFailureConditionReportContextCustomizer@4bdf, org.springframework.boot.test.autoconfigure.OverrideAutoConfigurationContextCustomizerFactory$DisableAutoConfigurationContextCustomizer@5f05c8d6, org.springframework.test.context.support.DynamicPropertiesContextCustomizer@0, org.springframework.boot.webmvc.test.autoconfigure.WebDriverContextCustomizer@36d33f4, org.springframework.boot.web.server.context.SpringBootTestRandomPortContextCustomizer@550e9be6, org.springframework.boot.test.context.SpringBootTestAnnotation@1e6f85d2], contextLoader = org.springframework.boot.test.context.SpringBootContextLoader, parent = null]
	at org.springframework.test.context.cache.DefaultCacheAwareContextLoaderDelegate.loadContext(DefaultCacheAwareContextLoaderDelegate.java:157) ~[spring-test-7.0.5.jar:7.0.5]
	at org.springframework.test.context.support.DefaultTestContext.getApplicationContext(DefaultTestContext.java:128) ~[spring-test-7.0.5.jar:7.0.5]
	at org.springframework.test.context.support.DependencyInjectionTestExecutionListener.injectDependencies(DependencyInjectionTestExecutionListener.java:155) ~[spring-test-7.0.5.jar:7.0.5]
	at org.springframework.test.context.support.DependencyInjectionTestExecutionListener.prepareTestInstance(DependencyInjectionTestExecutionListener.java:111) ~[spring-test-7.0.5.jar:7.0.5]
	at org.springframework.test.context.TestContextManager.prepareTestInstance(TestContextManager.java:260) ~[spring-test-7.0.5.jar:7.0.5]
	at org.springframework.test.context.junit.jupiter.SpringExtension.postProcessTestInstance(SpringExtension.java:210) ~[spring-test-7.0.5.jar:7.0.5]
	at org.junit.jupiter.engine.descriptor.ClassBasedTestDescriptor.lambda$invokeTestInstancePostProcessors$1(ClassBasedTestDescriptor.java:423) ~[junit-jupiter-engine-6.0.3.jar:6.0.3]
	at org.junit.jupiter.engine.descriptor.ClassBasedTestDescriptor.executeAndMaskThrowable(ClassBasedTestDescriptor.java:428) ~[junit-jupiter-engine-6.0.3.jar:6.0.3]
	at org.junit.jupiter.engine.descriptor.ClassBasedTestDescriptor.lambda$invokeTestInstancePostProcessors$0(ClassBasedTestDescriptor.java:422) ~[junit-jupiter-engine-6.0.3.jar:6.0.3]
	at java.base/java.util.stream.ForEachOps$ForEachOp$OfRef.accept(ForEachOps.java:186) ~[?:?]
	at java.base/java.util.stream.ReferencePipeline$3$1.accept(ReferencePipeline.java:214) ~[?:?]
	at java.base/java.util.stream.ReferencePipeline$2$1.accept(ReferencePipeline.java:197) ~[?:?]
	at java.base/java.util.stream.ReferencePipeline$3$1.accept(ReferencePipeline.java:214) ~[?:?]
	at java.base/java.util.ArrayList$ArrayListSpliterator.forEachRemaining(ArrayList.java:1716) ~[?:?]
	at java.base/java.util.stream.AbstractPipeline.copyInto(AbstractPipeline.java:570) ~[?:?]
	at java.base/java.util.stream.AbstractPipeline.wrapAndCopyInto(AbstractPipeline.java:560) ~[?:?]
	at java.base/java.util.stream.ForEachOps$ForEachOp.evaluateSequential(ForEachOps.java:153) ~[?:?]
	at java.base/java.util.stream.ForEachOps$ForEachOp$OfRef.evaluateSequential(ForEachOps.java:176) ~[?:?]
	at java.base/java.util.stream.AbstractPipeline.evaluate(AbstractPipeline.java:265) ~[?:?]
	at java.base/java.util.stream.ReferencePipeline.forEach(ReferencePipeline.java:632) ~[?:?]
	at org.junit.jupiter.engine.descriptor.ClassBasedTestDescriptor.invokeTestInstancePostProcessors(ClassBasedTestDescriptor.java:422) ~[junit-jupiter-engine-6.0.3.jar:6.0.3]
	at org.junit.jupiter.engine.descriptor.ClassBasedTestDescriptor.lambda$instantiateAndPostProcessTestInstance$0(ClassBasedTestDescriptor.java:334) ~[junit-jupiter-engine-6.0.3.jar:6.0.3]
	at org.junit.platform.engine.support.hierarchical.ThrowableCollector.execute(ThrowableCollector.java:74) ~[junit-platform-engine-6.0.3.jar:6.0.3]
	at org.junit.jupiter.engine.descriptor.ClassBasedTestDescriptor.instantiateAndPostProcessTestInstance(ClassBasedTestDescriptor.java:333) ~[junit-jupiter-engine-6.0.3.jar:6.0.3]
	at org.junit.jupiter.engine.descriptor.ClassBasedTestDescriptor.lambda$testInstancesProvider$1(ClassBasedTestDescriptor.java:322) ~[junit-jupiter-engine-6.0.3.jar:6.0.3]
	at java.base/java.util.Optional.orElseGet(Optional.java:364) ~[?:?]
	at org.junit.jupiter.engine.descriptor.ClassBasedTestDescriptor.lambda$testInstancesProvider$0(ClassBasedTestDescriptor.java:321) ~[junit-jupiter-engine-6.0.3.jar:6.0.3]
	at org.junit.jupiter.engine.execution.TestInstancesProvider.getTestInstances(TestInstancesProvider.java:27) ~[junit-jupiter-engine-6.0.3.jar:6.0.3]
	at org.junit.jupiter.engine.descriptor.TestMethodTestDescriptor.lambda$prepare$0(TestMethodTestDescriptor.java:127) ~[junit-jupiter-engine-6.0.3.jar:6.0.3]
	at org.junit.platform.engine.support.hierarchical.ThrowableCollector.execute(ThrowableCollector.java:74) ~[junit-platform-engine-6.0.3.jar:6.0.3]
	at org.junit.jupiter.engine.descriptor.TestMethodTestDescriptor.prepare(TestMethodTestDescriptor.java:126) ~[junit-jupiter-engine-6.0.3.jar:6.0.3]
	at org.junit.jupiter.engine.descriptor.TestMethodTestDescriptor.prepare(TestMethodTestDescriptor.java:70) ~[junit-jupiter-engine-6.0.3.jar:6.0.3]
	at org.junit.platform.engine.support.hierarchical.NodeTestTask.lambda$prepare$0(NodeTestTask.java:144) ~[junit-platform-engine-6.0.3.jar:6.0.3]
	at org.junit.platform.engine.support.hierarchical.ThrowableCollector.execute(ThrowableCollector.java:74) ~[junit-platform-engine-6.0.3.jar:6.0.3]
	at org.junit.platform.engine.support.hierarchical.NodeTestTask.prepare(NodeTestTask.java:144) ~[junit-platform-engine-6.0.3.jar:6.0.3]
	at org.junit.platform.engine.support.hierarchical.NodeTestTask.execute(NodeTestTask.java:110) ~[junit-platform-engine-6.0.3.jar:6.0.3]
	at java.base/java.util.ArrayList.forEach(ArrayList.java:1604) ~[?:?]
	at org.junit.platform.engine.support.hierarchical.SameThreadHierarchicalTestExecutorService.invokeAll(SameThreadHierarchicalTestExecutorService.java:42) ~[junit-platform-engine-6.0.3.jar:6.0.3]
	at org.junit.platform.engine.support.hierarchical.NodeTestTask.lambda$executeRecursively$2(NodeTestTask.java:180) ~[junit-platform-engine-6.0.3.jar:6.0.3]
	at org.junit.platform.engine.support.hierarchical.ThrowableCollector.execute(ThrowableCollector.java:74) ~[junit-platform-engine-6.0.3.jar:6.0.3]
	at org.junit.platform.engine.support.hierarchical.NodeTestTask.lambda$executeRecursively$1(NodeTestTask.java:166) ~[junit-platform-engine-6.0.3.jar:6.0.3]
	at org.junit.platform.engine.support.hierarchical.Node.around(Node.java:138) ~[junit-platform-engine-6.0.3.jar:6.0.3]
	at org.junit.platform.engine.support.hierarchical.NodeTestTask.lambda$executeRecursively$0(NodeTestTask.java:164) ~[junit-platform-engine-6.0.3.jar:6.0.3]
	at org.junit.platform.engine.support.hierarchical.ThrowableCollector.execute(ThrowableCollector.java:74) ~[junit-platform-engine-6.0.3.jar:6.0.3]
	at org.junit.platform.engine.support.hierarchical.NodeTestTask.executeRecursively(NodeTestTask.java:163) ~[junit-platform-engine-6.0.3.jar:6.0.3]
	at org.junit.platform.engine.support.hierarchical.NodeTestTask.execute(NodeTestTask.java:116) ~[junit-platform-engine-6.0.3.jar:6.0.3]
	at java.base/java.util.ArrayList.forEach(ArrayList.java:1604) ~[?:?]
	at org.junit.platform.engine.support.hierarchical.SameThreadHierarchicalTestExecutorService.invokeAll(SameThreadHierarchicalTestExecutorService.java:42) ~[junit-platform-engine-6.0.3.jar:6.0.3]
	at org.junit.platform.engine.support.hierarchical.NodeTestTask.lambda$executeRecursively$2(NodeTestTask.java:180) ~[junit-platform-engine-6.0.3.jar:6.0.3]
	at org.junit.platform.engine.support.hierarchical.ThrowableCollector.execute(ThrowableCollector.java:74) ~[junit-platform-engine-6.0.3.jar:6.0.3]
	at org.junit.platform.engine.support.hierarchical.NodeTestTask.lambda$executeRecursively$1(NodeTestTask.java:166) ~[junit-platform-engine-6.0.3.jar:6.0.3]
	at org.junit.platform.engine.support.hierarchical.Node.around(Node.java:138) ~[junit-platform-engine-6.0.3.jar:6.0.3]
	at org.junit.platform.engine.support.hierarchical.NodeTestTask.lambda$executeRecursively$0(NodeTestTask.java:164) ~[junit-platform-engine-6.0.3.jar:6.0.3]
	at org.junit.platform.engine.support.hierarchical.ThrowableCollector.execute(ThrowableCollector.java:74) ~[junit-platform-engine-6.0.3.jar:6.0.3]
	at org.junit.platform.engine.support.hierarchical.NodeTestTask.executeRecursively(NodeTestTask.java:163) ~[junit-platform-engine-6.0.3.jar:6.0.3]
	at org.junit.platform.engine.support.hierarchical.NodeTestTask.execute(NodeTestTask.java:116) ~[junit-platform-engine-6.0.3.jar:6.0.3]
	at org.junit.platform.engine.support.hierarchical.SameThreadHierarchicalTestExecutorService.submit(SameThreadHierarchicalTestExecutorService.java:36) ~[junit-platform-engine-6.0.3.jar:6.0.3]
	at org.junit.platform.engine.support.hierarchical.HierarchicalTestExecutor.execute(HierarchicalTestExecutor.java:52) ~[junit-platform-engine-6.0.3.jar:6.0.3]
	at org.junit.platform.engine.support.hierarchical.HierarchicalTestEngine.execute(HierarchicalTestEngine.java:58) ~[junit-platform-engine-6.0.3.jar:6.0.3]
	at org.junit.platform.launcher.core.EngineExecutionOrchestrator.executeEngine(EngineExecutionOrchestrator.java:246) ~[junit-platform-launcher-6.0.3.jar:6.0.3]
	at org.junit.platform.launcher.core.EngineExecutionOrchestrator.failOrExecuteEngine(EngineExecutionOrchestrator.java:218) ~[junit-platform-launcher-6.0.3.jar:6.0.3]
	at org.junit.platform.launcher.core.EngineExecutionOrchestrator.execute(EngineExecutionOrchestrator.java:179) ~[junit-platform-launcher-6.0.3.jar:6.0.3]
	at org.junit.platform.launcher.core.EngineExecutionOrchestrator.execute(EngineExecutionOrchestrator.java:108) ~[junit-platform-launcher-6.0.3.jar:6.0.3]
	at org.junit.platform.launcher.core.EngineExecutionOrchestrator.lambda$execute$0(EngineExecutionOrchestrator.java:66) ~[junit-platform-launcher-6.0.3.jar:6.0.3]
	at org.junit.platform.launcher.core.EngineExecutionOrchestrator.withInterceptedStreams(EngineExecutionOrchestrator.java:157) ~[junit-platform-launcher-6.0.3.jar:6.0.3]
	at org.junit.platform.launcher.core.EngineExecutionOrchestrator.execute(EngineExecutionOrchestrator.java:65) ~[junit-platform-launcher-6.0.3.jar:6.0.3]
	at org.junit.platform.launcher.core.DefaultLauncher.execute(DefaultLauncher.java:125) ~[junit-platform-launcher-6.0.3.jar:6.0.3]
	at org.junit.platform.launcher.core.DefaultLauncher.execute(DefaultLauncher.java:114) ~[junit-platform-launcher-6.0.3.jar:6.0.3]
	at org.junit.platform.launcher.core.DefaultLauncher.execute(DefaultLauncher.java:93) ~[junit-platform-launcher-6.0.3.jar:6.0.3]
	at org.junit.platform.launcher.core.DelegatingLauncher.execute(DelegatingLauncher.java:48) ~[junit-platform-launcher-6.0.3.jar:6.0.3]
	at org.junit.platform.launcher.core.InterceptingLauncher.lambda$execute$0(InterceptingLauncher.java:41) ~[junit-platform-launcher-6.0.3.jar:6.0.3]
	at org.junit.platform.launcher.core.ClasspathAlignmentCheckingLauncherInterceptor.intercept(ClasspathAlignmentCheckingLauncherInterceptor.java:25) ~[junit-platform-launcher-6.0.3.jar:6.0.3]
	at org.junit.platform.launcher.core.InterceptingLauncher.execute(InterceptingLauncher.java:40) ~[junit-platform-launcher-6.0.3.jar:6.0.3]
	at org.junit.platform.launcher.core.DelegatingLauncher.execute(DelegatingLauncher.java:48) ~[junit-platform-launcher-6.0.3.jar:6.0.3]
	at org.junit.platform.launcher.core.SessionPerRequestLauncher.execute(SessionPerRequestLauncher.java:67) ~[junit-platform-launcher-6.0.3.jar:6.0.3]
	at com.intellij.junit6.JUnit6IdeaTestRunner.startRunnerWithArgs(JUnit6IdeaTestRunner.java:67) ~[junit6-rt.jar:?]
	at com.intellij.rt.junit.IdeaTestRunner$Repeater$1.execute(IdeaTestRunner.java:38) ~[junit-rt.jar:?]
	at com.intellij.rt.execution.junit.TestsRepeater.repeat(TestsRepeater.java:11) ~[idea_rt.jar:?]
	at com.intellij.rt.junit.IdeaTestRunner$Repeater.startRunnerWithArgs(IdeaTestRunner.java:35) ~[junit-rt.jar:?]
	at com.intellij.rt.junit.JUnitStarter.prepareStreamsAndStart(JUnitStarter.java:237) [junit-rt.jar:?]
	at com.intellij.rt.junit.JUnitStarter.main(JUnitStarter.java:58) [junit-rt.jar:?]

2026-03-02 14:35:04.530  INFO t.c.s.AnnotationConfigContextLoaderUtils : Could not detect default configuration classes for test class [com.rev.app.repository.IWalletRepositoryTest]: IWalletRepositoryTest does not declare any static, non-private, non-final, nested classes annotated with @Configuration.
2026-03-02 14:35:04.671  INFO .b.t.c.SpringBootTestContextBootstrapper : Found @SpringBootConfiguration com.rev.app.Revpay1Application for test class com.rev.app.repository.IWalletRepositoryTest
2026-03-02 14:35:04.695  WARN o.s.t.c.TestContextManager               : Caught exception while allowing TestExecutionListener [org.springframework.test.context.support.DependencyInjectionTestExecutionListener] to prepare test instance [com.rev.app.repository.IWalletRepositoryTest@b878400]

java.lang.IllegalStateException: ApplicationContext failure threshold (1) exceeded: skipping repeated attempt to load context for [MergedContextConfiguration@7e8a249 testClass = com.rev.app.repository.IWalletRepositoryTest, locations = [], classes = [com.rev.app.Revpay1Application], contextInitializerClasses = [], activeProfiles = [], propertySourceDescriptors = [], propertySourceProperties = ["org.springframework.boot.data.jpa.test.autoconfigure.DataJpaTestContextBootstrapper=true"], contextCustomizers = [[ImportsContextCustomizer@3a8be13b key = [org.springframework.boot.hibernate.autoconfigure.HibernateJpaAutoConfiguration, org.springframework.boot.jpa.test.autoconfigure.TestEntityManagerAutoConfiguration, org.springframework.boot.transaction.autoconfigure.TransactionAutoConfiguration, org.springframework.boot.jdbc.autoconfigure.DataSourceTransactionManagerAutoConfiguration, org.springframework.boot.jdbc.autoconfigure.JdbcTemplateAutoConfiguration, org.springframework.boot.data.jpa.autoconfigure.DataJpaRepositoriesAutoConfiguration, org.springframework.boot.jdbc.autoconfigure.DataSourceInitializationAutoConfiguration, org.springframework.boot.jdbc.autoconfigure.JdbcClientAutoConfiguration, org.springframework.boot.jdbc.test.autoconfigure.TestDatabaseAutoConfiguration, org.springframework.boot.jdbc.autoconfigure.DataSourceAutoConfiguration]], org.springframework.boot.test.context.PropertyMappingContextCustomizer@3441a5e8, org.springframework.boot.test.context.filter.ExcludeFilterContextCustomizer@6088451e, org.springframework.boot.test.context.filter.annotation.TypeExcludeFiltersContextCustomizer@34be3d80, org.springframework.boot.test.json.DuplicateJsonObjectContextCustomizerFactory$DuplicateJsonObjectContextCustomizer@e784320, org.springframework.boot.test.autoconfigure.OnFailureConditionReportContextCustomizerFactory$OnFailureConditionReportContextCustomizer@4bdf, org.springframework.boot.test.autoconfigure.OverrideAutoConfigurationContextCustomizerFactory$DisableAutoConfigurationContextCustomizer@5f05c8d6, org.springframework.test.context.support.DynamicPropertiesContextCustomizer@0, org.springframework.boot.webmvc.test.autoconfigure.WebDriverContextCustomizer@36d33f4, org.springframework.boot.web.server.context.SpringBootTestRandomPortContextCustomizer@550e9be6, org.springframework.boot.test.context.SpringBootTestAnnotation@1e6f85d2], contextLoader = org.springframework.boot.test.context.SpringBootContextLoader, parent = null]
	at org.springframework.test.context.cache.DefaultCacheAwareContextLoaderDelegate.loadContext(DefaultCacheAwareContextLoaderDelegate.java:157) ~[spring-test-7.0.5.jar:7.0.5]
	at org.springframework.test.context.support.DefaultTestContext.getApplicationContext(DefaultTestContext.java:128) ~[spring-test-7.0.5.jar:7.0.5]
	at org.springframework.test.context.support.DependencyInjectionTestExecutionListener.injectDependencies(DependencyInjectionTestExecutionListener.java:155) ~[spring-test-7.0.5.jar:7.0.5]
	at org.springframework.test.context.support.DependencyInjectionTestExecutionListener.prepareTestInstance(DependencyInjectionTestExecutionListener.java:111) ~[spring-test-7.0.5.jar:7.0.5]
	at org.springframework.test.context.TestContextManager.prepareTestInstance(TestContextManager.java:260) ~[spring-test-7.0.5.jar:7.0.5]
	at org.springframework.test.context.junit.jupiter.SpringExtension.postProcessTestInstance(SpringExtension.java:210) ~[spring-test-7.0.5.jar:7.0.5]
	at org.junit.jupiter.engine.descriptor.ClassBasedTestDescriptor.lambda$invokeTestInstancePostProcessors$1(ClassBasedTestDescriptor.java:423) ~[junit-jupiter-engine-6.0.3.jar:6.0.3]
	at org.junit.jupiter.engine.descriptor.ClassBasedTestDescriptor.executeAndMaskThrowable(ClassBasedTestDescriptor.java:428) ~[junit-jupiter-engine-6.0.3.jar:6.0.3]
	at org.junit.jupiter.engine.descriptor.ClassBasedTestDescriptor.lambda$invokeTestInstancePostProcessors$0(ClassBasedTestDescriptor.java:422) ~[junit-jupiter-engine-6.0.3.jar:6.0.3]
	at java.base/java.util.stream.ForEachOps$ForEachOp$OfRef.accept(ForEachOps.java:186) ~[?:?]
	at java.base/java.util.stream.ReferencePipeline$3$1.accept(ReferencePipeline.java:214) ~[?:?]
	at java.base/java.util.stream.ReferencePipeline$2$1.accept(ReferencePipeline.java:197) ~[?:?]
	at java.base/java.util.stream.ReferencePipeline$3$1.accept(ReferencePipeline.java:214) ~[?:?]
	at java.base/java.util.ArrayList$ArrayListSpliterator.forEachRemaining(ArrayList.java:1716) ~[?:?]
	at java.base/java.util.stream.AbstractPipeline.copyInto(AbstractPipeline.java:570) ~[?:?]
	at java.base/java.util.stream.AbstractPipeline.wrapAndCopyInto(AbstractPipeline.java:560) ~[?:?]
	at java.base/java.util.stream.ForEachOps$ForEachOp.evaluateSequential(ForEachOps.java:153) ~[?:?]
	at java.base/java.util.stream.ForEachOps$ForEachOp$OfRef.evaluateSequential(ForEachOps.java:176) ~[?:?]
	at java.base/java.util.stream.AbstractPipeline.evaluate(AbstractPipeline.java:265) ~[?:?]
	at java.base/java.util.stream.ReferencePipeline.forEach(ReferencePipeline.java:632) ~[?:?]
	at org.junit.jupiter.engine.descriptor.ClassBasedTestDescriptor.invokeTestInstancePostProcessors(ClassBasedTestDescriptor.java:422) ~[junit-jupiter-engine-6.0.3.jar:6.0.3]
	at org.junit.jupiter.engine.descriptor.ClassBasedTestDescriptor.lambda$instantiateAndPostProcessTestInstance$0(ClassBasedTestDescriptor.java:334) ~[junit-jupiter-engine-6.0.3.jar:6.0.3]
	at org.junit.platform.engine.support.hierarchical.ThrowableCollector.execute(ThrowableCollector.java:74) ~[junit-platform-engine-6.0.3.jar:6.0.3]
	at org.junit.jupiter.engine.descriptor.ClassBasedTestDescriptor.instantiateAndPostProcessTestInstance(ClassBasedTestDescriptor.java:333) ~[junit-jupiter-engine-6.0.3.jar:6.0.3]
	at org.junit.jupiter.engine.descriptor.ClassBasedTestDescriptor.lambda$testInstancesProvider$1(ClassBasedTestDescriptor.java:322) ~[junit-jupiter-engine-6.0.3.jar:6.0.3]
	at java.base/java.util.Optional.orElseGet(Optional.java:364) ~[?:?]
	at org.junit.jupiter.engine.descriptor.ClassBasedTestDescriptor.lambda$testInstancesProvider$0(ClassBasedTestDescriptor.java:321) ~[junit-jupiter-engine-6.0.3.jar:6.0.3]
	at org.junit.jupiter.engine.execution.TestInstancesProvider.getTestInstances(TestInstancesProvider.java:27) ~[junit-jupiter-engine-6.0.3.jar:6.0.3]
	at org.junit.jupiter.engine.descriptor.TestMethodTestDescriptor.lambda$prepare$0(TestMethodTestDescriptor.java:127) ~[junit-jupiter-engine-6.0.3.jar:6.0.3]
	at org.junit.platform.engine.support.hierarchical.ThrowableCollector.execute(ThrowableCollector.java:74) ~[junit-platform-engine-6.0.3.jar:6.0.3]
	at org.junit.jupiter.engine.descriptor.TestMethodTestDescriptor.prepare(TestMethodTestDescriptor.java:126) ~[junit-jupiter-engine-6.0.3.jar:6.0.3]
	at org.junit.jupiter.engine.descriptor.TestMethodTestDescriptor.prepare(TestMethodTestDescriptor.java:70) ~[junit-jupiter-engine-6.0.3.jar:6.0.3]
	at org.junit.platform.engine.support.hierarchical.NodeTestTask.lambda$prepare$0(NodeTestTask.java:144) ~[junit-platform-engine-6.0.3.jar:6.0.3]
	at org.junit.platform.engine.support.hierarchical.ThrowableCollector.execute(ThrowableCollector.java:74) ~[junit-platform-engine-6.0.3.jar:6.0.3]
	at org.junit.platform.engine.support.hierarchical.NodeTestTask.prepare(NodeTestTask.java:144) ~[junit-platform-engine-6.0.3.jar:6.0.3]
	at org.junit.platform.engine.support.hierarchical.NodeTestTask.execute(NodeTestTask.java:110) ~[junit-platform-engine-6.0.3.jar:6.0.3]
	at java.base/java.util.ArrayList.forEach(ArrayList.java:1604) ~[?:?]
	at org.junit.platform.engine.support.hierarchical.SameThreadHierarchicalTestExecutorService.invokeAll(SameThreadHierarchicalTestExecutorService.java:42) ~[junit-platform-engine-6.0.3.jar:6.0.3]
	at org.junit.platform.engine.support.hierarchical.NodeTestTask.lambda$executeRecursively$2(NodeTestTask.java:180) ~[junit-platform-engine-6.0.3.jar:6.0.3]
	at org.junit.platform.engine.support.hierarchical.ThrowableCollector.execute(ThrowableCollector.java:74) ~[junit-platform-engine-6.0.3.jar:6.0.3]
	at org.junit.platform.engine.support.hierarchical.NodeTestTask.lambda$executeRecursively$1(NodeTestTask.java:166) ~[junit-platform-engine-6.0.3.jar:6.0.3]
	at org.junit.platform.engine.support.hierarchical.Node.around(Node.java:138) ~[junit-platform-engine-6.0.3.jar:6.0.3]
	at org.junit.platform.engine.support.hierarchical.NodeTestTask.lambda$executeRecursively$0(NodeTestTask.java:164) ~[junit-platform-engine-6.0.3.jar:6.0.3]
	at org.junit.platform.engine.support.hierarchical.ThrowableCollector.execute(ThrowableCollector.java:74) ~[junit-platform-engine-6.0.3.jar:6.0.3]
	at org.junit.platform.engine.support.hierarchical.NodeTestTask.executeRecursively(NodeTestTask.java:163) ~[junit-platform-engine-6.0.3.jar:6.0.3]
	at org.junit.platform.engine.support.hierarchical.NodeTestTask.execute(NodeTestTask.java:116) ~[junit-platform-engine-6.0.3.jar:6.0.3]
	at java.base/java.util.ArrayList.forEach(ArrayList.java:1604) ~[?:?]
	at org.junit.platform.engine.support.hierarchical.SameThreadHierarchicalTestExecutorService.invokeAll(SameThreadHierarchicalTestExecutorService.java:42) ~[junit-platform-engine-6.0.3.jar:6.0.3]
	at org.junit.platform.engine.support.hierarchical.NodeTestTask.lambda$executeRecursively$2(NodeTestTask.java:180) ~[junit-platform-engine-6.0.3.jar:6.0.3]
	at org.junit.platform.engine.support.hierarchical.ThrowableCollector.execute(ThrowableCollector.java:74) ~[junit-platform-engine-6.0.3.jar:6.0.3]
	at org.junit.platform.engine.support.hierarchical.NodeTestTask.lambda$executeRecursively$1(NodeTestTask.java:166) ~[junit-platform-engine-6.0.3.jar:6.0.3]
	at org.junit.platform.engine.support.hierarchical.Node.around(Node.java:138) ~[junit-platform-engine-6.0.3.jar:6.0.3]
	at org.junit.platform.engine.support.hierarchical.NodeTestTask.lambda$executeRecursively$0(NodeTestTask.java:164) ~[junit-platform-engine-6.0.3.jar:6.0.3]
	at org.junit.platform.engine.support.hierarchical.ThrowableCollector.execute(ThrowableCollector.java:74) ~[junit-platform-engine-6.0.3.jar:6.0.3]
	at org.junit.platform.engine.support.hierarchical.NodeTestTask.executeRecursively(NodeTestTask.java:163) ~[junit-platform-engine-6.0.3.jar:6.0.3]
	at org.junit.platform.engine.support.hierarchical.NodeTestTask.execute(NodeTestTask.java:116) ~[junit-platform-engine-6.0.3.jar:6.0.3]
	at org.junit.platform.engine.support.hierarchical.SameThreadHierarchicalTestExecutorService.submit(SameThreadHierarchicalTestExecutorService.java:36) ~[junit-platform-engine-6.0.3.jar:6.0.3]
	at org.junit.platform.engine.support.hierarchical.HierarchicalTestExecutor.execute(HierarchicalTestExecutor.java:52) ~[junit-platform-engine-6.0.3.jar:6.0.3]
	at org.junit.platform.engine.support.hierarchical.HierarchicalTestEngine.execute(HierarchicalTestEngine.java:58) ~[junit-platform-engine-6.0.3.jar:6.0.3]
	at org.junit.platform.launcher.core.EngineExecutionOrchestrator.executeEngine(EngineExecutionOrchestrator.java:246) ~[junit-platform-launcher-6.0.3.jar:6.0.3]
	at org.junit.platform.launcher.core.EngineExecutionOrchestrator.failOrExecuteEngine(EngineExecutionOrchestrator.java:218) ~[junit-platform-launcher-6.0.3.jar:6.0.3]
	at org.junit.platform.launcher.core.EngineExecutionOrchestrator.execute(EngineExecutionOrchestrator.java:179) ~[junit-platform-launcher-6.0.3.jar:6.0.3]
	at org.junit.platform.launcher.core.EngineExecutionOrchestrator.execute(EngineExecutionOrchestrator.java:108) ~[junit-platform-launcher-6.0.3.jar:6.0.3]
	at org.junit.platform.launcher.core.EngineExecutionOrchestrator.lambda$execute$0(EngineExecutionOrchestrator.java:66) ~[junit-platform-launcher-6.0.3.jar:6.0.3]
	at org.junit.platform.launcher.core.EngineExecutionOrchestrator.withInterceptedStreams(EngineExecutionOrchestrator.java:157) ~[junit-platform-launcher-6.0.3.jar:6.0.3]
	at org.junit.platform.launcher.core.EngineExecutionOrchestrator.execute(EngineExecutionOrchestrator.java:65) ~[junit-platform-launcher-6.0.3.jar:6.0.3]
	at org.junit.platform.launcher.core.DefaultLauncher.execute(DefaultLauncher.java:125) ~[junit-platform-launcher-6.0.3.jar:6.0.3]
	at org.junit.platform.launcher.core.DefaultLauncher.execute(DefaultLauncher.java:114) ~[junit-platform-launcher-6.0.3.jar:6.0.3]
	at org.junit.platform.launcher.core.DefaultLauncher.execute(DefaultLauncher.java:93) ~[junit-platform-launcher-6.0.3.jar:6.0.3]
	at org.junit.platform.launcher.core.DelegatingLauncher.execute(DelegatingLauncher.java:48) ~[junit-platform-launcher-6.0.3.jar:6.0.3]
	at org.junit.platform.launcher.core.InterceptingLauncher.lambda$execute$0(InterceptingLauncher.java:41) ~[junit-platform-launcher-6.0.3.jar:6.0.3]
	at org.junit.platform.launcher.core.ClasspathAlignmentCheckingLauncherInterceptor.intercept(ClasspathAlignmentCheckingLauncherInterceptor.java:25) ~[junit-platform-launcher-6.0.3.jar:6.0.3]
	at org.junit.platform.launcher.core.InterceptingLauncher.execute(InterceptingLauncher.java:40) ~[junit-platform-launcher-6.0.3.jar:6.0.3]
	at org.junit.platform.launcher.core.DelegatingLauncher.execute(DelegatingLauncher.java:48) ~[junit-platform-launcher-6.0.3.jar:6.0.3]
	at org.junit.platform.launcher.core.SessionPerRequestLauncher.execute(SessionPerRequestLauncher.java:67) ~[junit-platform-launcher-6.0.3.jar:6.0.3]
	at com.intellij.junit6.JUnit6IdeaTestRunner.startRunnerWithArgs(JUnit6IdeaTestRunner.java:67) ~[junit6-rt.jar:?]
	at com.intellij.rt.junit.IdeaTestRunner$Repeater$1.execute(IdeaTestRunner.java:38) ~[junit-rt.jar:?]
	at com.intellij.rt.execution.junit.TestsRepeater.repeat(TestsRepeater.java:11) ~[idea_rt.jar:?]
	at com.intellij.rt.junit.IdeaTestRunner$Repeater.startRunnerWithArgs(IdeaTestRunner.java:35) ~[junit-rt.jar:?]
	at com.intellij.rt.junit.JUnitStarter.prepareStreamsAndStart(JUnitStarter.java:237) [junit-rt.jar:?]
	at com.intellij.rt.junit.JUnitStarter.main(JUnitStarter.java:58) [junit-rt.jar:?]

2026-03-02 14:35:05.626  INFO c.r.a.s.IWalletServiceImpl               : Withdrawing 100.00 funds from wallet for user ID: 1
2026-03-02 14:35:05.628  WARN c.r.a.s.IWalletServiceImpl               : Failed to withdraw funds: Insufficient funds 50.00 for withdrawal of 100.00
2026-03-02 14:35:09.131  INFO c.r.a.s.IDocumentServiceImpl             : Uploading document type ID_PROOF for user ID: 1
2026-03-02 14:35:09.162  INFO c.r.a.s.IDocumentServiceImpl             : Document ID 50 has been marked as verified.
2026-03-02 14:35:09.183  INFO c.r.a.s.IDocumentServiceImpl             : Document ID 50 deleted.
2026-03-02 14:35:09.422  INFO c.r.a.s.IUserServiceImpl                 : Attempting to register personal user with email: test@test.com
2026-03-02 14:35:09.427  INFO c.r.a.s.IUserServiceImpl                 : Successfully registered personal user with ID: 1
2026-03-02 14:35:09.468  INFO c.r.a.s.IUserServiceImpl                 : Attempting to register personal user with email: test@test.com
2026-03-02 14:35:09.469  WARN c.r.a.s.IUserServiceImpl                 : Registration failed: Email test@test.com already registered
2026-03-02 14:35:09.691  INFO t.c.s.AnnotationConfigContextLoaderUtils : Could not detect default configuration classes for test class [com.rev.app.repository.IDocumentRepositoryTest]: IDocumentRepositoryTest does not declare any static, non-private, non-final, nested classes annotated with @Configuration.
2026-03-02 14:35:09.869  INFO .b.t.c.SpringBootTestContextBootstrapper : Found @SpringBootConfiguration com.rev.app.Revpay1Application for test class com.rev.app.repository.IDocumentRepositoryTest
2026-03-02 14:35:09.877  WARN o.s.t.c.TestContextManager               : Caught exception while allowing TestExecutionListener [org.springframework.test.context.support.DependencyInjectionTestExecutionListener] to prepare test instance [com.rev.app.repository.IDocumentRepositoryTest@2de829a7]

java.lang.IllegalStateException: ApplicationContext failure threshold (1) exceeded: skipping repeated attempt to load context for [MergedContextConfiguration@4220fef7 testClass = com.rev.app.repository.IDocumentRepositoryTest, locations = [], classes = [com.rev.app.Revpay1Application], contextInitializerClasses = [], activeProfiles = [], propertySourceDescriptors = [], propertySourceProperties = ["org.springframework.boot.data.jpa.test.autoconfigure.DataJpaTestContextBootstrapper=true"], contextCustomizers = [[ImportsContextCustomizer@3d01c301 key = [org.springframework.boot.hibernate.autoconfigure.HibernateJpaAutoConfiguration, org.springframework.boot.jpa.test.autoconfigure.TestEntityManagerAutoConfiguration, org.springframework.boot.transaction.autoconfigure.TransactionAutoConfiguration, org.springframework.boot.jdbc.autoconfigure.DataSourceTransactionManagerAutoConfiguration, org.springframework.boot.jdbc.autoconfigure.JdbcTemplateAutoConfiguration, org.springframework.boot.data.jpa.autoconfigure.DataJpaRepositoriesAutoConfiguration, org.springframework.boot.jdbc.autoconfigure.DataSourceInitializationAutoConfiguration, org.springframework.boot.jdbc.autoconfigure.JdbcClientAutoConfiguration, org.springframework.boot.jdbc.test.autoconfigure.TestDatabaseAutoConfiguration, org.springframework.boot.jdbc.autoconfigure.DataSourceAutoConfiguration]], org.springframework.boot.test.context.PropertyMappingContextCustomizer@3441a5e8, org.springframework.boot.test.context.filter.ExcludeFilterContextCustomizer@6088451e, org.springframework.boot.test.context.filter.annotation.TypeExcludeFiltersContextCustomizer@34be3d80, org.springframework.boot.test.json.DuplicateJsonObjectContextCustomizerFactory$DuplicateJsonObjectContextCustomizer@e784320, org.springframework.boot.test.autoconfigure.OnFailureConditionReportContextCustomizerFactory$OnFailureConditionReportContextCustomizer@4bdf, org.springframework.boot.test.autoconfigure.OverrideAutoConfigurationContextCustomizerFactory$DisableAutoConfigurationContextCustomizer@5f05c8d6, org.springframework.test.context.support.DynamicPropertiesContextCustomizer@0, org.springframework.boot.webmvc.test.autoconfigure.WebDriverContextCustomizer@36d33f4, org.springframework.boot.web.server.context.SpringBootTestRandomPortContextCustomizer@550e9be6, org.springframework.boot.test.context.SpringBootTestAnnotation@1e6f85d2], contextLoader = org.springframework.boot.test.context.SpringBootContextLoader, parent = null]
	at org.springframework.test.context.cache.DefaultCacheAwareContextLoaderDelegate.loadContext(DefaultCacheAwareContextLoaderDelegate.java:157) ~[spring-test-7.0.5.jar:7.0.5]
	at org.springframework.test.context.support.DefaultTestContext.getApplicationContext(DefaultTestContext.java:128) ~[spring-test-7.0.5.jar:7.0.5]
	at org.springframework.test.context.support.DependencyInjectionTestExecutionListener.injectDependencies(DependencyInjectionTestExecutionListener.java:155) ~[spring-test-7.0.5.jar:7.0.5]
	at org.springframework.test.context.support.DependencyInjectionTestExecutionListener.prepareTestInstance(DependencyInjectionTestExecutionListener.java:111) ~[spring-test-7.0.5.jar:7.0.5]
	at org.springframework.test.context.TestContextManager.prepareTestInstance(TestContextManager.java:260) ~[spring-test-7.0.5.jar:7.0.5]
	at org.springframework.test.context.junit.jupiter.SpringExtension.postProcessTestInstance(SpringExtension.java:210) ~[spring-test-7.0.5.jar:7.0.5]
	at org.junit.jupiter.engine.descriptor.ClassBasedTestDescriptor.lambda$invokeTestInstancePostProcessors$1(ClassBasedTestDescriptor.java:423) ~[junit-jupiter-engine-6.0.3.jar:6.0.3]
	at org.junit.jupiter.engine.descriptor.ClassBasedTestDescriptor.executeAndMaskThrowable(ClassBasedTestDescriptor.java:428) ~[junit-jupiter-engine-6.0.3.jar:6.0.3]
	at org.junit.jupiter.engine.descriptor.ClassBasedTestDescriptor.lambda$invokeTestInstancePostProcessors$0(ClassBasedTestDescriptor.java:422) ~[junit-jupiter-engine-6.0.3.jar:6.0.3]
	at java.base/java.util.stream.ForEachOps$ForEachOp$OfRef.accept(ForEachOps.java:186) ~[?:?]
	at java.base/java.util.stream.ReferencePipeline$3$1.accept(ReferencePipeline.java:214) ~[?:?]
	at java.base/java.util.stream.ReferencePipeline$2$1.accept(ReferencePipeline.java:197) ~[?:?]
	at java.base/java.util.stream.ReferencePipeline$3$1.accept(ReferencePipeline.java:214) ~[?:?]
	at java.base/java.util.ArrayList$ArrayListSpliterator.forEachRemaining(ArrayList.java:1716) ~[?:?]
	at java.base/java.util.stream.AbstractPipeline.copyInto(AbstractPipeline.java:570) ~[?:?]
	at java.base/java.util.stream.AbstractPipeline.wrapAndCopyInto(AbstractPipeline.java:560) ~[?:?]
	at java.base/java.util.stream.ForEachOps$ForEachOp.evaluateSequential(ForEachOps.java:153) ~[?:?]
	at java.base/java.util.stream.ForEachOps$ForEachOp$OfRef.evaluateSequential(ForEachOps.java:176) ~[?:?]
	at java.base/java.util.stream.AbstractPipeline.evaluate(AbstractPipeline.java:265) ~[?:?]
	at java.base/java.util.stream.ReferencePipeline.forEach(ReferencePipeline.java:632) ~[?:?]
	at org.junit.jupiter.engine.descriptor.ClassBasedTestDescriptor.invokeTestInstancePostProcessors(ClassBasedTestDescriptor.java:422) ~[junit-jupiter-engine-6.0.3.jar:6.0.3]
	at org.junit.jupiter.engine.descriptor.ClassBasedTestDescriptor.lambda$instantiateAndPostProcessTestInstance$0(ClassBasedTestDescriptor.java:334) ~[junit-jupiter-engine-6.0.3.jar:6.0.3]
	at org.junit.platform.engine.support.hierarchical.ThrowableCollector.execute(ThrowableCollector.java:74) ~[junit-platform-engine-6.0.3.jar:6.0.3]
	at org.junit.jupiter.engine.descriptor.ClassBasedTestDescriptor.instantiateAndPostProcessTestInstance(ClassBasedTestDescriptor.java:333) ~[junit-jupiter-engine-6.0.3.jar:6.0.3]
	at org.junit.jupiter.engine.descriptor.ClassBasedTestDescriptor.lambda$testInstancesProvider$1(ClassBasedTestDescriptor.java:322) ~[junit-jupiter-engine-6.0.3.jar:6.0.3]
	at java.base/java.util.Optional.orElseGet(Optional.java:364) ~[?:?]
	at org.junit.jupiter.engine.descriptor.ClassBasedTestDescriptor.lambda$testInstancesProvider$0(ClassBasedTestDescriptor.java:321) ~[junit-jupiter-engine-6.0.3.jar:6.0.3]
	at org.junit.jupiter.engine.execution.TestInstancesProvider.getTestInstances(TestInstancesProvider.java:27) ~[junit-jupiter-engine-6.0.3.jar:6.0.3]
	at org.junit.jupiter.engine.descriptor.TestMethodTestDescriptor.lambda$prepare$0(TestMethodTestDescriptor.java:127) ~[junit-jupiter-engine-6.0.3.jar:6.0.3]
	at org.junit.platform.engine.support.hierarchical.ThrowableCollector.execute(ThrowableCollector.java:74) ~[junit-platform-engine-6.0.3.jar:6.0.3]
	at org.junit.jupiter.engine.descriptor.TestMethodTestDescriptor.prepare(TestMethodTestDescriptor.java:126) ~[junit-jupiter-engine-6.0.3.jar:6.0.3]
	at org.junit.jupiter.engine.descriptor.TestMethodTestDescriptor.prepare(TestMethodTestDescriptor.java:70) ~[junit-jupiter-engine-6.0.3.jar:6.0.3]
	at org.junit.platform.engine.support.hierarchical.NodeTestTask.lambda$prepare$0(NodeTestTask.java:144) ~[junit-platform-engine-6.0.3.jar:6.0.3]
	at org.junit.platform.engine.support.hierarchical.ThrowableCollector.execute(ThrowableCollector.java:74) ~[junit-platform-engine-6.0.3.jar:6.0.3]
	at org.junit.platform.engine.support.hierarchical.NodeTestTask.prepare(NodeTestTask.java:144) ~[junit-platform-engine-6.0.3.jar:6.0.3]
	at org.junit.platform.engine.support.hierarchical.NodeTestTask.execute(NodeTestTask.java:110) ~[junit-platform-engine-6.0.3.jar:6.0.3]
	at java.base/java.util.ArrayList.forEach(ArrayList.java:1604) ~[?:?]
	at org.junit.platform.engine.support.hierarchical.SameThreadHierarchicalTestExecutorService.invokeAll(SameThreadHierarchicalTestExecutorService.java:42) ~[junit-platform-engine-6.0.3.jar:6.0.3]
	at org.junit.platform.engine.support.hierarchical.NodeTestTask.lambda$executeRecursively$2(NodeTestTask.java:180) ~[junit-platform-engine-6.0.3.jar:6.0.3]
	at org.junit.platform.engine.support.hierarchical.ThrowableCollector.execute(ThrowableCollector.java:74) ~[junit-platform-engine-6.0.3.jar:6.0.3]
	at org.junit.platform.engine.support.hierarchical.NodeTestTask.lambda$executeRecursively$1(NodeTestTask.java:166) ~[junit-platform-engine-6.0.3.jar:6.0.3]
	at org.junit.platform.engine.support.hierarchical.Node.around(Node.java:138) ~[junit-platform-engine-6.0.3.jar:6.0.3]
	at org.junit.platform.engine.support.hierarchical.NodeTestTask.lambda$executeRecursively$0(NodeTestTask.java:164) ~[junit-platform-engine-6.0.3.jar:6.0.3]
	at org.junit.platform.engine.support.hierarchical.ThrowableCollector.execute(ThrowableCollector.java:74) ~[junit-platform-engine-6.0.3.jar:6.0.3]
	at org.junit.platform.engine.support.hierarchical.NodeTestTask.executeRecursively(NodeTestTask.java:163) ~[junit-platform-engine-6.0.3.jar:6.0.3]
	at org.junit.platform.engine.support.hierarchical.NodeTestTask.execute(NodeTestTask.java:116) ~[junit-platform-engine-6.0.3.jar:6.0.3]
	at java.base/java.util.ArrayList.forEach(ArrayList.java:1604) ~[?:?]
	at org.junit.platform.engine.support.hierarchical.SameThreadHierarchicalTestExecutorService.invokeAll(SameThreadHierarchicalTestExecutorService.java:42) ~[junit-platform-engine-6.0.3.jar:6.0.3]
	at org.junit.platform.engine.support.hierarchical.NodeTestTask.lambda$executeRecursively$2(NodeTestTask.java:180) ~[junit-platform-engine-6.0.3.jar:6.0.3]
	at org.junit.platform.engine.support.hierarchical.ThrowableCollector.execute(ThrowableCollector.java:74) ~[junit-platform-engine-6.0.3.jar:6.0.3]
	at org.junit.platform.engine.support.hierarchical.NodeTestTask.lambda$executeRecursively$1(NodeTestTask.java:166) ~[junit-platform-engine-6.0.3.jar:6.0.3]
	at org.junit.platform.engine.support.hierarchical.Node.around(Node.java:138) ~[junit-platform-engine-6.0.3.jar:6.0.3]
	at org.junit.platform.engine.support.hierarchical.NodeTestTask.lambda$executeRecursively$0(NodeTestTask.java:164) ~[junit-platform-engine-6.0.3.jar:6.0.3]
	at org.junit.platform.engine.support.hierarchical.ThrowableCollector.execute(ThrowableCollector.java:74) ~[junit-platform-engine-6.0.3.jar:6.0.3]
	at org.junit.platform.engine.support.hierarchical.NodeTestTask.executeRecursively(NodeTestTask.java:163) ~[junit-platform-engine-6.0.3.jar:6.0.3]
	at org.junit.platform.engine.support.hierarchical.NodeTestTask.execute(NodeTestTask.java:116) ~[junit-platform-engine-6.0.3.jar:6.0.3]
	at org.junit.platform.engine.support.hierarchical.SameThreadHierarchicalTestExecutorService.submit(SameThreadHierarchicalTestExecutorService.java:36) ~[junit-platform-engine-6.0.3.jar:6.0.3]
	at org.junit.platform.engine.support.hierarchical.HierarchicalTestExecutor.execute(HierarchicalTestExecutor.java:52) ~[junit-platform-engine-6.0.3.jar:6.0.3]
	at org.junit.platform.engine.support.hierarchical.HierarchicalTestEngine.execute(HierarchicalTestEngine.java:58) ~[junit-platform-engine-6.0.3.jar:6.0.3]
	at org.junit.platform.launcher.core.EngineExecutionOrchestrator.executeEngine(EngineExecutionOrchestrator.java:246) ~[junit-platform-launcher-6.0.3.jar:6.0.3]
	at org.junit.platform.launcher.core.EngineExecutionOrchestrator.failOrExecuteEngine(EngineExecutionOrchestrator.java:218) ~[junit-platform-launcher-6.0.3.jar:6.0.3]
	at org.junit.platform.launcher.core.EngineExecutionOrchestrator.execute(EngineExecutionOrchestrator.java:179) ~[junit-platform-launcher-6.0.3.jar:6.0.3]
	at org.junit.platform.launcher.core.EngineExecutionOrchestrator.execute(EngineExecutionOrchestrator.java:108) ~[junit-platform-launcher-6.0.3.jar:6.0.3]
	at org.junit.platform.launcher.core.EngineExecutionOrchestrator.lambda$execute$0(EngineExecutionOrchestrator.java:66) ~[junit-platform-launcher-6.0.3.jar:6.0.3]
	at org.junit.platform.launcher.core.EngineExecutionOrchestrator.withInterceptedStreams(EngineExecutionOrchestrator.java:157) ~[junit-platform-launcher-6.0.3.jar:6.0.3]
	at org.junit.platform.launcher.core.EngineExecutionOrchestrator.execute(EngineExecutionOrchestrator.java:65) ~[junit-platform-launcher-6.0.3.jar:6.0.3]
	at org.junit.platform.launcher.core.DefaultLauncher.execute(DefaultLauncher.java:125) ~[junit-platform-launcher-6.0.3.jar:6.0.3]
	at org.junit.platform.launcher.core.DefaultLauncher.execute(DefaultLauncher.java:114) ~[junit-platform-launcher-6.0.3.jar:6.0.3]
	at org.junit.platform.launcher.core.DefaultLauncher.execute(DefaultLauncher.java:93) ~[junit-platform-launcher-6.0.3.jar:6.0.3]
	at org.junit.platform.launcher.core.DelegatingLauncher.execute(DelegatingLauncher.java:48) ~[junit-platform-launcher-6.0.3.jar:6.0.3]
	at org.junit.platform.launcher.core.InterceptingLauncher.lambda$execute$0(InterceptingLauncher.java:41) ~[junit-platform-launcher-6.0.3.jar:6.0.3]
	at org.junit.platform.launcher.core.ClasspathAlignmentCheckingLauncherInterceptor.intercept(ClasspathAlignmentCheckingLauncherInterceptor.java:25) ~[junit-platform-launcher-6.0.3.jar:6.0.3]
	at org.junit.platform.launcher.core.InterceptingLauncher.execute(InterceptingLauncher.java:40) ~[junit-platform-launcher-6.0.3.jar:6.0.3]
	at org.junit.platform.launcher.core.DelegatingLauncher.execute(DelegatingLauncher.java:48) ~[junit-platform-launcher-6.0.3.jar:6.0.3]
	at org.junit.platform.launcher.core.SessionPerRequestLauncher.execute(SessionPerRequestLauncher.java:67) ~[junit-platform-launcher-6.0.3.jar:6.0.3]
	at com.intellij.junit6.JUnit6IdeaTestRunner.startRunnerWithArgs(JUnit6IdeaTestRunner.java:67) ~[junit6-rt.jar:?]
	at com.intellij.rt.junit.IdeaTestRunner$Repeater$1.execute(IdeaTestRunner.java:38) ~[junit-rt.jar:?]
	at com.intellij.rt.execution.junit.TestsRepeater.repeat(TestsRepeater.java:11) ~[idea_rt.jar:?]
	at com.intellij.rt.junit.IdeaTestRunner$Repeater.startRunnerWithArgs(IdeaTestRunner.java:35) ~[junit-rt.jar:?]
	at com.intellij.rt.junit.JUnitStarter.prepareStreamsAndStart(JUnitStarter.java:237) [junit-rt.jar:?]
	at com.intellij.rt.junit.JUnitStarter.main(JUnitStarter.java:58) [junit-rt.jar:?]

2026-03-02 14:35:24.952  INFO c.r.a.Revpay1Application                 : Starting Revpay1Application using Java 25.0.1 with PID 15100 (C:\Users\ADMIN\Downloads\Revpay\Revpay1\target\classes started by ADMIN in C:\Users\ADMIN\Downloads\Revpay\Revpay1)
2026-03-02 14:35:25.182 DEBUG c.r.a.Revpay1Application                 : Running with Spring Boot v4.0.3, Spring v7.0.5
2026-03-02 14:35:25.222  INFO c.r.a.Revpay1Application                 : No active profile set, falling back to 1 default profile: "default"
2026-03-02 14:35:25.823  INFO o.h.v.i.u.Version                        : HV000001: Hibernate Validator 9.0.1.Final
2026-03-02 14:35:25.944  INFO o.s.b.d.r.ChangeableUrls                 : The Class-Path manifest attribute in C:\Users\ADMIN\.m2\repository\com\oracle\database\jdbc\ojdbc11\23.9.0.25.07\ojdbc11-23.9.0.25.07.jar referenced one or more files that do not exist: file:/C:/Users/ADMIN/.m2/repository/com/oracle/database/jdbc/ojdbc11/23.9.0.25.07/oraclepki.jar
2026-03-02 14:35:25.945  INFO .e.DevToolsPropertyDefaultsPostProcessor : Devtools property defaults active! Set 'spring.devtools.add-properties' to 'false' to disable
2026-03-02 14:35:25.946  INFO .e.DevToolsPropertyDefaultsPostProcessor : For additional web related logging consider setting the 'logging.level.web' property to 'DEBUG'
2026-03-02 14:35:29.239  INFO .s.d.r.c.RepositoryConfigurationDelegate : Bootstrapping Spring Data JPA repositories in DEFAULT mode.
2026-03-02 14:35:29.655  INFO .s.d.r.c.RepositoryConfigurationDelegate : Finished Spring Data repository scanning in 380 ms. Found 10 JPA repository interfaces.
2026-03-02 14:35:32.711  INFO o.s.b.t.TomcatWebServer                  : Tomcat initialized with port 8099 (http)
2026-03-02 14:35:32.754  INFO o.a.c.h.Http11NioProtocol                : Initializing ProtocolHandler ["http-nio-8099"]
2026-03-02 14:35:32.759  INFO o.a.c.c.StandardService                  : Starting service [Tomcat]
2026-03-02 14:35:32.760  INFO o.a.c.c.StandardEngine                   : Starting Servlet engine: [Apache Tomcat/11.0.18]
2026-03-02 14:35:32.884  INFO b.w.c.s.WebApplicationContextInitializer : Root WebApplicationContext: initialization completed in 6936 ms
2026-03-02 14:35:33.507  INFO o.h.o.jpa                                : HHH008540: Processing PersistenceUnitInfo [name: default]
2026-03-02 14:35:33.648  INFO o.h.o.core                               : HHH000001: Hibernate ORM core version 7.2.4.Final
2026-03-02 14:35:35.120  INFO o.s.o.j.p.SpringPersistenceUnitInfo      : No LoadTimeWeaver setup: ignoring JPA class transformer
2026-03-02 14:35:35.195  INFO c.z.h.HikariDataSource                   : HikariPool-1 - Starting...
2026-03-02 14:35:38.295  INFO c.z.h.p.HikariPool                       : HikariPool-1 - Added connection oracle.jdbc.driver.T4CConnection@35bbda92
2026-03-02 14:35:38.304  INFO c.z.h.HikariDataSource                   : HikariPool-1 - Start completed.
2026-03-02 14:35:39.902  WARN o.h.o.deprecation                        : HHH90000025: OracleDialect does not need to be specified explicitly using 'hibernate.dialect' (remove the property setting and it will be selected by default)
2026-03-02 14:35:40.756  WARN o.h.o.jdbc                               : HHH100123: Low default JDBC fetch size: 10 (consider setting 'hibernate.jdbc.fetch_size')
2026-03-02 14:35:40.808  INFO o.h.o.c.pooling                          : HHH10001005: Database info:
	Database JDBC URL [jdbc:oracle:thin:@//db.freesql.com:1521/23ai_34ui2]
	Database driver: Oracle JDBC driver
	Database dialect: OracleDialect
	Database version: 23.9
	Default catalog/schema: undefined/ASHIVATEJA2208_SCHEMA_J1A0D
	Autocommit mode: undefined/unknown
	Isolation level: READ_COMMITTED [default READ_COMMITTED]
	JDBC fetch size: 10
	Pool: DataSourceConnectionProvider
	Minimum pool size: undefined/unknown
	Maximum pool size: undefined/unknown
2026-03-02 14:35:43.980  INFO o.h.o.core                               : HHH000489: No JTA platform available (set 'hibernate.transaction.jta.platform' to enable JTA platform integration)
2026-03-02 14:36:35.374  INFO c.r.a.Revpay1Application                 : Starting Revpay1Application using Java 25.0.1 with PID 13460 (C:\Users\ADMIN\Downloads\Revpay\Revpay1\target\classes started by ADMIN in C:\Users\ADMIN\Downloads\Revpay\Revpay1)
2026-03-02 14:36:35.390 DEBUG c.r.a.Revpay1Application                 : Running with Spring Boot v4.0.3, Spring v7.0.5
2026-03-02 14:36:35.392  INFO c.r.a.Revpay1Application                 : No active profile set, falling back to 1 default profile: "default"
2026-03-02 14:36:36.098  INFO o.s.b.d.r.ChangeableUrls                 : The Class-Path manifest attribute in C:\Users\ADMIN\.m2\repository\com\oracle\database\jdbc\ojdbc11\23.9.0.25.07\ojdbc11-23.9.0.25.07.jar referenced one or more files that do not exist: file:/C:/Users/ADMIN/.m2/repository/com/oracle/database/jdbc/ojdbc11/23.9.0.25.07/oraclepki.jar
2026-03-02 14:36:36.099  INFO .e.DevToolsPropertyDefaultsPostProcessor : Devtools property defaults active! Set 'spring.devtools.add-properties' to 'false' to disable
2026-03-02 14:36:36.099  INFO .e.DevToolsPropertyDefaultsPostProcessor : For additional web related logging consider setting the 'logging.level.web' property to 'DEBUG'
2026-03-02 14:36:36.257  INFO o.h.v.i.u.Version                        : HV000001: Hibernate Validator 9.0.1.Final
2026-03-02 14:36:40.225  INFO .s.d.r.c.RepositoryConfigurationDelegate : Bootstrapping Spring Data JPA repositories in DEFAULT mode.
2026-03-02 14:36:40.838  INFO .s.d.r.c.RepositoryConfigurationDelegate : Finished Spring Data repository scanning in 561 ms. Found 10 JPA repository interfaces.
2026-03-02 14:36:44.129  INFO o.s.b.t.TomcatWebServer                  : Tomcat initialized with port 8099 (http)
2026-03-02 14:36:44.170  INFO o.a.c.h.Http11NioProtocol                : Initializing ProtocolHandler ["http-nio-8099"]
2026-03-02 14:36:44.178  INFO o.a.c.c.StandardService                  : Starting service [Tomcat]
2026-03-02 14:36:44.179  INFO o.a.c.c.StandardEngine                   : Starting Servlet engine: [Apache Tomcat/11.0.18]
2026-03-02 14:36:44.343  INFO b.w.c.s.WebApplicationContextInitializer : Root WebApplicationContext: initialization completed in 8242 ms
2026-03-02 14:36:45.290  INFO o.h.o.jpa                                : HHH008540: Processing PersistenceUnitInfo [name: default]
2026-03-02 14:36:45.566  INFO o.h.o.core                               : HHH000001: Hibernate ORM core version 7.2.4.Final
2026-03-02 14:36:47.768  INFO o.s.o.j.p.SpringPersistenceUnitInfo      : No LoadTimeWeaver setup: ignoring JPA class transformer
2026-03-02 14:36:47.993  INFO c.z.h.HikariDataSource                   : HikariPool-1 - Starting...
2026-03-02 14:36:49.371  INFO j.LocalContainerEntityManagerFactoryBean : Initialized JPA EntityManagerFactory for persistence unit 'default'
2026-03-02 14:36:49.654  INFO o.s.d.j.r.q.QueryEnhancerFactories       : Hibernate is in classpath; If applicable, HQL parser will be used.
2026-03-02 14:36:50.767 DEBUG c.r.a.s.RateLimitingFilter               : Filter 'rateLimitingFilter' configured for use
2026-03-02 14:36:50.767 DEBUG c.r.a.s.JwtAuthFilter                    : Filter 'jwtAuthFilter' configured for use
2026-03-02 14:36:55.072  WARN o.h.o.j.error                            : HHH000247: ErrorCode: 2391, SQLState: 61000
2026-03-02 14:36:55.072  WARN o.h.o.j.error                            : ORA-02391: exceeded simultaneous SESSIONS_PER_USER limit

https://docs.oracle.com/error-help/db/ora-02391/
2026-03-02 14:36:55.076  WARN o.h.o.jdbc                               : HHH100046: Could not obtain connection to query JDBC database metadata

org.hibernate.exception.GenericJDBCException: Unable to obtain isolated JDBC connection [ORA-02391: exceeded simultaneous SESSIONS_PER_USER limit

https://docs.oracle.com/error-help/db/ora-02391/] [n/a]
	at org.hibernate.exception.internal.StandardSQLExceptionConverter.convert(StandardSQLExceptionConverter.java:39) ~[hibernate-core-7.2.4.Final.jar:7.2.4.Final]
	at org.hibernate.engine.jdbc.spi.SqlExceptionHelper.convert(SqlExceptionHelper.java:115) ~[hibernate-core-7.2.4.Final.jar:7.2.4.Final]
	at org.hibernate.engine.jdbc.spi.SqlExceptionHelper.convert(SqlExceptionHelper.java:101) ~[hibernate-core-7.2.4.Final.jar:7.2.4.Final]
	at org.hibernate.resource.transaction.backend.jdbc.internal.JdbcIsolationDelegate.delegateWork(JdbcIsolationDelegate.java:51) ~[hibernate-core-7.2.4.Final.jar:7.2.4.Final]
	at org.hibernate.engine.jdbc.env.internal.JdbcEnvironmentInitiator.getJdbcEnvironmentUsingJdbcMetadata(JdbcEnvironmentInitiator.java:366) ~[hibernate-core-7.2.4.Final.jar:7.2.4.Final]
	at org.hibernate.engine.jdbc.env.internal.JdbcEnvironmentInitiator.getJdbcEnvironment(JdbcEnvironmentInitiator.java:143) ~[hibernate-core-7.2.4.Final.jar:7.2.4.Final]
	at org.hibernate.engine.jdbc.env.internal.JdbcEnvironmentInitiator.initiateService(JdbcEnvironmentInitiator.java:120) ~[hibernate-core-7.2.4.Final.jar:7.2.4.Final]
	at org.hibernate.engine.jdbc.env.internal.JdbcEnvironmentInitiator.initiateService(JdbcEnvironmentInitiator.java:80) ~[hibernate-core-7.2.4.Final.jar:7.2.4.Final]
	at org.hibernate.boot.registry.internal.StandardServiceRegistryImpl.initiateService(StandardServiceRegistryImpl.java:133) ~[hibernate-core-7.2.4.Final.jar:7.2.4.Final]
	at org.hibernate.service.internal.AbstractServiceRegistryImpl.createService(AbstractServiceRegistryImpl.java:260) ~[hibernate-core-7.2.4.Final.jar:7.2.4.Final]
	at org.hibernate.service.internal.AbstractServiceRegistryImpl.initializeService(AbstractServiceRegistryImpl.java:235) ~[hibernate-core-7.2.4.Final.jar:7.2.4.Final]
	at org.hibernate.service.internal.AbstractServiceRegistryImpl.getService(AbstractServiceRegistryImpl.java:212) ~[hibernate-core-7.2.4.Final.jar:7.2.4.Final]
	at org.hibernate.boot.model.relational.Database.<init>(Database.java:44) ~[hibernate-core-7.2.4.Final.jar:7.2.4.Final]
	at org.hibernate.boot.internal.InFlightMetadataCollectorImpl.getDatabase(InFlightMetadataCollectorImpl.java:251) ~[hibernate-core-7.2.4.Final.jar:7.2.4.Final]
	at org.hibernate.boot.internal.InFlightMetadataCollectorImpl.<init>(InFlightMetadataCollectorImpl.java:203) ~[hibernate-core-7.2.4.Final.jar:7.2.4.Final]
	at org.hibernate.boot.model.process.spi.MetadataBuildingProcess.complete(MetadataBuildingProcess.java:170) ~[hibernate-core-7.2.4.Final.jar:7.2.4.Final]
	at org.hibernate.jpa.boot.internal.EntityManagerFactoryBuilderImpl.metadata(EntityManagerFactoryBuilderImpl.java:1392) ~[hibernate-core-7.2.4.Final.jar:7.2.4.Final]
	at org.hibernate.jpa.boot.internal.EntityManagerFactoryBuilderImpl.populateSessionFactoryBuilder(EntityManagerFactoryBuilderImpl.java:1472) ~[hibernate-core-7.2.4.Final.jar:7.2.4.Final]
	at org.hibernate.jpa.boot.internal.EntityManagerFactoryBuilderImpl.build(EntityManagerFactoryBuilderImpl.java:1454) ~[hibernate-core-7.2.4.Final.jar:7.2.4.Final]
	at org.springframework.orm.jpa.vendor.SpringHibernateJpaPersistenceProvider.createContainerEntityManagerFactory(SpringHibernateJpaPersistenceProvider.java:93) ~[spring-orm-7.0.5.jar:7.0.5]
	at org.springframework.orm.jpa.LocalContainerEntityManagerFactoryBean.createNativeEntityManagerFactory(LocalContainerEntityManagerFactoryBean.java:443) ~[spring-orm-7.0.5.jar:7.0.5]
	at org.springframework.orm.jpa.AbstractEntityManagerFactoryBean.buildNativeEntityManagerFactory(AbstractEntityManagerFactoryBean.java:436) ~[spring-orm-7.0.5.jar:7.0.5]
	at org.springframework.orm.jpa.AbstractEntityManagerFactoryBean.afterPropertiesSet(AbstractEntityManagerFactoryBean.java:411) ~[spring-orm-7.0.5.jar:7.0.5]
	at org.springframework.orm.jpa.LocalContainerEntityManagerFactoryBean.afterPropertiesSet(LocalContainerEntityManagerFactoryBean.java:419) ~[spring-orm-7.0.5.jar:7.0.5]
	at org.springframework.beans.factory.support.AbstractAutowireCapableBeanFactory.invokeInitMethods(AbstractAutowireCapableBeanFactory.java:1864) ~[spring-beans-7.0.5.jar:7.0.5]
	at org.springframework.beans.factory.support.AbstractAutowireCapableBeanFactory.initializeBean(AbstractAutowireCapableBeanFactory.java:1813) ~[spring-beans-7.0.5.jar:7.0.5]
	at org.springframework.beans.factory.support.AbstractAutowireCapableBeanFactory.doCreateBean(AbstractAutowireCapableBeanFactory.java:603) ~[spring-beans-7.0.5.jar:7.0.5]
	at org.springframework.beans.factory.support.AbstractAutowireCapableBeanFactory.createBean(AbstractAutowireCapableBeanFactory.java:525) ~[spring-beans-7.0.5.jar:7.0.5]
	at org.springframework.beans.factory.support.AbstractBeanFactory.lambda$doGetBean$0(AbstractBeanFactory.java:333) ~[spring-beans-7.0.5.jar:7.0.5]
	at org.springframework.beans.factory.support.DefaultSingletonBeanRegistry.getSingleton(DefaultSingletonBeanRegistry.java:371) ~[spring-beans-7.0.5.jar:7.0.5]
	at org.springframework.beans.factory.support.AbstractBeanFactory.doGetBean(AbstractBeanFactory.java:331) ~[spring-beans-7.0.5.jar:7.0.5]
	at org.springframework.beans.factory.support.AbstractBeanFactory.getBean(AbstractBeanFactory.java:196) ~[spring-beans-7.0.5.jar:7.0.5]
	at org.springframework.beans.factory.support.BeanDefinitionValueResolver.resolveReference(BeanDefinitionValueResolver.java:365) ~[spring-beans-7.0.5.jar:7.0.5]
	at org.springframework.beans.factory.support.BeanDefinitionValueResolver.resolveValueIfNecessary(BeanDefinitionValueResolver.java:135) ~[spring-beans-7.0.5.jar:7.0.5]
	at org.springframework.beans.factory.support.ConstructorResolver.resolveConstructorArguments(ConstructorResolver.java:691) ~[spring-beans-7.0.5.jar:7.0.5]
	at org.springframework.beans.factory.support.ConstructorResolver.instantiateUsingFactoryMethod(ConstructorResolver.java:513) ~[spring-beans-7.0.5.jar:7.0.5]
	at org.springframework.beans.factory.support.AbstractAutowireCapableBeanFactory.instantiateUsingFactoryMethod(AbstractAutowireCapableBeanFactory.java:1362) ~[spring-beans-7.0.5.jar:7.0.5]
	at org.springframework.beans.factory.support.AbstractAutowireCapableBeanFactory.createBeanInstance(AbstractAutowireCapableBeanFactory.java:1194) ~[spring-beans-7.0.5.jar:7.0.5]
	at org.springframework.beans.factory.support.AbstractAutowireCapableBeanFactory.doCreateBean(AbstractAutowireCapableBeanFactory.java:565) ~[spring-beans-7.0.5.jar:7.0.5]
	at org.springframework.beans.factory.support.AbstractAutowireCapableBeanFactory.createBean(AbstractAutowireCapableBeanFactory.java:525) ~[spring-beans-7.0.5.jar:7.0.5]
	at org.springframework.beans.factory.support.AbstractBeanFactory.lambda$doGetBean$0(AbstractBeanFactory.java:333) ~[spring-beans-7.0.5.jar:7.0.5]
	at org.springframework.beans.factory.support.DefaultSingletonBeanRegistry.getSingleton(DefaultSingletonBeanRegistry.java:371) ~[spring-beans-7.0.5.jar:7.0.5]
	at org.springframework.beans.factory.support.AbstractBeanFactory.doGetBean(AbstractBeanFactory.java:331) ~[spring-beans-7.0.5.jar:7.0.5]
	at org.springframework.beans.factory.support.AbstractBeanFactory.getBean(AbstractBeanFactory.java:201) ~[spring-beans-7.0.5.jar:7.0.5]
	at org.springframework.beans.factory.support.BeanDefinitionValueResolver.resolveReference(BeanDefinitionValueResolver.java:356) ~[spring-beans-7.0.5.jar:7.0.5]
	at org.springframework.beans.factory.support.BeanDefinitionValueResolver.resolveValueIfNecessary(BeanDefinitionValueResolver.java:135) ~[spring-beans-7.0.5.jar:7.0.5]
	at org.springframework.beans.factory.support.AbstractAutowireCapableBeanFactory.applyPropertyValues(AbstractAutowireCapableBeanFactory.java:1712) ~[spring-beans-7.0.5.jar:7.0.5]
	at org.springframework.beans.factory.support.AbstractAutowireCapableBeanFactory.populateBean(AbstractAutowireCapableBeanFactory.java:1461) ~[spring-beans-7.0.5.jar:7.0.5]
	at org.springframework.beans.factory.support.AbstractAutowireCapableBeanFactory.doCreateBean(AbstractAutowireCapableBeanFactory.java:602) ~[spring-beans-7.0.5.jar:7.0.5]
	at org.springframework.beans.factory.support.AbstractAutowireCapableBeanFactory.createBean(AbstractAutowireCapableBeanFactory.java:525) ~[spring-beans-7.0.5.jar:7.0.5]
	at org.springframework.beans.factory.support.AbstractBeanFactory.lambda$doGetBean$0(AbstractBeanFactory.java:333) ~[spring-beans-7.0.5.jar:7.0.5]
	at org.springframework.beans.factory.support.DefaultSingletonBeanRegistry.getSingleton(DefaultSingletonBeanRegistry.java:371) ~[spring-beans-7.0.5.jar:7.0.5]
	at org.springframework.beans.factory.support.AbstractBeanFactory.doGetBean(AbstractBeanFactory.java:331) ~[spring-beans-7.0.5.jar:7.0.5]
	at org.springframework.beans.factory.support.AbstractBeanFactory.getBean(AbstractBeanFactory.java:201) ~[spring-beans-7.0.5.jar:7.0.5]
	at org.springframework.beans.factory.config.DependencyDescriptor.resolveCandidate(DependencyDescriptor.java:229) ~[spring-beans-7.0.5.jar:7.0.5]
	at org.springframework.beans.factory.support.DefaultListableBeanFactory.doResolveDependency(DefaultListableBeanFactory.java:1762) ~[spring-beans-7.0.5.jar:7.0.5]
	at org.springframework.beans.factory.support.DefaultListableBeanFactory.resolveDependency(DefaultListableBeanFactory.java:1651) ~[spring-beans-7.0.5.jar:7.0.5]
	at org.springframework.beans.factory.support.ConstructorResolver.resolveAutowiredArgument(ConstructorResolver.java:912) ~[spring-beans-7.0.5.jar:7.0.5]
	at org.springframework.beans.factory.support.ConstructorResolver.createArgumentArray(ConstructorResolver.java:791) ~[spring-beans-7.0.5.jar:7.0.5]
	at org.springframework.beans.factory.support.ConstructorResolver.autowireConstructor(ConstructorResolver.java:240) ~[spring-beans-7.0.5.jar:7.0.5]
	at org.springframework.beans.factory.support.AbstractAutowireCapableBeanFactory.autowireConstructor(AbstractAutowireCapableBeanFactory.java:1382) ~[spring-beans-7.0.5.jar:7.0.5]
	at org.springframework.beans.factory.support.AbstractAutowireCapableBeanFactory.createBeanInstance(AbstractAutowireCapableBeanFactory.java:1221) ~[spring-beans-7.0.5.jar:7.0.5]
	at org.springframework.beans.factory.support.AbstractAutowireCapableBeanFactory.doCreateBean(AbstractAutowireCapableBeanFactory.java:565) ~[spring-beans-7.0.5.jar:7.0.5]
	at org.springframework.beans.factory.support.AbstractAutowireCapableBeanFactory.createBean(AbstractAutowireCapableBeanFactory.java:525) ~[spring-beans-7.0.5.jar:7.0.5]
	at org.springframework.beans.factory.support.AbstractBeanFactory.lambda$doGetBean$0(AbstractBeanFactory.java:333) ~[spring-beans-7.0.5.jar:7.0.5]
	at org.springframework.beans.factory.support.DefaultSingletonBeanRegistry.getSingleton(DefaultSingletonBeanRegistry.java:371) ~[spring-beans-7.0.5.jar:7.0.5]
	at org.springframework.beans.factory.support.AbstractBeanFactory.doGetBean(AbstractBeanFactory.java:331) ~[spring-beans-7.0.5.jar:7.0.5]
	at org.springframework.beans.factory.support.AbstractBeanFactory.getBean(AbstractBeanFactory.java:201) ~[spring-beans-7.0.5.jar:7.0.5]
	at org.springframework.beans.factory.support.DefaultListableBeanFactory.resolveBean(DefaultListableBeanFactory.java:1225) ~[spring-beans-7.0.5.jar:7.0.5]
	at org.springframework.beans.factory.support.DefaultListableBeanFactory.doResolveDependency(DefaultListableBeanFactory.java:1704) ~[spring-beans-7.0.5.jar:7.0.5]
	at org.springframework.beans.factory.support.DefaultListableBeanFactory.resolveDependency(DefaultListableBeanFactory.java:1651) ~[spring-beans-7.0.5.jar:7.0.5]
	at org.springframework.beans.factory.support.ConstructorResolver.resolveAutowiredArgument(ConstructorResolver.java:912) ~[spring-beans-7.0.5.jar:7.0.5]
	at org.springframework.beans.factory.support.ConstructorResolver.createArgumentArray(ConstructorResolver.java:791) ~[spring-beans-7.0.5.jar:7.0.5]
	at org.springframework.beans.factory.support.ConstructorResolver.autowireConstructor(ConstructorResolver.java:240) ~[spring-beans-7.0.5.jar:7.0.5]
	at org.springframework.beans.factory.support.AbstractAutowireCapableBeanFactory.autowireConstructor(AbstractAutowireCapableBeanFactory.java:1382) ~[spring-beans-7.0.5.jar:7.0.5]
	at org.springframework.beans.factory.support.AbstractAutowireCapableBeanFactory.createBeanInstance(AbstractAutowireCapableBeanFactory.java:1221) ~[spring-beans-7.0.5.jar:7.0.5]
	at org.springframework.beans.factory.support.AbstractAutowireCapableBeanFactory.doCreateBean(AbstractAutowireCapableBeanFactory.java:565) ~[spring-beans-7.0.5.jar:7.0.5]
	at org.springframework.beans.factory.support.AbstractAutowireCapableBeanFactory.createBean(AbstractAutowireCapableBeanFactory.java:525) ~[spring-beans-7.0.5.jar:7.0.5]
	at org.springframework.beans.factory.support.AbstractBeanFactory.lambda$doGetBean$0(AbstractBeanFactory.java:333) ~[spring-beans-7.0.5.jar:7.0.5]
	at org.springframework.beans.factory.support.DefaultSingletonBeanRegistry.getSingleton(DefaultSingletonBeanRegistry.java:371) ~[spring-beans-7.0.5.jar:7.0.5]
	at org.springframework.beans.factory.support.AbstractBeanFactory.doGetBean(AbstractBeanFactory.java:331) ~[spring-beans-7.0.5.jar:7.0.5]
	at org.springframework.beans.factory.support.AbstractBeanFactory.getBean(AbstractBeanFactory.java:201) ~[spring-beans-7.0.5.jar:7.0.5]
	at org.springframework.boot.web.servlet.ServletContextInitializerBeans.getOrderedBeansOfType(ServletContextInitializerBeans.java:231) ~[spring-boot-4.0.3.jar:4.0.3]
	at org.springframework.boot.web.servlet.ServletContextInitializerBeans.addAsRegistrationBean(ServletContextInitializerBeans.java:185) ~[spring-boot-4.0.3.jar:4.0.3]
	at org.springframework.boot.web.servlet.ServletContextInitializerBeans.addAsRegistrationBean(ServletContextInitializerBeans.java:180) ~[spring-boot-4.0.3.jar:4.0.3]
	at org.springframework.boot.web.servlet.ServletContextInitializerBeans.addAdaptableBeans(ServletContextInitializerBeans.java:165) ~[spring-boot-4.0.3.jar:4.0.3]
	at org.springframework.boot.web.servlet.ServletContextInitializerBeans.<init>(ServletContextInitializerBeans.java:97) ~[spring-boot-4.0.3.jar:4.0.3]
	at org.springframework.boot.web.context.servlet.WebApplicationContextInitializer.initialize(WebApplicationContextInitializer.java:53) ~[spring-boot-4.0.3.jar:4.0.3]
	at org.springframework.boot.tomcat.servlet.DeferredServletContainerInitializers.onStartup(DeferredServletContainerInitializers.java:55) ~[spring-boot-tomcat-4.0.3.jar:4.0.3]
	at org.apache.catalina.core.StandardContext.startInternal(StandardContext.java:4416) ~[tomcat-embed-core-11.0.18.jar:11.0.18]
	at org.apache.catalina.util.LifecycleBase.start(LifecycleBase.java:164) ~[tomcat-embed-core-11.0.18.jar:11.0.18]
	at org.apache.catalina.core.ContainerBase$StartChild.call(ContainerBase.java:1162) ~[tomcat-embed-core-11.0.18.jar:11.0.18]
	at org.apache.catalina.core.ContainerBase$StartChild.call(ContainerBase.java:1158) ~[tomcat-embed-core-11.0.18.jar:11.0.18]
	at java.base/java.util.concurrent.FutureTask.run(FutureTask.java:328) ~[?:?]
	at org.apache.tomcat.util.threads.InlineExecutorService.execute(InlineExecutorService.java:81) ~[tomcat-embed-core-11.0.18.jar:11.0.18]
	at java.base/java.util.concurrent.AbstractExecutorService.submit(AbstractExecutorService.java:149) ~[?:?]
	at org.apache.catalina.core.ContainerBase.startInternal(ContainerBase.java:714) ~[tomcat-embed-core-11.0.18.jar:11.0.18]
	at org.apache.catalina.core.StandardHost.startInternal(StandardHost.java:780) ~[tomcat-embed-core-11.0.18.jar:11.0.18]
	at org.apache.catalina.util.LifecycleBase.start(LifecycleBase.java:164) ~[tomcat-embed-core-11.0.18.jar:11.0.18]
	at org.apache.catalina.core.ContainerBase$StartChild.call(ContainerBase.java:1162) ~[tomcat-embed-core-11.0.18.jar:11.0.18]
	at org.apache.catalina.core.ContainerBase$StartChild.call(ContainerBase.java:1158) ~[tomcat-embed-core-11.0.18.jar:11.0.18]
	at java.base/java.util.concurrent.FutureTask.run(FutureTask.java:328) ~[?:?]
	at org.apache.tomcat.util.threads.InlineExecutorService.execute(InlineExecutorService.java:81) ~[tomcat-embed-core-11.0.18.jar:11.0.18]
	at java.base/java.util.concurrent.AbstractExecutorService.submit(AbstractExecutorService.java:149) ~[?:?]
	at org.apache.catalina.core.ContainerBase.startInternal(ContainerBase.java:714) ~[tomcat-embed-core-11.0.18.jar:11.0.18]
	at org.apache.catalina.core.StandardEngine.startInternal(StandardEngine.java:201) ~[tomcat-embed-core-11.0.18.jar:11.0.18]
	at org.apache.catalina.util.LifecycleBase.start(LifecycleBase.java:164) ~[tomcat-embed-core-11.0.18.jar:11.0.18]
	at org.apache.catalina.core.StandardService.startInternal(StandardService.java:410) ~[tomcat-embed-core-11.0.18.jar:11.0.18]
	at org.apache.catalina.util.LifecycleBase.start(LifecycleBase.java:164) ~[tomcat-embed-core-11.0.18.jar:11.0.18]
	at org.apache.catalina.core.StandardServer.startInternal(StandardServer.java:864) ~[tomcat-embed-core-11.0.18.jar:11.0.18]
	at org.apache.catalina.util.LifecycleBase.start(LifecycleBase.java:164) ~[tomcat-embed-core-11.0.18.jar:11.0.18]
	at org.apache.catalina.startup.Tomcat.start(Tomcat.java:435) ~[tomcat-embed-core-11.0.18.jar:11.0.18]
	at org.springframework.boot.tomcat.TomcatWebServer.initialize(TomcatWebServer.java:131) ~[spring-boot-tomcat-4.0.3.jar:4.0.3]
	at org.springframework.boot.tomcat.TomcatWebServer.<init>(TomcatWebServer.java:110) ~[spring-boot-tomcat-4.0.3.jar:4.0.3]
	at org.springframework.boot.tomcat.servlet.TomcatServletWebServerFactory.getTomcatWebServer(TomcatServletWebServerFactory.java:408) ~[spring-boot-tomcat-4.0.3.jar:4.0.3]
	at org.springframework.boot.tomcat.servlet.TomcatServletWebServerFactory.getWebServer(TomcatServletWebServerFactory.java:166) ~[spring-boot-tomcat-4.0.3.jar:4.0.3]
	at org.springframework.boot.web.server.servlet.context.ServletWebServerApplicationContext.createWebServer(ServletWebServerApplicationContext.java:190) ~[spring-boot-web-server-4.0.3.jar:4.0.3]
	at org.springframework.boot.web.server.servlet.context.ServletWebServerApplicationContext.onRefresh(ServletWebServerApplicationContext.java:164) ~[spring-boot-web-server-4.0.3.jar:4.0.3]
	at org.springframework.context.support.AbstractApplicationContext.refresh(AbstractApplicationContext.java:615) ~[spring-context-7.0.5.jar:7.0.5]
	at org.springframework.boot.web.server.servlet.context.ServletWebServerApplicationContext.refresh(ServletWebServerApplicationContext.java:143) ~[spring-boot-web-server-4.0.3.jar:4.0.3]
	at org.springframework.boot.SpringApplication.refresh(SpringApplication.java:756) [spring-boot-4.0.3.jar:4.0.3]
	at org.springframework.boot.SpringApplication.refreshContext(SpringApplication.java:445) [spring-boot-4.0.3.jar:4.0.3]
	at org.springframework.boot.SpringApplication.run(SpringApplication.java:321) [spring-boot-4.0.3.jar:4.0.3]
	at org.springframework.boot.SpringApplication.run(SpringApplication.java:1365) [spring-boot-4.0.3.jar:4.0.3]
	at org.springframework.boot.SpringApplication.run(SpringApplication.java:1354) [spring-boot-4.0.3.jar:4.0.3]
	at com.rev.app.Revpay1Application.main(Revpay1Application.java:14) [classes/:?]
	at java.base/jdk.internal.reflect.DirectMethodHandleAccessor.invoke(DirectMethodHandleAccessor.java:104) ~[?:?]
	at java.base/java.lang.reflect.Method.invoke(Method.java:565) ~[?:?]
	at org.springframework.boot.devtools.restart.RestartLauncher.run(RestartLauncher.java:52) [spring-boot-devtools-4.0.3.jar:4.0.3]
Caused by: java.sql.SQLException: ORA-02391: exceeded simultaneous SESSIONS_PER_USER limit

https://docs.oracle.com/error-help/db/ora-02391/
	at oracle.jdbc.driver.T4CTTIoer11.processError(T4CTTIoer11.java:715) ~[ojdbc11-23.9.0.25.07.jar:23.9.0.25.07]
	at oracle.jdbc.driver.T4CTTIoer11.processError(T4CTTIoer11.java:610) ~[ojdbc11-23.9.0.25.07.jar:23.9.0.25.07]
	at oracle.jdbc.driver.T4CTTIoer11.processError(T4CTTIoer11.java:605) ~[ojdbc11-23.9.0.25.07.jar:23.9.0.25.07]
	at oracle.jdbc.driver.T4CTTIfun.processError(T4CTTIfun.java:1704) ~[ojdbc11-23.9.0.25.07.jar:23.9.0.25.07]
	at oracle.jdbc.driver.T4CTTIoauthenticate.processError(T4CTTIoauthenticate.java:936) ~[ojdbc11-23.9.0.25.07.jar:23.9.0.25.07]
	at oracle.jdbc.driver.T4CTTIfun.receive(T4CTTIfun.java:972) ~[ojdbc11-23.9.0.25.07.jar:23.9.0.25.07]
	at oracle.jdbc.driver.T4CTTIfun.doRPC(T4CTTIfun.java:237) ~[ojdbc11-23.9.0.25.07.jar:23.9.0.25.07]
	at oracle.jdbc.driver.T4CTTIoauthenticate.doOAUTH(T4CTTIoauthenticate.java:547) ~[ojdbc11-23.9.0.25.07.jar:23.9.0.25.07]
	at oracle.jdbc.driver.T4CTTIoauthenticate.doOAUTHWithO5Logon(T4CTTIoauthenticate.java:1746) ~[ojdbc11-23.9.0.25.07.jar:23.9.0.25.07]
	at oracle.jdbc.driver.T4CTTIoauthenticate.doOAUTH(T4CTTIoauthenticate.java:1493) ~[ojdbc11-23.9.0.25.07.jar:23.9.0.25.07]
	at oracle.jdbc.driver.T4CTTIoauthenticate.doOAUTH(T4CTTIoauthenticate.java:1433) ~[ojdbc11-23.9.0.25.07.jar:23.9.0.25.07]
	at oracle.jdbc.driver.T4CConnection.authenticateWithPassword(T4CConnection.java:2353) ~[ojdbc11-23.9.0.25.07.jar:23.9.0.25.07]
	at oracle.jdbc.driver.T4CConnection.authenticateUserForLogon(T4CConnection.java:2290) ~[ojdbc11-23.9.0.25.07.jar:23.9.0.25.07]
	at oracle.jdbc.driver.T4CConnection.logon(T4CConnection.java:1179) ~[ojdbc11-23.9.0.25.07.jar:23.9.0.25.07]
	at oracle.jdbc.driver.PhysicalConnection.connect(PhysicalConnection.java:1210) ~[ojdbc11-23.9.0.25.07.jar:23.9.0.25.07]
	at oracle.jdbc.driver.T4CDriverExtension.getConnection(T4CDriverExtension.java:106) ~[ojdbc11-23.9.0.25.07.jar:23.9.0.25.07]
	at oracle.jdbc.driver.OracleDriver.connect(OracleDriver.java:887) ~[ojdbc11-23.9.0.25.07.jar:23.9.0.25.07]
	at oracle.jdbc.driver.OracleDriver.connect(OracleDriver.java:694) ~[ojdbc11-23.9.0.25.07.jar:23.9.0.25.07]
	at com.zaxxer.hikari.util.DriverDataSource.getConnection(DriverDataSource.java:144) ~[HikariCP-7.0.2.jar:?]
	at com.zaxxer.hikari.pool.PoolBase.newConnection(PoolBase.java:373) ~[HikariCP-7.0.2.jar:?]
	at com.zaxxer.hikari.pool.PoolBase.newPoolEntry(PoolBase.java:210) ~[HikariCP-7.0.2.jar:?]
	at com.zaxxer.hikari.pool.HikariPool.createPoolEntry(HikariPool.java:488) ~[HikariCP-7.0.2.jar:?]
	at com.zaxxer.hikari.pool.HikariPool.checkFailFast(HikariPool.java:576) ~[HikariCP-7.0.2.jar:?]
	at com.zaxxer.hikari.pool.HikariPool.<init>(HikariPool.java:97) ~[HikariCP-7.0.2.jar:?]
	at com.zaxxer.hikari.HikariDataSource.getConnection(HikariDataSource.java:111) ~[HikariCP-7.0.2.jar:?]
	at org.hibernate.engine.jdbc.connections.internal.DataSourceConnectionProvider.getConnection(DataSourceConnectionProvider.java:137) ~[hibernate-core-7.2.4.Final.jar:7.2.4.Final]
	at org.hibernate.engine.jdbc.env.internal.JdbcEnvironmentInitiator$ConnectionProviderJdbcConnectionAccess.obtainConnection(JdbcEnvironmentInitiator.java:508) ~[hibernate-core-7.2.4.Final.jar:7.2.4.Final]
	at org.hibernate.resource.transaction.backend.jdbc.internal.JdbcIsolationDelegate.delegateWork(JdbcIsolationDelegate.java:48) ~[hibernate-core-7.2.4.Final.jar:7.2.4.Final]
	... 125 more

2026-03-02 14:36:55.632  WARN o.h.o.deprecation                        : HHH90000025: OracleDialect does not need to be specified explicitly using 'hibernate.dialect' (remove the property setting and it will be selected by default)
2026-03-02 14:36:55.830  INFO o.h.o.c.pooling                          : HHH10001005: Database info:
	Database JDBC URL [undefined/unknown]
	Database driver: undefined/unknown
	Database dialect: OracleDialect
	Database version: 19.0
	Default catalog/schema: unknown/unknown
	Autocommit mode: undefined/unknown
	Isolation level: NONE [default NONE]
	JDBC fetch size: undefined/unknown
	Pool: DataSourceConnectionProvider
	Minimum pool size: undefined/unknown
	Maximum pool size: undefined/unknown
2026-03-02 14:37:08.371  WARN JpaBaseConfiguration$JpaWebConfiguration : spring.jpa.open-in-view is enabled by default. Therefore, database queries may be performed during view rendering. Explicitly configure spring.jpa.open-in-view to disable this warning
2026-03-02 14:37:10.249  INFO o.s.b.w.a.WelcomePageHandlerMapping      : Adding welcome page template: index
2026-03-02 14:37:10.942  INFO o.h.o.core                               : HHH000489: No JTA platform available (set 'hibernate.transaction.jta.platform' to enable JTA platform integration)
2026-03-02 14:37:11.111  INFO c.z.h.HikariDataSource                   : HikariPool-1 - Starting...
2026-03-02 14:37:14.605  WARN o.h.o.j.error                            : HHH000247: ErrorCode: 2391, SQLState: 61000
2026-03-02 14:37:14.609  WARN o.h.o.j.error                            : ORA-02391: exceeded simultaneous SESSIONS_PER_USER limit

https://docs.oracle.com/error-help/db/ora-02391/
2026-03-02 14:37:14.620 ERROR j.LocalContainerEntityManagerFactoryBean : Failed to initialize JPA EntityManagerFactory: Unable to build Hibernate SessionFactory  [persistence unit: default] ; nested exception is org.hibernate.exception.GenericJDBCException: Unable to open JDBC Connection for DDL execution [ORA-02391: exceeded simultaneous SESSIONS_PER_USER limit

https://docs.oracle.com/error-help/db/ora-02391/] [n/a]
2026-03-02 14:37:14.622 ERROR t.s.DeferredServletContainerInitializers : Error starting Tomcat context. Exception: org.springframework.beans.factory.UnsatisfiedDependencyException. Message: Error creating bean with name 'jwtAuthFilter' defined in file [C:\Users\ADMIN\Downloads\Revpay\Revpay1\target\classes\com\rev\app\security\JwtAuthFilter.class]: Unsatisfied dependency expressed through constructor parameter 1: Error creating bean with name 'customUserDetailsService' defined in file [C:\Users\ADMIN\Downloads\Revpay\Revpay1\target\classes\com\rev\app\security\CustomUserDetailsService.class]: Unsatisfied dependency expressed through constructor parameter 0: Error creating bean with name 'IUserRepository' defined in com.rev.app.repository.IUserRepository defined in @EnableJpaRepositories declared on DataJpaRepositoriesRegistrar.EnableJpaRepositoriesConfiguration: Cannot resolve reference to bean 'jpaSharedEM_entityManagerFactory' while setting bean property 'entityManager'
2026-03-02 14:37:14.827  INFO o.a.c.h.Http11NioProtocol                : Starting ProtocolHandler ["http-nio-8099"]
2026-03-02 14:37:14.882  INFO o.a.c.c.StandardService                  : Stopping service [Tomcat]
2026-03-02 14:37:14.891  WARN o.a.c.l.WebappClassLoaderBase            : The web application [ROOT] appears to have started a thread named [oracle.jdbc.diagnostics.Diagnostic.CLOCK] but has failed to stop it. This is very likely to create a memory leak. Stack trace of thread:
 java.base/java.lang.Object.wait0(Native Method)
 java.base/java.lang.Object.wait(Object.java:389)
 java.base/java.util.TimerThread.mainLoop(Timer.java:569)
 java.base/java.util.TimerThread.run(Timer.java:522)
2026-03-02 14:37:14.892  WARN o.a.c.l.WebappClassLoaderBase            : The web application [ROOT] appears to have started a thread named [oracle.jdbc.driver.BlockSource.ThreadedCachingBlockSource.BlockReleaser] but has failed to stop it. This is very likely to create a memory leak. Stack trace of thread:
 java.base/jdk.internal.misc.Unsafe.park(Native Method)
 java.base/java.util.concurrent.locks.LockSupport.parkNanos(LockSupport.java:271)
 java.base/java.util.concurrent.locks.AbstractQueuedSynchronizer$ConditionObject.awaitNanos(AbstractQueuedSynchronizer.java:1803)
 oracle.jdbc.internal.Monitor$WaitableMonitor.monitorWait(Monitor.java:325)
 oracle.jdbc.internal.Monitor$WaitableMonitor.monitorWait(Monitor.java:307)
 oracle.jdbc.driver.BlockSource$ThreadedCachingBlockSource$BlockReleaser.run(BlockSource.java:347)
2026-03-02 14:37:14.893  WARN o.a.c.l.WebappClassLoaderBase            : The web application [ROOT] appears to have started a thread named [InterruptTimer] but has failed to stop it. This is very likely to create a memory leak. Stack trace of thread:
 java.base/java.lang.Object.wait0(Native Method)
 java.base/java.lang.Object.wait(Object.java:389)
 java.base/java.util.TimerThread.mainLoop(Timer.java:569)
 java.base/java.util.TimerThread.run(Timer.java:522)
2026-03-02 14:37:14.899  WARN ConfigServletWebServerApplicationContext : Exception encountered during context initialization - cancelling refresh attempt: org.springframework.context.ApplicationContextException: Unable to start web server
2026-03-02 14:37:14.962  INFO .s.b.a.l.ConditionEvaluationReportLogger : 

Error starting ApplicationContext. To display the condition evaluation report re-run your application with 'debug' enabled.
2026-03-02 14:37:15.792 ERROR o.s.b.SpringApplication                  : Application run failed

org.springframework.context.ApplicationContextException: Unable to start web server
	at org.springframework.boot.web.server.servlet.context.ServletWebServerApplicationContext.onRefresh(ServletWebServerApplicationContext.java:167) ~[spring-boot-web-server-4.0.3.jar:4.0.3]
	at org.springframework.context.support.AbstractApplicationContext.refresh(AbstractApplicationContext.java:615) ~[spring-context-7.0.5.jar:7.0.5]
	at org.springframework.boot.web.server.servlet.context.ServletWebServerApplicationContext.refresh(ServletWebServerApplicationContext.java:143) ~[spring-boot-web-server-4.0.3.jar:4.0.3]
	at org.springframework.boot.SpringApplication.refresh(SpringApplication.java:756) [spring-boot-4.0.3.jar:4.0.3]
	at org.springframework.boot.SpringApplication.refreshContext(SpringApplication.java:445) [spring-boot-4.0.3.jar:4.0.3]
	at org.springframework.boot.SpringApplication.run(SpringApplication.java:321) [spring-boot-4.0.3.jar:4.0.3]
	at org.springframework.boot.SpringApplication.run(SpringApplication.java:1365) [spring-boot-4.0.3.jar:4.0.3]
	at org.springframework.boot.SpringApplication.run(SpringApplication.java:1354) [spring-boot-4.0.3.jar:4.0.3]
	at com.rev.app.Revpay1Application.main(Revpay1Application.java:14) [classes/:?]
	at java.base/jdk.internal.reflect.DirectMethodHandleAccessor.invoke(DirectMethodHandleAccessor.java:104) ~[?:?]
	at java.base/java.lang.reflect.Method.invoke(Method.java:565) ~[?:?]
	at org.springframework.boot.devtools.restart.RestartLauncher.run(RestartLauncher.java:52) [spring-boot-devtools-4.0.3.jar:4.0.3]
Caused by: org.springframework.boot.web.server.WebServerException: Unable to start embedded Tomcat
	at org.springframework.boot.tomcat.TomcatWebServer.initialize(TomcatWebServer.java:150) ~[spring-boot-tomcat-4.0.3.jar:4.0.3]
	at org.springframework.boot.tomcat.TomcatWebServer.<init>(TomcatWebServer.java:110) ~[spring-boot-tomcat-4.0.3.jar:4.0.3]
	at org.springframework.boot.tomcat.servlet.TomcatServletWebServerFactory.getTomcatWebServer(TomcatServletWebServerFactory.java:408) ~[spring-boot-tomcat-4.0.3.jar:4.0.3]
	at org.springframework.boot.tomcat.servlet.TomcatServletWebServerFactory.getWebServer(TomcatServletWebServerFactory.java:166) ~[spring-boot-tomcat-4.0.3.jar:4.0.3]
	at org.springframework.boot.web.server.servlet.context.ServletWebServerApplicationContext.createWebServer(ServletWebServerApplicationContext.java:190) ~[spring-boot-web-server-4.0.3.jar:4.0.3]
	at org.springframework.boot.web.server.servlet.context.ServletWebServerApplicationContext.onRefresh(ServletWebServerApplicationContext.java:164) ~[spring-boot-web-server-4.0.3.jar:4.0.3]
	... 11 more
Caused by: org.springframework.beans.factory.UnsatisfiedDependencyException: Error creating bean with name 'jwtAuthFilter' defined in file [C:\Users\ADMIN\Downloads\Revpay\Revpay1\target\classes\com\rev\app\security\JwtAuthFilter.class]: Unsatisfied dependency expressed through constructor parameter 1: Error creating bean with name 'customUserDetailsService' defined in file [C:\Users\ADMIN\Downloads\Revpay\Revpay1\target\classes\com\rev\app\security\CustomUserDetailsService.class]: Unsatisfied dependency expressed through constructor parameter 0: Error creating bean with name 'IUserRepository' defined in com.rev.app.repository.IUserRepository defined in @EnableJpaRepositories declared on DataJpaRepositoriesRegistrar.EnableJpaRepositoriesConfiguration: Cannot resolve reference to bean 'jpaSharedEM_entityManagerFactory' while setting bean property 'entityManager'
	at org.springframework.beans.factory.support.ConstructorResolver.createArgumentArray(ConstructorResolver.java:804) ~[spring-beans-7.0.5.jar:7.0.5]
	at org.springframework.beans.factory.support.ConstructorResolver.autowireConstructor(ConstructorResolver.java:240) ~[spring-beans-7.0.5.jar:7.0.5]
	at org.springframework.beans.factory.support.AbstractAutowireCapableBeanFactory.autowireConstructor(AbstractAutowireCapableBeanFactory.java:1382) ~[spring-beans-7.0.5.jar:7.0.5]
	at org.springframework.beans.factory.support.AbstractAutowireCapableBeanFactory.createBeanInstance(AbstractAutowireCapableBeanFactory.java:1221) ~[spring-beans-7.0.5.jar:7.0.5]
	at org.springframework.beans.factory.support.AbstractAutowireCapableBeanFactory.doCreateBean(AbstractAutowireCapableBeanFactory.java:565) ~[spring-beans-7.0.5.jar:7.0.5]
	at org.springframework.beans.factory.support.AbstractAutowireCapableBeanFactory.createBean(AbstractAutowireCapableBeanFactory.java:525) ~[spring-beans-7.0.5.jar:7.0.5]
	at org.springframework.beans.factory.support.AbstractBeanFactory.lambda$doGetBean$0(AbstractBeanFactory.java:333) ~[spring-beans-7.0.5.jar:7.0.5]
	at org.springframework.beans.factory.support.DefaultSingletonBeanRegistry.getSingleton(DefaultSingletonBeanRegistry.java:371) ~[spring-beans-7.0.5.jar:7.0.5]
	at org.springframework.beans.factory.support.AbstractBeanFactory.doGetBean(AbstractBeanFactory.java:331) ~[spring-beans-7.0.5.jar:7.0.5]
	at org.springframework.beans.factory.support.AbstractBeanFactory.getBean(AbstractBeanFactory.java:201) ~[spring-beans-7.0.5.jar:7.0.5]
	at org.springframework.boot.web.servlet.ServletContextInitializerBeans.getOrderedBeansOfType(ServletContextInitializerBeans.java:231) ~[spring-boot-4.0.3.jar:4.0.3]
	at org.springframework.boot.web.servlet.ServletContextInitializerBeans.addAsRegistrationBean(ServletContextInitializerBeans.java:185) ~[spring-boot-4.0.3.jar:4.0.3]
	at org.springframework.boot.web.servlet.ServletContextInitializerBeans.addAsRegistrationBean(ServletContextInitializerBeans.java:180) ~[spring-boot-4.0.3.jar:4.0.3]
	at org.springframework.boot.web.servlet.ServletContextInitializerBeans.addAdaptableBeans(ServletContextInitializerBeans.java:165) ~[spring-boot-4.0.3.jar:4.0.3]
	at org.springframework.boot.web.servlet.ServletContextInitializerBeans.<init>(ServletContextInitializerBeans.java:97) ~[spring-boot-4.0.3.jar:4.0.3]
	at org.springframework.boot.web.context.servlet.WebApplicationContextInitializer.initialize(WebApplicationContextInitializer.java:53) ~[spring-boot-4.0.3.jar:4.0.3]
	at org.springframework.boot.tomcat.servlet.DeferredServletContainerInitializers.onStartup(DeferredServletContainerInitializers.java:55) ~[spring-boot-tomcat-4.0.3.jar:4.0.3]
	at org.apache.catalina.core.StandardContext.startInternal(StandardContext.java:4416) ~[tomcat-embed-core-11.0.18.jar:11.0.18]
	at org.apache.catalina.util.LifecycleBase.start(LifecycleBase.java:164) ~[tomcat-embed-core-11.0.18.jar:11.0.18]
	at org.apache.catalina.core.ContainerBase$StartChild.call(ContainerBase.java:1162) ~[tomcat-embed-core-11.0.18.jar:11.0.18]
	at org.apache.catalina.core.ContainerBase$StartChild.call(ContainerBase.java:1158) ~[tomcat-embed-core-11.0.18.jar:11.0.18]
	at java.base/java.util.concurrent.FutureTask.run(FutureTask.java:328) ~[?:?]
	at org.apache.tomcat.util.threads.InlineExecutorService.execute(InlineExecutorService.java:81) ~[tomcat-embed-core-11.0.18.jar:11.0.18]
	at java.base/java.util.concurrent.AbstractExecutorService.submit(AbstractExecutorService.java:149) ~[?:?]
	at org.apache.catalina.core.ContainerBase.startInternal(ContainerBase.java:714) ~[tomcat-embed-core-11.0.18.jar:11.0.18]
	at org.apache.catalina.core.StandardHost.startInternal(StandardHost.java:780) ~[tomcat-embed-core-11.0.18.jar:11.0.18]
	at org.apache.catalina.util.LifecycleBase.start(LifecycleBase.java:164) ~[tomcat-embed-core-11.0.18.jar:11.0.18]
	at org.apache.catalina.core.ContainerBase$StartChild.call(ContainerBase.java:1162) ~[tomcat-embed-core-11.0.18.jar:11.0.18]
	at org.apache.catalina.core.ContainerBase$StartChild.call(ContainerBase.java:1158) ~[tomcat-embed-core-11.0.18.jar:11.0.18]
	at java.base/java.util.concurrent.FutureTask.run(FutureTask.java:328) ~[?:?]
	at org.apache.tomcat.util.threads.InlineExecutorService.execute(InlineExecutorService.java:81) ~[tomcat-embed-core-11.0.18.jar:11.0.18]
	at java.base/java.util.concurrent.AbstractExecutorService.submit(AbstractExecutorService.java:149) ~[?:?]
	at org.apache.catalina.core.ContainerBase.startInternal(ContainerBase.java:714) ~[tomcat-embed-core-11.0.18.jar:11.0.18]
	at org.apache.catalina.core.StandardEngine.startInternal(StandardEngine.java:201) ~[tomcat-embed-core-11.0.18.jar:11.0.18]
	at org.apache.catalina.util.LifecycleBase.start(LifecycleBase.java:164) ~[tomcat-embed-core-11.0.18.jar:11.0.18]
	at org.apache.catalina.core.StandardService.startInternal(StandardService.java:410) ~[tomcat-embed-core-11.0.18.jar:11.0.18]
	at org.apache.catalina.util.LifecycleBase.start(LifecycleBase.java:164) ~[tomcat-embed-core-11.0.18.jar:11.0.18]
	at org.apache.catalina.core.StandardServer.startInternal(StandardServer.java:864) ~[tomcat-embed-core-11.0.18.jar:11.0.18]
	at org.apache.catalina.util.LifecycleBase.start(LifecycleBase.java:164) ~[tomcat-embed-core-11.0.18.jar:11.0.18]
	at org.apache.catalina.startup.Tomcat.start(Tomcat.java:435) ~[tomcat-embed-core-11.0.18.jar:11.0.18]
	at org.springframework.boot.tomcat.TomcatWebServer.initialize(TomcatWebServer.java:131) ~[spring-boot-tomcat-4.0.3.jar:4.0.3]
	... 16 more
Caused by: org.springframework.beans.factory.UnsatisfiedDependencyException: Error creating bean with name 'customUserDetailsService' defined in file [C:\Users\ADMIN\Downloads\Revpay\Revpay1\target\classes\com\rev\app\security\CustomUserDetailsService.class]: Unsatisfied dependency expressed through constructor parameter 0: Error creating bean with name 'IUserRepository' defined in com.rev.app.repository.IUserRepository defined in @EnableJpaRepositories declared on DataJpaRepositoriesRegistrar.EnableJpaRepositoriesConfiguration: Cannot resolve reference to bean 'jpaSharedEM_entityManagerFactory' while setting bean property 'entityManager'
	at org.springframework.beans.factory.support.ConstructorResolver.createArgumentArray(ConstructorResolver.java:804) ~[spring-beans-7.0.5.jar:7.0.5]
	at org.springframework.beans.factory.support.ConstructorResolver.autowireConstructor(ConstructorResolver.java:240) ~[spring-beans-7.0.5.jar:7.0.5]
	at org.springframework.beans.factory.support.AbstractAutowireCapableBeanFactory.autowireConstructor(AbstractAutowireCapableBeanFactory.java:1382) ~[spring-beans-7.0.5.jar:7.0.5]
	at org.springframework.beans.factory.support.AbstractAutowireCapableBeanFactory.createBeanInstance(AbstractAutowireCapableBeanFactory.java:1221) ~[spring-beans-7.0.5.jar:7.0.5]
	at org.springframework.beans.factory.support.AbstractAutowireCapableBeanFactory.doCreateBean(AbstractAutowireCapableBeanFactory.java:565) ~[spring-beans-7.0.5.jar:7.0.5]
	at org.springframework.beans.factory.support.AbstractAutowireCapableBeanFactory.createBean(AbstractAutowireCapableBeanFactory.java:525) ~[spring-beans-7.0.5.jar:7.0.5]
	at org.springframework.beans.factory.support.AbstractBeanFactory.lambda$doGetBean$0(AbstractBeanFactory.java:333) ~[spring-beans-7.0.5.jar:7.0.5]
	at org.springframework.beans.factory.support.DefaultSingletonBeanRegistry.getSingleton(DefaultSingletonBeanRegistry.java:371) ~[spring-beans-7.0.5.jar:7.0.5]
	at org.springframework.beans.factory.support.AbstractBeanFactory.doGetBean(AbstractBeanFactory.java:331) ~[spring-beans-7.0.5.jar:7.0.5]
	at org.springframework.beans.factory.support.AbstractBeanFactory.getBean(AbstractBeanFactory.java:201) ~[spring-beans-7.0.5.jar:7.0.5]
	at org.springframework.beans.factory.support.DefaultListableBeanFactory.resolveBean(DefaultListableBeanFactory.java:1225) ~[spring-beans-7.0.5.jar:7.0.5]
	at org.springframework.beans.factory.support.DefaultListableBeanFactory.doResolveDependency(DefaultListableBeanFactory.java:1704) ~[spring-beans-7.0.5.jar:7.0.5]
	at org.springframework.beans.factory.support.DefaultListableBeanFactory.resolveDependency(DefaultListableBeanFactory.java:1651) ~[spring-beans-7.0.5.jar:7.0.5]
	at org.springframework.beans.factory.support.ConstructorResolver.resolveAutowiredArgument(ConstructorResolver.java:912) ~[spring-beans-7.0.5.jar:7.0.5]
	at org.springframework.beans.factory.support.ConstructorResolver.createArgumentArray(ConstructorResolver.java:791) ~[spring-beans-7.0.5.jar:7.0.5]
	... 56 more
Caused by: org.springframework.beans.factory.BeanCreationException: Error creating bean with name 'IUserRepository' defined in com.rev.app.repository.IUserRepository defined in @EnableJpaRepositories declared on DataJpaRepositoriesRegistrar.EnableJpaRepositoriesConfiguration: Cannot resolve reference to bean 'jpaSharedEM_entityManagerFactory' while setting bean property 'entityManager'
	at org.springframework.beans.factory.support.BeanDefinitionValueResolver.resolveReference(BeanDefinitionValueResolver.java:377) ~[spring-beans-7.0.5.jar:7.0.5]
	at org.springframework.beans.factory.support.BeanDefinitionValueResolver.resolveValueIfNecessary(BeanDefinitionValueResolver.java:135) ~[spring-beans-7.0.5.jar:7.0.5]
	at org.springframework.beans.factory.support.AbstractAutowireCapableBeanFactory.applyPropertyValues(AbstractAutowireCapableBeanFactory.java:1712) ~[spring-beans-7.0.5.jar:7.0.5]
	at org.springframework.beans.factory.support.AbstractAutowireCapableBeanFactory.populateBean(AbstractAutowireCapableBeanFactory.java:1461) ~[spring-beans-7.0.5.jar:7.0.5]
	at org.springframework.beans.factory.support.AbstractAutowireCapableBeanFactory.doCreateBean(AbstractAutowireCapableBeanFactory.java:602) ~[spring-beans-7.0.5.jar:7.0.5]
	at org.springframework.beans.factory.support.AbstractAutowireCapableBeanFactory.createBean(AbstractAutowireCapableBeanFactory.java:525) ~[spring-beans-7.0.5.jar:7.0.5]
	at org.springframework.beans.factory.support.AbstractBeanFactory.lambda$doGetBean$0(AbstractBeanFactory.java:333) ~[spring-beans-7.0.5.jar:7.0.5]
	at org.springframework.beans.factory.support.DefaultSingletonBeanRegistry.getSingleton(DefaultSingletonBeanRegistry.java:371) ~[spring-beans-7.0.5.jar:7.0.5]
	at org.springframework.beans.factory.support.AbstractBeanFactory.doGetBean(AbstractBeanFactory.java:331) ~[spring-beans-7.0.5.jar:7.0.5]
	at org.springframework.beans.factory.support.AbstractBeanFactory.getBean(AbstractBeanFactory.java:201) ~[spring-beans-7.0.5.jar:7.0.5]
	at org.springframework.beans.factory.config.DependencyDescriptor.resolveCandidate(DependencyDescriptor.java:229) ~[spring-beans-7.0.5.jar:7.0.5]
	at org.springframework.beans.factory.support.DefaultListableBeanFactory.doResolveDependency(DefaultListableBeanFactory.java:1762) ~[spring-beans-7.0.5.jar:7.0.5]
	at org.springframework.beans.factory.support.DefaultListableBeanFactory.resolveDependency(DefaultListableBeanFactory.java:1651) ~[spring-beans-7.0.5.jar:7.0.5]
	at org.springframework.beans.factory.support.ConstructorResolver.resolveAutowiredArgument(ConstructorResolver.java:912) ~[spring-beans-7.0.5.jar:7.0.5]
	at org.springframework.beans.factory.support.ConstructorResolver.createArgumentArray(ConstructorResolver.java:791) ~[spring-beans-7.0.5.jar:7.0.5]
	... 70 more
Caused by: org.springframework.beans.factory.BeanCreationException: Error creating bean with name 'jpaSharedEM_entityManagerFactory': Cannot resolve reference to bean 'entityManagerFactory' while setting constructor argument
	at org.springframework.beans.factory.support.BeanDefinitionValueResolver.resolveReference(BeanDefinitionValueResolver.java:377) ~[spring-beans-7.0.5.jar:7.0.5]
	at org.springframework.beans.factory.support.BeanDefinitionValueResolver.resolveValueIfNecessary(BeanDefinitionValueResolver.java:135) ~[spring-beans-7.0.5.jar:7.0.5]
	at org.springframework.beans.factory.support.ConstructorResolver.resolveConstructorArguments(ConstructorResolver.java:691) ~[spring-beans-7.0.5.jar:7.0.5]
	at org.springframework.beans.factory.support.ConstructorResolver.instantiateUsingFactoryMethod(ConstructorResolver.java:513) ~[spring-beans-7.0.5.jar:7.0.5]
	at org.springframework.beans.factory.support.AbstractAutowireCapableBeanFactory.instantiateUsingFactoryMethod(AbstractAutowireCapableBeanFactory.java:1362) ~[spring-beans-7.0.5.jar:7.0.5]
	at org.springframework.beans.factory.support.AbstractAutowireCapableBeanFactory.createBeanInstance(AbstractAutowireCapableBeanFactory.java:1194) ~[spring-beans-7.0.5.jar:7.0.5]
	at org.springframework.beans.factory.support.AbstractAutowireCapableBeanFactory.doCreateBean(AbstractAutowireCapableBeanFactory.java:565) ~[spring-beans-7.0.5.jar:7.0.5]
	at org.springframework.beans.factory.support.AbstractAutowireCapableBeanFactory.createBean(AbstractAutowireCapableBeanFactory.java:525) ~[spring-beans-7.0.5.jar:7.0.5]
	at org.springframework.beans.factory.support.AbstractBeanFactory.lambda$doGetBean$0(AbstractBeanFactory.java:333) ~[spring-beans-7.0.5.jar:7.0.5]
	at org.springframework.beans.factory.support.DefaultSingletonBeanRegistry.getSingleton(DefaultSingletonBeanRegistry.java:371) ~[spring-beans-7.0.5.jar:7.0.5]
	at org.springframework.beans.factory.support.AbstractBeanFactory.doGetBean(AbstractBeanFactory.java:331) ~[spring-beans-7.0.5.jar:7.0.5]
	at org.springframework.beans.factory.support.AbstractBeanFactory.getBean(AbstractBeanFactory.java:201) ~[spring-beans-7.0.5.jar:7.0.5]
	at org.springframework.beans.factory.support.BeanDefinitionValueResolver.resolveReference(BeanDefinitionValueResolver.java:356) ~[spring-beans-7.0.5.jar:7.0.5]
	... 84 more
Caused by: org.springframework.beans.factory.BeanCreationException: Error creating bean with name 'entityManagerFactory' defined in class path resource [org/springframework/boot/hibernate/autoconfigure/HibernateJpaConfiguration.class]: Unable to build Hibernate SessionFactory  [persistence unit: default] ; nested exception is org.hibernate.exception.GenericJDBCException: Unable to open JDBC Connection for DDL execution [ORA-02391: exceeded simultaneous SESSIONS_PER_USER limit

https://docs.oracle.com/error-help/db/ora-02391/] [n/a]
	at org.springframework.beans.factory.support.AbstractAutowireCapableBeanFactory.initializeBean(AbstractAutowireCapableBeanFactory.java:1817) ~[spring-beans-7.0.5.jar:7.0.5]
	at org.springframework.beans.factory.support.AbstractAutowireCapableBeanFactory.doCreateBean(AbstractAutowireCapableBeanFactory.java:603) ~[spring-beans-7.0.5.jar:7.0.5]
	at org.springframework.beans.factory.support.AbstractAutowireCapableBeanFactory.createBean(AbstractAutowireCapableBeanFactory.java:525) ~[spring-beans-7.0.5.jar:7.0.5]
	at org.springframework.beans.factory.support.AbstractBeanFactory.lambda$doGetBean$0(AbstractBeanFactory.java:333) ~[spring-beans-7.0.5.jar:7.0.5]
	at org.springframework.beans.factory.support.DefaultSingletonBeanRegistry.getSingleton(DefaultSingletonBeanRegistry.java:371) ~[spring-beans-7.0.5.jar:7.0.5]
	at org.springframework.beans.factory.support.AbstractBeanFactory.doGetBean(AbstractBeanFactory.java:331) ~[spring-beans-7.0.5.jar:7.0.5]
	at org.springframework.beans.factory.support.AbstractBeanFactory.getBean(AbstractBeanFactory.java:196) ~[spring-beans-7.0.5.jar:7.0.5]
	at org.springframework.beans.factory.support.BeanDefinitionValueResolver.resolveReference(BeanDefinitionValueResolver.java:365) ~[spring-beans-7.0.5.jar:7.0.5]
	... 96 more
Caused by: jakarta.persistence.PersistenceException: Unable to build Hibernate SessionFactory  [persistence unit: default] ; nested exception is org.hibernate.exception.GenericJDBCException: Unable to open JDBC Connection for DDL execution [ORA-02391: exceeded simultaneous SESSIONS_PER_USER limit

https://docs.oracle.com/error-help/db/ora-02391/] [n/a]
	at org.springframework.orm.jpa.AbstractEntityManagerFactoryBean.buildNativeEntityManagerFactory(AbstractEntityManagerFactoryBean.java:448) ~[spring-orm-7.0.5.jar:7.0.5]
	at org.springframework.orm.jpa.AbstractEntityManagerFactoryBean.afterPropertiesSet(AbstractEntityManagerFactoryBean.java:411) ~[spring-orm-7.0.5.jar:7.0.5]
	at org.springframework.orm.jpa.LocalContainerEntityManagerFactoryBean.afterPropertiesSet(LocalContainerEntityManagerFactoryBean.java:419) ~[spring-orm-7.0.5.jar:7.0.5]
	at org.springframework.beans.factory.support.AbstractAutowireCapableBeanFactory.invokeInitMethods(AbstractAutowireCapableBeanFactory.java:1864) ~[spring-beans-7.0.5.jar:7.0.5]
	at org.springframework.beans.factory.support.AbstractAutowireCapableBeanFactory.initializeBean(AbstractAutowireCapableBeanFactory.java:1813) ~[spring-beans-7.0.5.jar:7.0.5]
	... 103 more
Caused by: org.hibernate.exception.GenericJDBCException: Unable to open JDBC Connection for DDL execution [ORA-02391: exceeded simultaneous SESSIONS_PER_USER limit

https://docs.oracle.com/error-help/db/ora-02391/] [n/a]
	at org.hibernate.exception.internal.StandardSQLExceptionConverter.convert(StandardSQLExceptionConverter.java:39) ~[hibernate-core-7.2.4.Final.jar:7.2.4.Final]
	at org.hibernate.engine.jdbc.spi.SqlExceptionHelper.convert(SqlExceptionHelper.java:115) ~[hibernate-core-7.2.4.Final.jar:7.2.4.Final]
	at org.hibernate.engine.jdbc.spi.SqlExceptionHelper.convert(SqlExceptionHelper.java:101) ~[hibernate-core-7.2.4.Final.jar:7.2.4.Final]
	at org.hibernate.resource.transaction.backend.jdbc.internal.DdlTransactionIsolatorNonJtaImpl.getIsolatedConnection(DdlTransactionIsolatorNonJtaImpl.java:71) ~[hibernate-core-7.2.4.Final.jar:7.2.4.Final]
	at org.hibernate.resource.transaction.backend.jdbc.internal.DdlTransactionIsolatorNonJtaImpl.getIsolatedConnection(DdlTransactionIsolatorNonJtaImpl.java:37) ~[hibernate-core-7.2.4.Final.jar:7.2.4.Final]
	at org.hibernate.tool.schema.internal.exec.ImprovedExtractionContextImpl.getJdbcConnection(ImprovedExtractionContextImpl.java:61) ~[hibernate-core-7.2.4.Final.jar:7.2.4.Final]
	at org.hibernate.tool.schema.extract.spi.ExtractionContext.getQueryResults(ExtractionContext.java:41) ~[hibernate-core-7.2.4.Final.jar:7.2.4.Final]
	at org.hibernate.tool.schema.extract.internal.SequenceInformationExtractorLegacyImpl.extractMetadata(SequenceInformationExtractorLegacyImpl.java:36) ~[hibernate-core-7.2.4.Final.jar:7.2.4.Final]
	at org.hibernate.tool.schema.extract.internal.DatabaseInformationImpl.initializeSequences(DatabaseInformationImpl.java:73) ~[hibernate-core-7.2.4.Final.jar:7.2.4.Final]
	at org.hibernate.tool.schema.extract.internal.DatabaseInformationImpl.<init>(DatabaseInformationImpl.java:63) ~[hibernate-core-7.2.4.Final.jar:7.2.4.Final]
	at org.hibernate.tool.schema.extract.internal.CachingDatabaseInformationImpl.<init>(CachingDatabaseInformationImpl.java:43) ~[hibernate-core-7.2.4.Final.jar:7.2.4.Final]
	at org.hibernate.tool.schema.internal.GroupedSchemaMigratorImpl.buildDatabaseInformation(GroupedSchemaMigratorImpl.java:112) ~[hibernate-core-7.2.4.Final.jar:7.2.4.Final]
	at org.hibernate.tool.schema.internal.AbstractSchemaMigrator.doMigration(AbstractSchemaMigrator.java:83) ~[hibernate-core-7.2.4.Final.jar:7.2.4.Final]
	at org.hibernate.tool.schema.spi.SchemaManagementToolCoordinator.performDatabaseAction(SchemaManagementToolCoordinator.java:269) ~[hibernate-core-7.2.4.Final.jar:7.2.4.Final]
	at org.hibernate.tool.schema.spi.SchemaManagementToolCoordinator.lambda$process$1(SchemaManagementToolCoordinator.java:101) ~[hibernate-core-7.2.4.Final.jar:7.2.4.Final]
	at java.base/java.util.HashMap.forEach(HashMap.java:1430) ~[?:?]
	at org.hibernate.tool.schema.spi.SchemaManagementToolCoordinator.process(SchemaManagementToolCoordinator.java:100) ~[hibernate-core-7.2.4.Final.jar:7.2.4.Final]
	at org.hibernate.boot.internal.SessionFactoryObserverForSchemaExport.sessionFactoryCreated(SessionFactoryObserverForSchemaExport.java:35) ~[hibernate-core-7.2.4.Final.jar:7.2.4.Final]
	at org.hibernate.internal.SessionFactoryObserverChain.sessionFactoryCreated(SessionFactoryObserverChain.java:33) ~[hibernate-core-7.2.4.Final.jar:7.2.4.Final]
	at org.hibernate.internal.SessionFactoryImpl.<init>(SessionFactoryImpl.java:323) ~[hibernate-core-7.2.4.Final.jar:7.2.4.Final]
	at org.hibernate.internal.SessionFactoryRegistry.instantiateSessionFactory(SessionFactoryRegistry.java:64) ~[hibernate-core-7.2.4.Final.jar:7.2.4.Final]
	at org.hibernate.boot.internal.SessionFactoryBuilderImpl.build(SessionFactoryBuilderImpl.java:437) ~[hibernate-core-7.2.4.Final.jar:7.2.4.Final]
	at org.hibernate.jpa.boot.internal.EntityManagerFactoryBuilderImpl.build(EntityManagerFactoryBuilderImpl.java:1456) ~[hibernate-core-7.2.4.Final.jar:7.2.4.Final]
	at org.springframework.orm.jpa.vendor.SpringHibernateJpaPersistenceProvider.createContainerEntityManagerFactory(SpringHibernateJpaPersistenceProvider.java:93) ~[spring-orm-7.0.5.jar:7.0.5]
	at org.springframework.orm.jpa.LocalContainerEntityManagerFactoryBean.createNativeEntityManagerFactory(LocalContainerEntityManagerFactoryBean.java:443) ~[spring-orm-7.0.5.jar:7.0.5]
	at org.springframework.orm.jpa.AbstractEntityManagerFactoryBean.buildNativeEntityManagerFactory(AbstractEntityManagerFactoryBean.java:436) ~[spring-orm-7.0.5.jar:7.0.5]
	... 107 more
Caused by: java.sql.SQLException: ORA-02391: exceeded simultaneous SESSIONS_PER_USER limit

https://docs.oracle.com/error-help/db/ora-02391/
	at oracle.jdbc.driver.T4CTTIoer11.processError(T4CTTIoer11.java:715) ~[ojdbc11-23.9.0.25.07.jar:23.9.0.25.07]
	at oracle.jdbc.driver.T4CTTIoer11.processError(T4CTTIoer11.java:610) ~[ojdbc11-23.9.0.25.07.jar:23.9.0.25.07]
	at oracle.jdbc.driver.T4CTTIoer11.processError(T4CTTIoer11.java:605) ~[ojdbc11-23.9.0.25.07.jar:23.9.0.25.07]
	at oracle.jdbc.driver.T4CTTIfun.processError(T4CTTIfun.java:1704) ~[ojdbc11-23.9.0.25.07.jar:23.9.0.25.07]
	at oracle.jdbc.driver.T4CTTIoauthenticate.processError(T4CTTIoauthenticate.java:936) ~[ojdbc11-23.9.0.25.07.jar:23.9.0.25.07]
	at oracle.jdbc.driver.T4CTTIfun.receive(T4CTTIfun.java:972) ~[ojdbc11-23.9.0.25.07.jar:23.9.0.25.07]
	at oracle.jdbc.driver.T4CTTIfun.doRPC(T4CTTIfun.java:237) ~[ojdbc11-23.9.0.25.07.jar:23.9.0.25.07]
	at oracle.jdbc.driver.T4CTTIoauthenticate.doOAUTH(T4CTTIoauthenticate.java:547) ~[ojdbc11-23.9.0.25.07.jar:23.9.0.25.07]
	at oracle.jdbc.driver.T4CTTIoauthenticate.doOAUTHWithO5Logon(T4CTTIoauthenticate.java:1746) ~[ojdbc11-23.9.0.25.07.jar:23.9.0.25.07]
	at oracle.jdbc.driver.T4CTTIoauthenticate.doOAUTH(T4CTTIoauthenticate.java:1493) ~[ojdbc11-23.9.0.25.07.jar:23.9.0.25.07]
	at oracle.jdbc.driver.T4CTTIoauthenticate.doOAUTH(T4CTTIoauthenticate.java:1433) ~[ojdbc11-23.9.0.25.07.jar:23.9.0.25.07]
	at oracle.jdbc.driver.T4CConnection.authenticateWithPassword(T4CConnection.java:2353) ~[ojdbc11-23.9.0.25.07.jar:23.9.0.25.07]
	at oracle.jdbc.driver.T4CConnection.authenticateUserForLogon(T4CConnection.java:2290) ~[ojdbc11-23.9.0.25.07.jar:23.9.0.25.07]
	at oracle.jdbc.driver.T4CConnection.logon(T4CConnection.java:1179) ~[ojdbc11-23.9.0.25.07.jar:23.9.0.25.07]
	at oracle.jdbc.driver.PhysicalConnection.connect(PhysicalConnection.java:1210) ~[ojdbc11-23.9.0.25.07.jar:23.9.0.25.07]
	at oracle.jdbc.driver.T4CDriverExtension.getConnection(T4CDriverExtension.java:106) ~[ojdbc11-23.9.0.25.07.jar:23.9.0.25.07]
	at oracle.jdbc.driver.OracleDriver.connect(OracleDriver.java:887) ~[ojdbc11-23.9.0.25.07.jar:23.9.0.25.07]
	at oracle.jdbc.driver.OracleDriver.connect(OracleDriver.java:694) ~[ojdbc11-23.9.0.25.07.jar:23.9.0.25.07]
	at com.zaxxer.hikari.util.DriverDataSource.getConnection(DriverDataSource.java:144) ~[HikariCP-7.0.2.jar:?]
	at com.zaxxer.hikari.pool.PoolBase.newConnection(PoolBase.java:373) ~[HikariCP-7.0.2.jar:?]
	at com.zaxxer.hikari.pool.PoolBase.newPoolEntry(PoolBase.java:210) ~[HikariCP-7.0.2.jar:?]
	at com.zaxxer.hikari.pool.HikariPool.createPoolEntry(HikariPool.java:488) ~[HikariCP-7.0.2.jar:?]
	at com.zaxxer.hikari.pool.HikariPool.checkFailFast(HikariPool.java:576) ~[HikariCP-7.0.2.jar:?]
	at com.zaxxer.hikari.pool.HikariPool.<init>(HikariPool.java:97) ~[HikariCP-7.0.2.jar:?]
	at com.zaxxer.hikari.HikariDataSource.getConnection(HikariDataSource.java:111) ~[HikariCP-7.0.2.jar:?]
	at org.hibernate.engine.jdbc.connections.internal.DataSourceConnectionProvider.getConnection(DataSourceConnectionProvider.java:137) ~[hibernate-core-7.2.4.Final.jar:7.2.4.Final]
	at org.hibernate.engine.jdbc.env.internal.JdbcEnvironmentInitiator$ConnectionProviderJdbcConnectionAccess.obtainConnection(JdbcEnvironmentInitiator.java:508) ~[hibernate-core-7.2.4.Final.jar:7.2.4.Final]
	at org.hibernate.resource.transaction.backend.jdbc.internal.DdlTransactionIsolatorNonJtaImpl.getIsolatedConnection(DdlTransactionIsolatorNonJtaImpl.java:44) ~[hibernate-core-7.2.4.Final.jar:7.2.4.Final]
	... 129 more

2026-03-02 14:37:16.276  INFO o.s.b.t.TomcatWebServer                  : Tomcat started on port 8099 (http) with context path '/'
2026-03-02 14:37:16.328  INFO c.r.a.Revpay1Application                 : Started Revpay1Application in 112.863 seconds (process running for 115.492)
2026-03-02 14:37:20.171  INFO c.r.a.c.AdminDataLoader                  : Admin user already exists.
2026-03-02 14:37:22.214  INFO c.r.a.Revpay1Application                 : Starting Revpay1Application using Java 21.0.10 with PID 4436 (C:\Users\ADMIN\Downloads\Revpay\Revpay1\target\classes started by ADMIN in C:\Users\ADMIN\Downloads\Revpay\Revpay1)
2026-03-02 14:37:22.291 DEBUG c.r.a.Revpay1Application                 : Running with Spring Boot v4.0.3, Spring v7.0.5
2026-03-02 14:37:22.293  INFO c.r.a.Revpay1Application                 : No active profile set, falling back to 1 default profile: "default"
2026-03-02 14:37:23.586  INFO o.s.b.d.r.ChangeableUrls                 : The Class-Path manifest attribute in C:\Users\ADMIN\.m2\repository\com\oracle\database\jdbc\ojdbc11\23.9.0.25.07\ojdbc11-23.9.0.25.07.jar referenced one or more files that do not exist: file:/C:/Users/ADMIN/.m2/repository/com/oracle/database/jdbc/ojdbc11/23.9.0.25.07/oraclepki.jar
2026-03-02 14:37:23.588  INFO .e.DevToolsPropertyDefaultsPostProcessor : Devtools property defaults active! Set 'spring.devtools.add-properties' to 'false' to disable
2026-03-02 14:37:23.588  INFO .e.DevToolsPropertyDefaultsPostProcessor : For additional web related logging consider setting the 'logging.level.web' property to 'DEBUG'
2026-03-02 14:37:23.931  INFO o.h.v.i.u.Version                        : HV000001: Hibernate Validator 9.0.1.Final
2026-03-02 14:37:28.339  INFO .s.d.r.c.RepositoryConfigurationDelegate : Bootstrapping Spring Data JPA repositories in DEFAULT mode.
2026-03-02 14:37:28.922  INFO .s.d.r.c.RepositoryConfigurationDelegate : Finished Spring Data repository scanning in 535 ms. Found 10 JPA repository interfaces.
2026-03-02 14:37:32.916  INFO o.s.b.t.TomcatWebServer                  : Tomcat initialized with port 8099 (http)
2026-03-02 14:37:32.982  INFO o.a.c.h.Http11NioProtocol                : Initializing ProtocolHandler ["http-nio-8099"]
2026-03-02 14:37:32.993  INFO o.a.c.c.StandardService                  : Starting service [Tomcat]
2026-03-02 14:37:32.993  INFO o.a.c.c.StandardEngine                   : Starting Servlet engine: [Apache Tomcat/11.0.18]
2026-03-02 14:37:33.196  INFO b.w.c.s.WebApplicationContextInitializer : Root WebApplicationContext: initialization completed in 9603 ms
2026-03-02 14:37:34.604  INFO o.h.o.jpa                                : HHH008540: Processing PersistenceUnitInfo [name: default]
2026-03-02 14:37:35.093  INFO o.h.o.core                               : HHH000001: Hibernate ORM core version 7.2.4.Final
2026-03-02 14:37:38.231  INFO o.s.o.j.p.SpringPersistenceUnitInfo      : No LoadTimeWeaver setup: ignoring JPA class transformer
2026-03-02 14:37:38.550  INFO c.z.h.HikariDataSource                   : HikariPool-1 - Starting...
2026-03-02 14:37:44.632  WARN o.h.o.j.error                            : HHH000247: ErrorCode: 2391, SQLState: 61000
2026-03-02 14:37:44.632  WARN o.h.o.j.error                            : ORA-02391: exceeded simultaneous SESSIONS_PER_USER limit

https://docs.oracle.com/error-help/db/ora-02391/
2026-03-02 14:37:44.634  WARN o.h.o.jdbc                               : HHH100046: Could not obtain connection to query JDBC database metadata

org.hibernate.exception.GenericJDBCException: Unable to obtain isolated JDBC connection [ORA-02391: exceeded simultaneous SESSIONS_PER_USER limit

https://docs.oracle.com/error-help/db/ora-02391/] [n/a]
	at org.hibernate.exception.internal.StandardSQLExceptionConverter.convert(StandardSQLExceptionConverter.java:39) ~[hibernate-core-7.2.4.Final.jar:7.2.4.Final]
	at org.hibernate.engine.jdbc.spi.SqlExceptionHelper.convert(SqlExceptionHelper.java:115) ~[hibernate-core-7.2.4.Final.jar:7.2.4.Final]
	at org.hibernate.engine.jdbc.spi.SqlExceptionHelper.convert(SqlExceptionHelper.java:101) ~[hibernate-core-7.2.4.Final.jar:7.2.4.Final]
	at org.hibernate.resource.transaction.backend.jdbc.internal.JdbcIsolationDelegate.delegateWork(JdbcIsolationDelegate.java:51) ~[hibernate-core-7.2.4.Final.jar:7.2.4.Final]
	at org.hibernate.engine.jdbc.env.internal.JdbcEnvironmentInitiator.getJdbcEnvironmentUsingJdbcMetadata(JdbcEnvironmentInitiator.java:366) ~[hibernate-core-7.2.4.Final.jar:7.2.4.Final]
	at org.hibernate.engine.jdbc.env.internal.JdbcEnvironmentInitiator.getJdbcEnvironment(JdbcEnvironmentInitiator.java:143) ~[hibernate-core-7.2.4.Final.jar:7.2.4.Final]
	at org.hibernate.engine.jdbc.env.internal.JdbcEnvironmentInitiator.initiateService(JdbcEnvironmentInitiator.java:120) ~[hibernate-core-7.2.4.Final.jar:7.2.4.Final]
	at org.hibernate.engine.jdbc.env.internal.JdbcEnvironmentInitiator.initiateService(JdbcEnvironmentInitiator.java:80) ~[hibernate-core-7.2.4.Final.jar:7.2.4.Final]
	at org.hibernate.boot.registry.internal.StandardServiceRegistryImpl.initiateService(StandardServiceRegistryImpl.java:133) ~[hibernate-core-7.2.4.Final.jar:7.2.4.Final]
	at org.hibernate.service.internal.AbstractServiceRegistryImpl.createService(AbstractServiceRegistryImpl.java:260) ~[hibernate-core-7.2.4.Final.jar:7.2.4.Final]
	at org.hibernate.service.internal.AbstractServiceRegistryImpl.initializeService(AbstractServiceRegistryImpl.java:235) ~[hibernate-core-7.2.4.Final.jar:7.2.4.Final]
	at org.hibernate.service.internal.AbstractServiceRegistryImpl.getService(AbstractServiceRegistryImpl.java:212) ~[hibernate-core-7.2.4.Final.jar:7.2.4.Final]
	at org.hibernate.boot.model.relational.Database.<init>(Database.java:44) ~[hibernate-core-7.2.4.Final.jar:7.2.4.Final]
	at org.hibernate.boot.internal.InFlightMetadataCollectorImpl.getDatabase(InFlightMetadataCollectorImpl.java:251) ~[hibernate-core-7.2.4.Final.jar:7.2.4.Final]
	at org.hibernate.boot.internal.InFlightMetadataCollectorImpl.<init>(InFlightMetadataCollectorImpl.java:203) ~[hibernate-core-7.2.4.Final.jar:7.2.4.Final]
	at org.hibernate.boot.model.process.spi.MetadataBuildingProcess.complete(MetadataBuildingProcess.java:170) ~[hibernate-core-7.2.4.Final.jar:7.2.4.Final]
	at org.hibernate.jpa.boot.internal.EntityManagerFactoryBuilderImpl.metadata(EntityManagerFactoryBuilderImpl.java:1392) ~[hibernate-core-7.2.4.Final.jar:7.2.4.Final]
	at org.hibernate.jpa.boot.internal.EntityManagerFactoryBuilderImpl.populateSessionFactoryBuilder(EntityManagerFactoryBuilderImpl.java:1472) ~[hibernate-core-7.2.4.Final.jar:7.2.4.Final]
	at org.hibernate.jpa.boot.internal.EntityManagerFactoryBuilderImpl.build(EntityManagerFactoryBuilderImpl.java:1454) ~[hibernate-core-7.2.4.Final.jar:7.2.4.Final]
	at org.springframework.orm.jpa.vendor.SpringHibernateJpaPersistenceProvider.createContainerEntityManagerFactory(SpringHibernateJpaPersistenceProvider.java:93) ~[spring-orm-7.0.5.jar:7.0.5]
	at org.springframework.orm.jpa.LocalContainerEntityManagerFactoryBean.createNativeEntityManagerFactory(LocalContainerEntityManagerFactoryBean.java:443) ~[spring-orm-7.0.5.jar:7.0.5]
	at org.springframework.orm.jpa.AbstractEntityManagerFactoryBean.buildNativeEntityManagerFactory(AbstractEntityManagerFactoryBean.java:436) ~[spring-orm-7.0.5.jar:7.0.5]
	at org.springframework.orm.jpa.AbstractEntityManagerFactoryBean.afterPropertiesSet(AbstractEntityManagerFactoryBean.java:411) ~[spring-orm-7.0.5.jar:7.0.5]
	at org.springframework.orm.jpa.LocalContainerEntityManagerFactoryBean.afterPropertiesSet(LocalContainerEntityManagerFactoryBean.java:419) ~[spring-orm-7.0.5.jar:7.0.5]
	at org.springframework.beans.factory.support.AbstractAutowireCapableBeanFactory.invokeInitMethods(AbstractAutowireCapableBeanFactory.java:1864) ~[spring-beans-7.0.5.jar:7.0.5]
	at org.springframework.beans.factory.support.AbstractAutowireCapableBeanFactory.initializeBean(AbstractAutowireCapableBeanFactory.java:1813) ~[spring-beans-7.0.5.jar:7.0.5]
	at org.springframework.beans.factory.support.AbstractAutowireCapableBeanFactory.doCreateBean(AbstractAutowireCapableBeanFactory.java:603) ~[spring-beans-7.0.5.jar:7.0.5]
	at org.springframework.beans.factory.support.AbstractAutowireCapableBeanFactory.createBean(AbstractAutowireCapableBeanFactory.java:525) ~[spring-beans-7.0.5.jar:7.0.5]
	at org.springframework.beans.factory.support.AbstractBeanFactory.lambda$doGetBean$0(AbstractBeanFactory.java:333) ~[spring-beans-7.0.5.jar:7.0.5]
	at org.springframework.beans.factory.support.DefaultSingletonBeanRegistry.getSingleton(DefaultSingletonBeanRegistry.java:371) ~[spring-beans-7.0.5.jar:7.0.5]
	at org.springframework.beans.factory.support.AbstractBeanFactory.doGetBean(AbstractBeanFactory.java:331) ~[spring-beans-7.0.5.jar:7.0.5]
	at org.springframework.beans.factory.support.AbstractBeanFactory.getBean(AbstractBeanFactory.java:196) ~[spring-beans-7.0.5.jar:7.0.5]
	at org.springframework.beans.factory.support.BeanDefinitionValueResolver.resolveReference(BeanDefinitionValueResolver.java:365) ~[spring-beans-7.0.5.jar:7.0.5]
	at org.springframework.beans.factory.support.BeanDefinitionValueResolver.resolveValueIfNecessary(BeanDefinitionValueResolver.java:135) ~[spring-beans-7.0.5.jar:7.0.5]
	at org.springframework.beans.factory.support.ConstructorResolver.resolveConstructorArguments(ConstructorResolver.java:691) ~[spring-beans-7.0.5.jar:7.0.5]
	at org.springframework.beans.factory.support.ConstructorResolver.instantiateUsingFactoryMethod(ConstructorResolver.java:513) ~[spring-beans-7.0.5.jar:7.0.5]
	at org.springframework.beans.factory.support.AbstractAutowireCapableBeanFactory.instantiateUsingFactoryMethod(AbstractAutowireCapableBeanFactory.java:1362) ~[spring-beans-7.0.5.jar:7.0.5]
	at org.springframework.beans.factory.support.AbstractAutowireCapableBeanFactory.createBeanInstance(AbstractAutowireCapableBeanFactory.java:1194) ~[spring-beans-7.0.5.jar:7.0.5]
	at org.springframework.beans.factory.support.AbstractAutowireCapableBeanFactory.doCreateBean(AbstractAutowireCapableBeanFactory.java:565) ~[spring-beans-7.0.5.jar:7.0.5]
	at org.springframework.beans.factory.support.AbstractAutowireCapableBeanFactory.createBean(AbstractAutowireCapableBeanFactory.java:525) ~[spring-beans-7.0.5.jar:7.0.5]
	at org.springframework.beans.factory.support.AbstractBeanFactory.lambda$doGetBean$0(AbstractBeanFactory.java:333) ~[spring-beans-7.0.5.jar:7.0.5]
	at org.springframework.beans.factory.support.DefaultSingletonBeanRegistry.getSingleton(DefaultSingletonBeanRegistry.java:371) ~[spring-beans-7.0.5.jar:7.0.5]
	at org.springframework.beans.factory.support.AbstractBeanFactory.doGetBean(AbstractBeanFactory.java:331) ~[spring-beans-7.0.5.jar:7.0.5]
	at org.springframework.beans.factory.support.AbstractBeanFactory.getBean(AbstractBeanFactory.java:201) ~[spring-beans-7.0.5.jar:7.0.5]
	at org.springframework.beans.factory.support.BeanDefinitionValueResolver.resolveReference(BeanDefinitionValueResolver.java:356) ~[spring-beans-7.0.5.jar:7.0.5]
	at org.springframework.beans.factory.support.BeanDefinitionValueResolver.resolveValueIfNecessary(BeanDefinitionValueResolver.java:135) ~[spring-beans-7.0.5.jar:7.0.5]
	at org.springframework.beans.factory.support.AbstractAutowireCapableBeanFactory.applyPropertyValues(AbstractAutowireCapableBeanFactory.java:1712) ~[spring-beans-7.0.5.jar:7.0.5]
	at org.springframework.beans.factory.support.AbstractAutowireCapableBeanFactory.populateBean(AbstractAutowireCapableBeanFactory.java:1461) ~[spring-beans-7.0.5.jar:7.0.5]
	at org.springframework.beans.factory.support.AbstractAutowireCapableBeanFactory.doCreateBean(AbstractAutowireCapableBeanFactory.java:602) ~[spring-beans-7.0.5.jar:7.0.5]
	at org.springframework.beans.factory.support.AbstractAutowireCapableBeanFactory.createBean(AbstractAutowireCapableBeanFactory.java:525) ~[spring-beans-7.0.5.jar:7.0.5]
	at org.springframework.beans.factory.support.AbstractBeanFactory.lambda$doGetBean$0(AbstractBeanFactory.java:333) ~[spring-beans-7.0.5.jar:7.0.5]
	at org.springframework.beans.factory.support.DefaultSingletonBeanRegistry.getSingleton(DefaultSingletonBeanRegistry.java:371) ~[spring-beans-7.0.5.jar:7.0.5]
	at org.springframework.beans.factory.support.AbstractBeanFactory.doGetBean(AbstractBeanFactory.java:331) ~[spring-beans-7.0.5.jar:7.0.5]
	at org.springframework.beans.factory.support.AbstractBeanFactory.getBean(AbstractBeanFactory.java:201) ~[spring-beans-7.0.5.jar:7.0.5]
	at org.springframework.beans.factory.config.DependencyDescriptor.resolveCandidate(DependencyDescriptor.java:229) ~[spring-beans-7.0.5.jar:7.0.5]
	at org.springframework.beans.factory.support.DefaultListableBeanFactory.doResolveDependency(DefaultListableBeanFactory.java:1762) ~[spring-beans-7.0.5.jar:7.0.5]
	at org.springframework.beans.factory.support.DefaultListableBeanFactory.resolveDependency(DefaultListableBeanFactory.java:1651) ~[spring-beans-7.0.5.jar:7.0.5]
	at org.springframework.beans.factory.support.ConstructorResolver.resolveAutowiredArgument(ConstructorResolver.java:912) ~[spring-beans-7.0.5.jar:7.0.5]
	at org.springframework.beans.factory.support.ConstructorResolver.createArgumentArray(ConstructorResolver.java:791) ~[spring-beans-7.0.5.jar:7.0.5]
	at org.springframework.beans.factory.support.ConstructorResolver.autowireConstructor(ConstructorResolver.java:240) ~[spring-beans-7.0.5.jar:7.0.5]
	at org.springframework.beans.factory.support.AbstractAutowireCapableBeanFactory.autowireConstructor(AbstractAutowireCapableBeanFactory.java:1382) ~[spring-beans-7.0.5.jar:7.0.5]
	at org.springframework.beans.factory.support.AbstractAutowireCapableBeanFactory.createBeanInstance(AbstractAutowireCapableBeanFactory.java:1221) ~[spring-beans-7.0.5.jar:7.0.5]
	at org.springframework.beans.factory.support.AbstractAutowireCapableBeanFactory.doCreateBean(AbstractAutowireCapableBeanFactory.java:565) ~[spring-beans-7.0.5.jar:7.0.5]
	at org.springframework.beans.factory.support.AbstractAutowireCapableBeanFactory.createBean(AbstractAutowireCapableBeanFactory.java:525) ~[spring-beans-7.0.5.jar:7.0.5]
	at org.springframework.beans.factory.support.AbstractBeanFactory.lambda$doGetBean$0(AbstractBeanFactory.java:333) ~[spring-beans-7.0.5.jar:7.0.5]
	at org.springframework.beans.factory.support.DefaultSingletonBeanRegistry.getSingleton(DefaultSingletonBeanRegistry.java:371) ~[spring-beans-7.0.5.jar:7.0.5]
	at org.springframework.beans.factory.support.AbstractBeanFactory.doGetBean(AbstractBeanFactory.java:331) ~[spring-beans-7.0.5.jar:7.0.5]
	at org.springframework.beans.factory.support.AbstractBeanFactory.getBean(AbstractBeanFactory.java:201) ~[spring-beans-7.0.5.jar:7.0.5]
	at org.springframework.beans.factory.support.DefaultListableBeanFactory.resolveBean(DefaultListableBeanFactory.java:1225) ~[spring-beans-7.0.5.jar:7.0.5]
	at org.springframework.beans.factory.support.DefaultListableBeanFactory.doResolveDependency(DefaultListableBeanFactory.java:1704) ~[spring-beans-7.0.5.jar:7.0.5]
	at org.springframework.beans.factory.support.DefaultListableBeanFactory.resolveDependency(DefaultListableBeanFactory.java:1651) ~[spring-beans-7.0.5.jar:7.0.5]
	at org.springframework.beans.factory.support.ConstructorResolver.resolveAutowiredArgument(ConstructorResolver.java:912) ~[spring-beans-7.0.5.jar:7.0.5]
	at org.springframework.beans.factory.support.ConstructorResolver.createArgumentArray(ConstructorResolver.java:791) ~[spring-beans-7.0.5.jar:7.0.5]
	at org.springframework.beans.factory.support.ConstructorResolver.autowireConstructor(ConstructorResolver.java:240) ~[spring-beans-7.0.5.jar:7.0.5]
	at org.springframework.beans.factory.support.AbstractAutowireCapableBeanFactory.autowireConstructor(AbstractAutowireCapableBeanFactory.java:1382) ~[spring-beans-7.0.5.jar:7.0.5]
	at org.springframework.beans.factory.support.AbstractAutowireCapableBeanFactory.createBeanInstance(AbstractAutowireCapableBeanFactory.java:1221) ~[spring-beans-7.0.5.jar:7.0.5]
	at org.springframework.beans.factory.support.AbstractAutowireCapableBeanFactory.doCreateBean(AbstractAutowireCapableBeanFactory.java:565) ~[spring-beans-7.0.5.jar:7.0.5]
	at org.springframework.beans.factory.support.AbstractAutowireCapableBeanFactory.createBean(AbstractAutowireCapableBeanFactory.java:525) ~[spring-beans-7.0.5.jar:7.0.5]
	at org.springframework.beans.factory.support.AbstractBeanFactory.lambda$doGetBean$0(AbstractBeanFactory.java:333) ~[spring-beans-7.0.5.jar:7.0.5]
	at org.springframework.beans.factory.support.DefaultSingletonBeanRegistry.getSingleton(DefaultSingletonBeanRegistry.java:371) ~[spring-beans-7.0.5.jar:7.0.5]
	at org.springframework.beans.factory.support.AbstractBeanFactory.doGetBean(AbstractBeanFactory.java:331) ~[spring-beans-7.0.5.jar:7.0.5]
	at org.springframework.beans.factory.support.AbstractBeanFactory.getBean(AbstractBeanFactory.java:201) ~[spring-beans-7.0.5.jar:7.0.5]
	at org.springframework.boot.web.servlet.ServletContextInitializerBeans.getOrderedBeansOfType(ServletContextInitializerBeans.java:231) ~[spring-boot-4.0.3.jar:4.0.3]
	at org.springframework.boot.web.servlet.ServletContextInitializerBeans.addAsRegistrationBean(ServletContextInitializerBeans.java:185) ~[spring-boot-4.0.3.jar:4.0.3]
	at org.springframework.boot.web.servlet.ServletContextInitializerBeans.addAsRegistrationBean(ServletContextInitializerBeans.java:180) ~[spring-boot-4.0.3.jar:4.0.3]
	at org.springframework.boot.web.servlet.ServletContextInitializerBeans.addAdaptableBeans(ServletContextInitializerBeans.java:165) ~[spring-boot-4.0.3.jar:4.0.3]
	at org.springframework.boot.web.servlet.ServletContextInitializerBeans.<init>(ServletContextInitializerBeans.java:97) ~[spring-boot-4.0.3.jar:4.0.3]
	at org.springframework.boot.web.context.servlet.WebApplicationContextInitializer.initialize(WebApplicationContextInitializer.java:53) ~[spring-boot-4.0.3.jar:4.0.3]
	at org.springframework.boot.tomcat.servlet.DeferredServletContainerInitializers.onStartup(DeferredServletContainerInitializers.java:55) ~[spring-boot-tomcat-4.0.3.jar:4.0.3]
	at org.apache.catalina.core.StandardContext.startInternal(StandardContext.java:4416) ~[tomcat-embed-core-11.0.18.jar:11.0.18]
	at org.apache.catalina.util.LifecycleBase.start(LifecycleBase.java:164) ~[tomcat-embed-core-11.0.18.jar:11.0.18]
	at org.apache.catalina.core.ContainerBase$StartChild.call(ContainerBase.java:1162) ~[tomcat-embed-core-11.0.18.jar:11.0.18]
	at org.apache.catalina.core.ContainerBase$StartChild.call(ContainerBase.java:1158) ~[tomcat-embed-core-11.0.18.jar:11.0.18]
	at java.base/java.util.concurrent.FutureTask.run(FutureTask.java:317) ~[?:?]
	at org.apache.tomcat.util.threads.InlineExecutorService.execute(InlineExecutorService.java:81) ~[tomcat-embed-core-11.0.18.jar:11.0.18]
	at java.base/java.util.concurrent.AbstractExecutorService.submit(AbstractExecutorService.java:145) ~[?:?]
	at org.apache.catalina.core.ContainerBase.startInternal(ContainerBase.java:714) ~[tomcat-embed-core-11.0.18.jar:11.0.18]
	at org.apache.catalina.core.StandardHost.startInternal(StandardHost.java:780) ~[tomcat-embed-core-11.0.18.jar:11.0.18]
	at org.apache.catalina.util.LifecycleBase.start(LifecycleBase.java:164) ~[tomcat-embed-core-11.0.18.jar:11.0.18]
	at org.apache.catalina.core.ContainerBase$StartChild.call(ContainerBase.java:1162) ~[tomcat-embed-core-11.0.18.jar:11.0.18]
	at org.apache.catalina.core.ContainerBase$StartChild.call(ContainerBase.java:1158) ~[tomcat-embed-core-11.0.18.jar:11.0.18]
	at java.base/java.util.concurrent.FutureTask.run(FutureTask.java:317) ~[?:?]
	at org.apache.tomcat.util.threads.InlineExecutorService.execute(InlineExecutorService.java:81) ~[tomcat-embed-core-11.0.18.jar:11.0.18]
	at java.base/java.util.concurrent.AbstractExecutorService.submit(AbstractExecutorService.java:145) ~[?:?]
	at org.apache.catalina.core.ContainerBase.startInternal(ContainerBase.java:714) ~[tomcat-embed-core-11.0.18.jar:11.0.18]
	at org.apache.catalina.core.StandardEngine.startInternal(StandardEngine.java:201) ~[tomcat-embed-core-11.0.18.jar:11.0.18]
	at org.apache.catalina.util.LifecycleBase.start(LifecycleBase.java:164) ~[tomcat-embed-core-11.0.18.jar:11.0.18]
	at org.apache.catalina.core.StandardService.startInternal(StandardService.java:410) ~[tomcat-embed-core-11.0.18.jar:11.0.18]
	at org.apache.catalina.util.LifecycleBase.start(LifecycleBase.java:164) ~[tomcat-embed-core-11.0.18.jar:11.0.18]
	at org.apache.catalina.core.StandardServer.startInternal(StandardServer.java:864) ~[tomcat-embed-core-11.0.18.jar:11.0.18]
	at org.apache.catalina.util.LifecycleBase.start(LifecycleBase.java:164) ~[tomcat-embed-core-11.0.18.jar:11.0.18]
	at org.apache.catalina.startup.Tomcat.start(Tomcat.java:435) ~[tomcat-embed-core-11.0.18.jar:11.0.18]
	at org.springframework.boot.tomcat.TomcatWebServer.initialize(TomcatWebServer.java:131) ~[spring-boot-tomcat-4.0.3.jar:4.0.3]
	at org.springframework.boot.tomcat.TomcatWebServer.<init>(TomcatWebServer.java:110) ~[spring-boot-tomcat-4.0.3.jar:4.0.3]
	at org.springframework.boot.tomcat.servlet.TomcatServletWebServerFactory.getTomcatWebServer(TomcatServletWebServerFactory.java:408) ~[spring-boot-tomcat-4.0.3.jar:4.0.3]
	at org.springframework.boot.tomcat.servlet.TomcatServletWebServerFactory.getWebServer(TomcatServletWebServerFactory.java:166) ~[spring-boot-tomcat-4.0.3.jar:4.0.3]
	at org.springframework.boot.web.server.servlet.context.ServletWebServerApplicationContext.createWebServer(ServletWebServerApplicationContext.java:190) ~[spring-boot-web-server-4.0.3.jar:4.0.3]
	at org.springframework.boot.web.server.servlet.context.ServletWebServerApplicationContext.onRefresh(ServletWebServerApplicationContext.java:164) ~[spring-boot-web-server-4.0.3.jar:4.0.3]
	at org.springframework.context.support.AbstractApplicationContext.refresh(AbstractApplicationContext.java:615) ~[spring-context-7.0.5.jar:7.0.5]
	at org.springframework.boot.web.server.servlet.context.ServletWebServerApplicationContext.refresh(ServletWebServerApplicationContext.java:143) ~[spring-boot-web-server-4.0.3.jar:4.0.3]
	at org.springframework.boot.SpringApplication.refresh(SpringApplication.java:756) [spring-boot-4.0.3.jar:4.0.3]
	at org.springframework.boot.SpringApplication.refreshContext(SpringApplication.java:445) [spring-boot-4.0.3.jar:4.0.3]
	at org.springframework.boot.SpringApplication.run(SpringApplication.java:321) [spring-boot-4.0.3.jar:4.0.3]
	at org.springframework.boot.SpringApplication.run(SpringApplication.java:1365) [spring-boot-4.0.3.jar:4.0.3]
	at org.springframework.boot.SpringApplication.run(SpringApplication.java:1354) [spring-boot-4.0.3.jar:4.0.3]
	at com.rev.app.Revpay1Application.main(Revpay1Application.java:14) [classes/:?]
	at java.base/jdk.internal.reflect.DirectMethodHandleAccessor.invoke(DirectMethodHandleAccessor.java:103) ~[?:?]
	at java.base/java.lang.reflect.Method.invoke(Method.java:580) ~[?:?]
	at org.springframework.boot.devtools.restart.RestartLauncher.run(RestartLauncher.java:52) [spring-boot-devtools-4.0.3.jar:4.0.3]
Caused by: java.sql.SQLException: ORA-02391: exceeded simultaneous SESSIONS_PER_USER limit

https://docs.oracle.com/error-help/db/ora-02391/
	at oracle.jdbc.driver.T4CTTIoer11.processError(T4CTTIoer11.java:715) ~[ojdbc11-23.9.0.25.07.jar:23.9.0.25.07]
	at oracle.jdbc.driver.T4CTTIoer11.processError(T4CTTIoer11.java:610) ~[ojdbc11-23.9.0.25.07.jar:23.9.0.25.07]
	at oracle.jdbc.driver.T4CTTIoer11.processError(T4CTTIoer11.java:605) ~[ojdbc11-23.9.0.25.07.jar:23.9.0.25.07]
	at oracle.jdbc.driver.T4CTTIfun.processError(T4CTTIfun.java:1704) ~[ojdbc11-23.9.0.25.07.jar:23.9.0.25.07]
	at oracle.jdbc.driver.T4CTTIoauthenticate.processError(T4CTTIoauthenticate.java:936) ~[ojdbc11-23.9.0.25.07.jar:23.9.0.25.07]
	at oracle.jdbc.driver.T4CTTIfun.receive(T4CTTIfun.java:972) ~[ojdbc11-23.9.0.25.07.jar:23.9.0.25.07]
	at oracle.jdbc.driver.T4CTTIfun.doRPC(T4CTTIfun.java:237) ~[ojdbc11-23.9.0.25.07.jar:23.9.0.25.07]
	at oracle.jdbc.driver.T4CTTIoauthenticate.doOAUTH(T4CTTIoauthenticate.java:547) ~[ojdbc11-23.9.0.25.07.jar:23.9.0.25.07]
	at oracle.jdbc.driver.T4CTTIoauthenticate.doOAUTHWithO5Logon(T4CTTIoauthenticate.java:1746) ~[ojdbc11-23.9.0.25.07.jar:23.9.0.25.07]
	at oracle.jdbc.driver.T4CTTIoauthenticate.doOAUTH(T4CTTIoauthenticate.java:1493) ~[ojdbc11-23.9.0.25.07.jar:23.9.0.25.07]
	at oracle.jdbc.driver.T4CTTIoauthenticate.doOAUTH(T4CTTIoauthenticate.java:1433) ~[ojdbc11-23.9.0.25.07.jar:23.9.0.25.07]
	at oracle.jdbc.driver.T4CConnection.authenticateWithPassword(T4CConnection.java:2353) ~[ojdbc11-23.9.0.25.07.jar:23.9.0.25.07]
	at oracle.jdbc.driver.T4CConnection.authenticateUserForLogon(T4CConnection.java:2290) ~[ojdbc11-23.9.0.25.07.jar:23.9.0.25.07]
	at oracle.jdbc.driver.T4CConnection.logon(T4CConnection.java:1179) ~[ojdbc11-23.9.0.25.07.jar:23.9.0.25.07]
	at oracle.jdbc.driver.PhysicalConnection.connect(PhysicalConnection.java:1210) ~[ojdbc11-23.9.0.25.07.jar:23.9.0.25.07]
	at oracle.jdbc.driver.T4CDriverExtension.getConnection(T4CDriverExtension.java:106) ~[ojdbc11-23.9.0.25.07.jar:23.9.0.25.07]
	at oracle.jdbc.driver.OracleDriver.connect(OracleDriver.java:887) ~[ojdbc11-23.9.0.25.07.jar:23.9.0.25.07]
	at oracle.jdbc.driver.OracleDriver.connect(OracleDriver.java:694) ~[ojdbc11-23.9.0.25.07.jar:23.9.0.25.07]
	at com.zaxxer.hikari.util.DriverDataSource.getConnection(DriverDataSource.java:144) ~[HikariCP-7.0.2.jar:?]
	at com.zaxxer.hikari.pool.PoolBase.newConnection(PoolBase.java:373) ~[HikariCP-7.0.2.jar:?]
	at com.zaxxer.hikari.pool.PoolBase.newPoolEntry(PoolBase.java:210) ~[HikariCP-7.0.2.jar:?]
	at com.zaxxer.hikari.pool.HikariPool.createPoolEntry(HikariPool.java:488) ~[HikariCP-7.0.2.jar:?]
	at com.zaxxer.hikari.pool.HikariPool.checkFailFast(HikariPool.java:576) ~[HikariCP-7.0.2.jar:?]
	at com.zaxxer.hikari.pool.HikariPool.<init>(HikariPool.java:97) ~[HikariCP-7.0.2.jar:?]
	at com.zaxxer.hikari.HikariDataSource.getConnection(HikariDataSource.java:111) ~[HikariCP-7.0.2.jar:?]
	at org.hibernate.engine.jdbc.connections.internal.DataSourceConnectionProvider.getConnection(DataSourceConnectionProvider.java:137) ~[hibernate-core-7.2.4.Final.jar:7.2.4.Final]
	at org.hibernate.engine.jdbc.env.internal.JdbcEnvironmentInitiator$ConnectionProviderJdbcConnectionAccess.obtainConnection(JdbcEnvironmentInitiator.java:508) ~[hibernate-core-7.2.4.Final.jar:7.2.4.Final]
	at org.hibernate.resource.transaction.backend.jdbc.internal.JdbcIsolationDelegate.delegateWork(JdbcIsolationDelegate.java:48) ~[hibernate-core-7.2.4.Final.jar:7.2.4.Final]
	... 125 more

2026-03-02 14:37:45.150  WARN o.h.o.deprecation                        : HHH90000025: OracleDialect does not need to be specified explicitly using 'hibernate.dialect' (remove the property setting and it will be selected by default)
2026-03-02 14:37:45.322  INFO c.r.a.Revpay1Application                 : Starting Revpay1Application using Java 25.0.1 with PID 19556 (C:\Users\ADMIN\Downloads\Revpay\Revpay1\target\classes started by ADMIN in C:\Users\ADMIN\Downloads\Revpay\Revpay1)
2026-03-02 14:37:45.347  INFO o.h.o.c.pooling                          : HHH10001005: Database info:
	Database JDBC URL [undefined/unknown]
	Database driver: undefined/unknown
	Database dialect: OracleDialect
	Database version: 19.0
	Default catalog/schema: unknown/unknown
	Autocommit mode: undefined/unknown
	Isolation level: NONE [default NONE]
	JDBC fetch size: undefined/unknown
	Pool: DataSourceConnectionProvider
	Minimum pool size: undefined/unknown
	Maximum pool size: undefined/unknown
2026-03-02 14:37:45.364 DEBUG c.r.a.Revpay1Application                 : Running with Spring Boot v4.0.3, Spring v7.0.5
2026-03-02 14:37:45.374  INFO c.r.a.Revpay1Application                 : No active profile set, falling back to 1 default profile: "default"
2026-03-02 14:37:46.578  INFO o.s.b.d.r.ChangeableUrls                 : The Class-Path manifest attribute in C:\Users\ADMIN\.m2\repository\com\oracle\database\jdbc\ojdbc11\23.9.0.25.07\ojdbc11-23.9.0.25.07.jar referenced one or more files that do not exist: file:/C:/Users/ADMIN/.m2/repository/com/oracle/database/jdbc/ojdbc11/23.9.0.25.07/oraclepki.jar
2026-03-02 14:37:46.579  INFO .e.DevToolsPropertyDefaultsPostProcessor : Devtools property defaults active! Set 'spring.devtools.add-properties' to 'false' to disable
2026-03-02 14:37:46.579  INFO .e.DevToolsPropertyDefaultsPostProcessor : For additional web related logging consider setting the 'logging.level.web' property to 'DEBUG'
2026-03-02 14:37:47.435  INFO o.h.v.i.u.Version                        : HV000001: Hibernate Validator 9.0.1.Final
2026-03-02 14:37:51.541  INFO .s.d.r.c.RepositoryConfigurationDelegate : Bootstrapping Spring Data JPA repositories in DEFAULT mode.
2026-03-02 14:37:51.895  INFO o.h.o.core                               : HHH000489: No JTA platform available (set 'hibernate.transaction.jta.platform' to enable JTA platform integration)
2026-03-02 14:37:51.901  INFO .s.d.r.c.RepositoryConfigurationDelegate : Finished Spring Data repository scanning in 328 ms. Found 10 JPA repository interfaces.
2026-03-02 14:37:51.998  INFO c.z.h.HikariDataSource                   : HikariPool-1 - Starting...
2026-03-02 14:37:53.839  INFO o.s.b.t.TomcatWebServer                  : Tomcat initialized with port 8099 (http)
2026-03-02 14:37:53.875  INFO o.a.c.h.Http11NioProtocol                : Initializing ProtocolHandler ["http-nio-8099"]
2026-03-02 14:37:53.883  INFO o.a.c.c.StandardService                  : Starting service [Tomcat]
2026-03-02 14:37:53.884  INFO o.a.c.c.StandardEngine                   : Starting Servlet engine: [Apache Tomcat/11.0.18]
2026-03-02 14:37:54.050  INFO b.w.c.s.WebApplicationContextInitializer : Root WebApplicationContext: initialization completed in 7469 ms
2026-03-02 14:37:54.759  INFO o.h.o.jpa                                : HHH008540: Processing PersistenceUnitInfo [name: default]
2026-03-02 14:37:54.865  WARN o.h.o.j.error                            : HHH000247: ErrorCode: 2391, SQLState: 61000
2026-03-02 14:37:54.865  WARN o.h.o.j.error                            : ORA-02391: exceeded simultaneous SESSIONS_PER_USER limit

https://docs.oracle.com/error-help/db/ora-02391/
2026-03-02 14:37:54.871 ERROR j.LocalContainerEntityManagerFactoryBean : Failed to initialize JPA EntityManagerFactory: Unable to build Hibernate SessionFactory  [persistence unit: default] ; nested exception is org.hibernate.exception.GenericJDBCException: Unable to open JDBC Connection for DDL execution [ORA-02391: exceeded simultaneous SESSIONS_PER_USER limit

https://docs.oracle.com/error-help/db/ora-02391/] [n/a]
2026-03-02 14:37:54.872 ERROR t.s.DeferredServletContainerInitializers : Error starting Tomcat context. Exception: org.springframework.beans.factory.UnsatisfiedDependencyException. Message: Error creating bean with name 'jwtAuthFilter' defined in file [C:\Users\ADMIN\Downloads\Revpay\Revpay1\target\classes\com\rev\app\security\JwtAuthFilter.class]: Unsatisfied dependency expressed through constructor parameter 1: Error creating bean with name 'customUserDetailsService' defined in file [C:\Users\ADMIN\Downloads\Revpay\Revpay1\target\classes\com\rev\app\security\CustomUserDetailsService.class]: Unsatisfied dependency expressed through constructor parameter 0: Error creating bean with name 'IUserRepository' defined in com.rev.app.repository.IUserRepository defined in @EnableJpaRepositories declared on DataJpaRepositoriesRegistrar.EnableJpaRepositoriesConfiguration: Cannot resolve reference to bean 'jpaSharedEM_entityManagerFactory' while setting bean property 'entityManager'
2026-03-02 14:37:54.900  INFO o.h.o.core                               : HHH000001: Hibernate ORM core version 7.2.4.Final
2026-03-02 14:37:54.933  INFO o.a.c.c.StandardService                  : Stopping service [Tomcat]
2026-03-02 14:37:54.941  WARN o.a.c.l.WebappClassLoaderBase            : The web application [ROOT] appears to have started a thread named [oracle.jdbc.diagnostics.Diagnostic.CLOCK] but has failed to stop it. This is very likely to create a memory leak. Stack trace of thread:
 java.base/java.lang.Object.wait0(Native Method)
 java.base/java.lang.Object.wait(Object.java:366)
 java.base/java.util.TimerThread.mainLoop(Timer.java:563)
 java.base/java.util.TimerThread.run(Timer.java:516)
2026-03-02 14:37:54.943  WARN o.a.c.l.WebappClassLoaderBase            : The web application [ROOT] appears to have started a thread named [oracle.jdbc.driver.BlockSource.ThreadedCachingBlockSource.BlockReleaser] but has failed to stop it. This is very likely to create a memory leak. Stack trace of thread:
 java.base/jdk.internal.misc.Unsafe.park(Native Method)
 java.base/java.util.concurrent.locks.LockSupport.parkNanos(LockSupport.java:269)
 java.base/java.util.concurrent.locks.AbstractQueuedSynchronizer$ConditionObject.awaitNanos(AbstractQueuedSynchronizer.java:1797)
 oracle.jdbc.internal.Monitor$WaitableMonitor.monitorWait(Monitor.java:325)
 oracle.jdbc.internal.Monitor$WaitableMonitor.monitorWait(Monitor.java:307)
 oracle.jdbc.driver.BlockSource$ThreadedCachingBlockSource$BlockReleaser.run(BlockSource.java:347)
2026-03-02 14:37:54.943  WARN o.a.c.l.WebappClassLoaderBase            : The web application [ROOT] appears to have started a thread named [InterruptTimer] but has failed to stop it. This is very likely to create a memory leak. Stack trace of thread:
 java.base/java.lang.Object.wait0(Native Method)
 java.base/java.lang.Object.wait(Object.java:366)
 java.base/java.util.TimerThread.mainLoop(Timer.java:563)
 java.base/java.util.TimerThread.run(Timer.java:516)
2026-03-02 14:37:54.947  WARN ConfigServletWebServerApplicationContext : Exception encountered during context initialization - cancelling refresh attempt: org.springframework.context.ApplicationContextException: Unable to start web server
2026-03-02 14:37:54.968  INFO .s.b.a.l.ConditionEvaluationReportLogger : 

Error starting ApplicationContext. To display the condition evaluation report re-run your application with 'debug' enabled.
2026-03-02 14:37:55.020 ERROR o.s.b.SpringApplication                  : Application run failed

org.springframework.context.ApplicationContextException: Unable to start web server
	at org.springframework.boot.web.server.servlet.context.ServletWebServerApplicationContext.onRefresh(ServletWebServerApplicationContext.java:167) ~[spring-boot-web-server-4.0.3.jar:4.0.3]
	at org.springframework.context.support.AbstractApplicationContext.refresh(AbstractApplicationContext.java:615) ~[spring-context-7.0.5.jar:7.0.5]
	at org.springframework.boot.web.server.servlet.context.ServletWebServerApplicationContext.refresh(ServletWebServerApplicationContext.java:143) ~[spring-boot-web-server-4.0.3.jar:4.0.3]
	at org.springframework.boot.SpringApplication.refresh(SpringApplication.java:756) [spring-boot-4.0.3.jar:4.0.3]
	at org.springframework.boot.SpringApplication.refreshContext(SpringApplication.java:445) [spring-boot-4.0.3.jar:4.0.3]
	at org.springframework.boot.SpringApplication.run(SpringApplication.java:321) [spring-boot-4.0.3.jar:4.0.3]
	at org.springframework.boot.SpringApplication.run(SpringApplication.java:1365) [spring-boot-4.0.3.jar:4.0.3]
	at org.springframework.boot.SpringApplication.run(SpringApplication.java:1354) [spring-boot-4.0.3.jar:4.0.3]
	at com.rev.app.Revpay1Application.main(Revpay1Application.java:14) [classes/:?]
	at java.base/jdk.internal.reflect.DirectMethodHandleAccessor.invoke(DirectMethodHandleAccessor.java:103) ~[?:?]
	at java.base/java.lang.reflect.Method.invoke(Method.java:580) ~[?:?]
	at org.springframework.boot.devtools.restart.RestartLauncher.run(RestartLauncher.java:52) [spring-boot-devtools-4.0.3.jar:4.0.3]
Caused by: org.springframework.boot.web.server.WebServerException: Unable to start embedded Tomcat
	at org.springframework.boot.tomcat.TomcatWebServer.initialize(TomcatWebServer.java:150) ~[spring-boot-tomcat-4.0.3.jar:4.0.3]
	at org.springframework.boot.tomcat.TomcatWebServer.<init>(TomcatWebServer.java:110) ~[spring-boot-tomcat-4.0.3.jar:4.0.3]
	at org.springframework.boot.tomcat.servlet.TomcatServletWebServerFactory.getTomcatWebServer(TomcatServletWebServerFactory.java:408) ~[spring-boot-tomcat-4.0.3.jar:4.0.3]
	at org.springframework.boot.tomcat.servlet.TomcatServletWebServerFactory.getWebServer(TomcatServletWebServerFactory.java:166) ~[spring-boot-tomcat-4.0.3.jar:4.0.3]
	at org.springframework.boot.web.server.servlet.context.ServletWebServerApplicationContext.createWebServer(ServletWebServerApplicationContext.java:190) ~[spring-boot-web-server-4.0.3.jar:4.0.3]
	at org.springframework.boot.web.server.servlet.context.ServletWebServerApplicationContext.onRefresh(ServletWebServerApplicationContext.java:164) ~[spring-boot-web-server-4.0.3.jar:4.0.3]
	... 11 more
Caused by: org.springframework.beans.factory.UnsatisfiedDependencyException: Error creating bean with name 'jwtAuthFilter' defined in file [C:\Users\ADMIN\Downloads\Revpay\Revpay1\target\classes\com\rev\app\security\JwtAuthFilter.class]: Unsatisfied dependency expressed through constructor parameter 1: Error creating bean with name 'customUserDetailsService' defined in file [C:\Users\ADMIN\Downloads\Revpay\Revpay1\target\classes\com\rev\app\security\CustomUserDetailsService.class]: Unsatisfied dependency expressed through constructor parameter 0: Error creating bean with name 'IUserRepository' defined in com.rev.app.repository.IUserRepository defined in @EnableJpaRepositories declared on DataJpaRepositoriesRegistrar.EnableJpaRepositoriesConfiguration: Cannot resolve reference to bean 'jpaSharedEM_entityManagerFactory' while setting bean property 'entityManager'
	at org.springframework.beans.factory.support.ConstructorResolver.createArgumentArray(ConstructorResolver.java:804) ~[spring-beans-7.0.5.jar:7.0.5]
	at org.springframework.beans.factory.support.ConstructorResolver.autowireConstructor(ConstructorResolver.java:240) ~[spring-beans-7.0.5.jar:7.0.5]
	at org.springframework.beans.factory.support.AbstractAutowireCapableBeanFactory.autowireConstructor(AbstractAutowireCapableBeanFactory.java:1382) ~[spring-beans-7.0.5.jar:7.0.5]
	at org.springframework.beans.factory.support.AbstractAutowireCapableBeanFactory.createBeanInstance(AbstractAutowireCapableBeanFactory.java:1221) ~[spring-beans-7.0.5.jar:7.0.5]
	at org.springframework.beans.factory.support.AbstractAutowireCapableBeanFactory.doCreateBean(AbstractAutowireCapableBeanFactory.java:565) ~[spring-beans-7.0.5.jar:7.0.5]
	at org.springframework.beans.factory.support.AbstractAutowireCapableBeanFactory.createBean(AbstractAutowireCapableBeanFactory.java:525) ~[spring-beans-7.0.5.jar:7.0.5]
	at org.springframework.beans.factory.support.AbstractBeanFactory.lambda$doGetBean$0(AbstractBeanFactory.java:333) ~[spring-beans-7.0.5.jar:7.0.5]
	at org.springframework.beans.factory.support.DefaultSingletonBeanRegistry.getSingleton(DefaultSingletonBeanRegistry.java:371) ~[spring-beans-7.0.5.jar:7.0.5]
	at org.springframework.beans.factory.support.AbstractBeanFactory.doGetBean(AbstractBeanFactory.java:331) ~[spring-beans-7.0.5.jar:7.0.5]
	at org.springframework.beans.factory.support.AbstractBeanFactory.getBean(AbstractBeanFactory.java:201) ~[spring-beans-7.0.5.jar:7.0.5]
	at org.springframework.boot.web.servlet.ServletContextInitializerBeans.getOrderedBeansOfType(ServletContextInitializerBeans.java:231) ~[spring-boot-4.0.3.jar:4.0.3]
	at org.springframework.boot.web.servlet.ServletContextInitializerBeans.addAsRegistrationBean(ServletContextInitializerBeans.java:185) ~[spring-boot-4.0.3.jar:4.0.3]
	at org.springframework.boot.web.servlet.ServletContextInitializerBeans.addAsRegistrationBean(ServletContextInitializerBeans.java:180) ~[spring-boot-4.0.3.jar:4.0.3]
	at org.springframework.boot.web.servlet.ServletContextInitializerBeans.addAdaptableBeans(ServletContextInitializerBeans.java:165) ~[spring-boot-4.0.3.jar:4.0.3]
	at org.springframework.boot.web.servlet.ServletContextInitializerBeans.<init>(ServletContextInitializerBeans.java:97) ~[spring-boot-4.0.3.jar:4.0.3]
	at org.springframework.boot.web.context.servlet.WebApplicationContextInitializer.initialize(WebApplicationContextInitializer.java:53) ~[spring-boot-4.0.3.jar:4.0.3]
	at org.springframework.boot.tomcat.servlet.DeferredServletContainerInitializers.onStartup(DeferredServletContainerInitializers.java:55) ~[spring-boot-tomcat-4.0.3.jar:4.0.3]
	at org.apache.catalina.core.StandardContext.startInternal(StandardContext.java:4416) ~[tomcat-embed-core-11.0.18.jar:11.0.18]
	at org.apache.catalina.util.LifecycleBase.start(LifecycleBase.java:164) ~[tomcat-embed-core-11.0.18.jar:11.0.18]
	at org.apache.catalina.core.ContainerBase$StartChild.call(ContainerBase.java:1162) ~[tomcat-embed-core-11.0.18.jar:11.0.18]
	at org.apache.catalina.core.ContainerBase$StartChild.call(ContainerBase.java:1158) ~[tomcat-embed-core-11.0.18.jar:11.0.18]
	at java.base/java.util.concurrent.FutureTask.run(FutureTask.java:317) ~[?:?]
	at org.apache.tomcat.util.threads.InlineExecutorService.execute(InlineExecutorService.java:81) ~[tomcat-embed-core-11.0.18.jar:11.0.18]
	at java.base/java.util.concurrent.AbstractExecutorService.submit(AbstractExecutorService.java:145) ~[?:?]
	at org.apache.catalina.core.ContainerBase.startInternal(ContainerBase.java:714) ~[tomcat-embed-core-11.0.18.jar:11.0.18]
	at org.apache.catalina.core.StandardHost.startInternal(StandardHost.java:780) ~[tomcat-embed-core-11.0.18.jar:11.0.18]
	at org.apache.catalina.util.LifecycleBase.start(LifecycleBase.java:164) ~[tomcat-embed-core-11.0.18.jar:11.0.18]
	at org.apache.catalina.core.ContainerBase$StartChild.call(ContainerBase.java:1162) ~[tomcat-embed-core-11.0.18.jar:11.0.18]
	at org.apache.catalina.core.ContainerBase$StartChild.call(ContainerBase.java:1158) ~[tomcat-embed-core-11.0.18.jar:11.0.18]
	at java.base/java.util.concurrent.FutureTask.run(FutureTask.java:317) ~[?:?]
	at org.apache.tomcat.util.threads.InlineExecutorService.execute(InlineExecutorService.java:81) ~[tomcat-embed-core-11.0.18.jar:11.0.18]
	at java.base/java.util.concurrent.AbstractExecutorService.submit(AbstractExecutorService.java:145) ~[?:?]
	at org.apache.catalina.core.ContainerBase.startInternal(ContainerBase.java:714) ~[tomcat-embed-core-11.0.18.jar:11.0.18]
	at org.apache.catalina.core.StandardEngine.startInternal(StandardEngine.java:201) ~[tomcat-embed-core-11.0.18.jar:11.0.18]
	at org.apache.catalina.util.LifecycleBase.start(LifecycleBase.java:164) ~[tomcat-embed-core-11.0.18.jar:11.0.18]
	at org.apache.catalina.core.StandardService.startInternal(StandardService.java:410) ~[tomcat-embed-core-11.0.18.jar:11.0.18]
	at org.apache.catalina.util.LifecycleBase.start(LifecycleBase.java:164) ~[tomcat-embed-core-11.0.18.jar:11.0.18]
	at org.apache.catalina.core.StandardServer.startInternal(StandardServer.java:864) ~[tomcat-embed-core-11.0.18.jar:11.0.18]
	at org.apache.catalina.util.LifecycleBase.start(LifecycleBase.java:164) ~[tomcat-embed-core-11.0.18.jar:11.0.18]
	at org.apache.catalina.startup.Tomcat.start(Tomcat.java:435) ~[tomcat-embed-core-11.0.18.jar:11.0.18]
	at org.springframework.boot.tomcat.TomcatWebServer.initialize(TomcatWebServer.java:131) ~[spring-boot-tomcat-4.0.3.jar:4.0.3]
	... 16 more
Caused by: org.springframework.beans.factory.UnsatisfiedDependencyException: Error creating bean with name 'customUserDetailsService' defined in file [C:\Users\ADMIN\Downloads\Revpay\Revpay1\target\classes\com\rev\app\security\CustomUserDetailsService.class]: Unsatisfied dependency expressed through constructor parameter 0: Error creating bean with name 'IUserRepository' defined in com.rev.app.repository.IUserRepository defined in @EnableJpaRepositories declared on DataJpaRepositoriesRegistrar.EnableJpaRepositoriesConfiguration: Cannot resolve reference to bean 'jpaSharedEM_entityManagerFactory' while setting bean property 'entityManager'
	at org.springframework.beans.factory.support.ConstructorResolver.createArgumentArray(ConstructorResolver.java:804) ~[spring-beans-7.0.5.jar:7.0.5]
	at org.springframework.beans.factory.support.ConstructorResolver.autowireConstructor(ConstructorResolver.java:240) ~[spring-beans-7.0.5.jar:7.0.5]
	at org.springframework.beans.factory.support.AbstractAutowireCapableBeanFactory.autowireConstructor(AbstractAutowireCapableBeanFactory.java:1382) ~[spring-beans-7.0.5.jar:7.0.5]
	at org.springframework.beans.factory.support.AbstractAutowireCapableBeanFactory.createBeanInstance(AbstractAutowireCapableBeanFactory.java:1221) ~[spring-beans-7.0.5.jar:7.0.5]
	at org.springframework.beans.factory.support.AbstractAutowireCapableBeanFactory.doCreateBean(AbstractAutowireCapableBeanFactory.java:565) ~[spring-beans-7.0.5.jar:7.0.5]
	at org.springframework.beans.factory.support.AbstractAutowireCapableBeanFactory.createBean(AbstractAutowireCapableBeanFactory.java:525) ~[spring-beans-7.0.5.jar:7.0.5]
	at org.springframework.beans.factory.support.AbstractBeanFactory.lambda$doGetBean$0(AbstractBeanFactory.java:333) ~[spring-beans-7.0.5.jar:7.0.5]
	at org.springframework.beans.factory.support.DefaultSingletonBeanRegistry.getSingleton(DefaultSingletonBeanRegistry.java:371) ~[spring-beans-7.0.5.jar:7.0.5]
	at org.springframework.beans.factory.support.AbstractBeanFactory.doGetBean(AbstractBeanFactory.java:331) ~[spring-beans-7.0.5.jar:7.0.5]
	at org.springframework.beans.factory.support.AbstractBeanFactory.getBean(AbstractBeanFactory.java:201) ~[spring-beans-7.0.5.jar:7.0.5]
	at org.springframework.beans.factory.support.DefaultListableBeanFactory.resolveBean(DefaultListableBeanFactory.java:1225) ~[spring-beans-7.0.5.jar:7.0.5]
	at org.springframework.beans.factory.support.DefaultListableBeanFactory.doResolveDependency(DefaultListableBeanFactory.java:1704) ~[spring-beans-7.0.5.jar:7.0.5]
	at org.springframework.beans.factory.support.DefaultListableBeanFactory.resolveDependency(DefaultListableBeanFactory.java:1651) ~[spring-beans-7.0.5.jar:7.0.5]
	at org.springframework.beans.factory.support.ConstructorResolver.resolveAutowiredArgument(ConstructorResolver.java:912) ~[spring-beans-7.0.5.jar:7.0.5]
	at org.springframework.beans.factory.support.ConstructorResolver.createArgumentArray(ConstructorResolver.java:791) ~[spring-beans-7.0.5.jar:7.0.5]
	... 56 more
Caused by: org.springframework.beans.factory.BeanCreationException: Error creating bean with name 'IUserRepository' defined in com.rev.app.repository.IUserRepository defined in @EnableJpaRepositories declared on DataJpaRepositoriesRegistrar.EnableJpaRepositoriesConfiguration: Cannot resolve reference to bean 'jpaSharedEM_entityManagerFactory' while setting bean property 'entityManager'
	at org.springframework.beans.factory.support.BeanDefinitionValueResolver.resolveReference(BeanDefinitionValueResolver.java:377) ~[spring-beans-7.0.5.jar:7.0.5]
	at org.springframework.beans.factory.support.BeanDefinitionValueResolver.resolveValueIfNecessary(BeanDefinitionValueResolver.java:135) ~[spring-beans-7.0.5.jar:7.0.5]
	at org.springframework.beans.factory.support.AbstractAutowireCapableBeanFactory.applyPropertyValues(AbstractAutowireCapableBeanFactory.java:1712) ~[spring-beans-7.0.5.jar:7.0.5]
	at org.springframework.beans.factory.support.AbstractAutowireCapableBeanFactory.populateBean(AbstractAutowireCapableBeanFactory.java:1461) ~[spring-beans-7.0.5.jar:7.0.5]
	at org.springframework.beans.factory.support.AbstractAutowireCapableBeanFactory.doCreateBean(AbstractAutowireCapableBeanFactory.java:602) ~[spring-beans-7.0.5.jar:7.0.5]
	at org.springframework.beans.factory.support.AbstractAutowireCapableBeanFactory.createBean(AbstractAutowireCapableBeanFactory.java:525) ~[spring-beans-7.0.5.jar:7.0.5]
	at org.springframework.beans.factory.support.AbstractBeanFactory.lambda$doGetBean$0(AbstractBeanFactory.java:333) ~[spring-beans-7.0.5.jar:7.0.5]
	at org.springframework.beans.factory.support.DefaultSingletonBeanRegistry.getSingleton(DefaultSingletonBeanRegistry.java:371) ~[spring-beans-7.0.5.jar:7.0.5]
	at org.springframework.beans.factory.support.AbstractBeanFactory.doGetBean(AbstractBeanFactory.java:331) ~[spring-beans-7.0.5.jar:7.0.5]
	at org.springframework.beans.factory.support.AbstractBeanFactory.getBean(AbstractBeanFactory.java:201) ~[spring-beans-7.0.5.jar:7.0.5]
	at org.springframework.beans.factory.config.DependencyDescriptor.resolveCandidate(DependencyDescriptor.java:229) ~[spring-beans-7.0.5.jar:7.0.5]
	at org.springframework.beans.factory.support.DefaultListableBeanFactory.doResolveDependency(DefaultListableBeanFactory.java:1762) ~[spring-beans-7.0.5.jar:7.0.5]
	at org.springframework.beans.factory.support.DefaultListableBeanFactory.resolveDependency(DefaultListableBeanFactory.java:1651) ~[spring-beans-7.0.5.jar:7.0.5]
	at org.springframework.beans.factory.support.ConstructorResolver.resolveAutowiredArgument(ConstructorResolver.java:912) ~[spring-beans-7.0.5.jar:7.0.5]
	at org.springframework.beans.factory.support.ConstructorResolver.createArgumentArray(ConstructorResolver.java:791) ~[spring-beans-7.0.5.jar:7.0.5]
	... 70 more
Caused by: org.springframework.beans.factory.BeanCreationException: Error creating bean with name 'jpaSharedEM_entityManagerFactory': Cannot resolve reference to bean 'entityManagerFactory' while setting constructor argument
	at org.springframework.beans.factory.support.BeanDefinitionValueResolver.resolveReference(BeanDefinitionValueResolver.java:377) ~[spring-beans-7.0.5.jar:7.0.5]
	at org.springframework.beans.factory.support.BeanDefinitionValueResolver.resolveValueIfNecessary(BeanDefinitionValueResolver.java:135) ~[spring-beans-7.0.5.jar:7.0.5]
	at org.springframework.beans.factory.support.ConstructorResolver.resolveConstructorArguments(ConstructorResolver.java:691) ~[spring-beans-7.0.5.jar:7.0.5]
	at org.springframework.beans.factory.support.ConstructorResolver.instantiateUsingFactoryMethod(ConstructorResolver.java:513) ~[spring-beans-7.0.5.jar:7.0.5]
	at org.springframework.beans.factory.support.AbstractAutowireCapableBeanFactory.instantiateUsingFactoryMethod(AbstractAutowireCapableBeanFactory.java:1362) ~[spring-beans-7.0.5.jar:7.0.5]
	at org.springframework.beans.factory.support.AbstractAutowireCapableBeanFactory.createBeanInstance(AbstractAutowireCapableBeanFactory.java:1194) ~[spring-beans-7.0.5.jar:7.0.5]
	at org.springframework.beans.factory.support.AbstractAutowireCapableBeanFactory.doCreateBean(AbstractAutowireCapableBeanFactory.java:565) ~[spring-beans-7.0.5.jar:7.0.5]
	at org.springframework.beans.factory.support.AbstractAutowireCapableBeanFactory.createBean(AbstractAutowireCapableBeanFactory.java:525) ~[spring-beans-7.0.5.jar:7.0.5]
	at org.springframework.beans.factory.support.AbstractBeanFactory.lambda$doGetBean$0(AbstractBeanFactory.java:333) ~[spring-beans-7.0.5.jar:7.0.5]
	at org.springframework.beans.factory.support.DefaultSingletonBeanRegistry.getSingleton(DefaultSingletonBeanRegistry.java:371) ~[spring-beans-7.0.5.jar:7.0.5]
	at org.springframework.beans.factory.support.AbstractBeanFactory.doGetBean(AbstractBeanFactory.java:331) ~[spring-beans-7.0.5.jar:7.0.5]
	at org.springframework.beans.factory.support.AbstractBeanFactory.getBean(AbstractBeanFactory.java:201) ~[spring-beans-7.0.5.jar:7.0.5]
	at org.springframework.beans.factory.support.BeanDefinitionValueResolver.resolveReference(BeanDefinitionValueResolver.java:356) ~[spring-beans-7.0.5.jar:7.0.5]
	... 84 more
Caused by: org.springframework.beans.factory.BeanCreationException: Error creating bean with name 'entityManagerFactory' defined in class path resource [org/springframework/boot/hibernate/autoconfigure/HibernateJpaConfiguration.class]: Unable to build Hibernate SessionFactory  [persistence unit: default] ; nested exception is org.hibernate.exception.GenericJDBCException: Unable to open JDBC Connection for DDL execution [ORA-02391: exceeded simultaneous SESSIONS_PER_USER limit

https://docs.oracle.com/error-help/db/ora-02391/] [n/a]
	at org.springframework.beans.factory.support.AbstractAutowireCapableBeanFactory.initializeBean(AbstractAutowireCapableBeanFactory.java:1817) ~[spring-beans-7.0.5.jar:7.0.5]
	at org.springframework.beans.factory.support.AbstractAutowireCapableBeanFactory.doCreateBean(AbstractAutowireCapableBeanFactory.java:603) ~[spring-beans-7.0.5.jar:7.0.5]
	at org.springframework.beans.factory.support.AbstractAutowireCapableBeanFactory.createBean(AbstractAutowireCapableBeanFactory.java:525) ~[spring-beans-7.0.5.jar:7.0.5]
	at org.springframework.beans.factory.support.AbstractBeanFactory.lambda$doGetBean$0(AbstractBeanFactory.java:333) ~[spring-beans-7.0.5.jar:7.0.5]
	at org.springframework.beans.factory.support.DefaultSingletonBeanRegistry.getSingleton(DefaultSingletonBeanRegistry.java:371) ~[spring-beans-7.0.5.jar:7.0.5]
	at org.springframework.beans.factory.support.AbstractBeanFactory.doGetBean(AbstractBeanFactory.java:331) ~[spring-beans-7.0.5.jar:7.0.5]
	at org.springframework.beans.factory.support.AbstractBeanFactory.getBean(AbstractBeanFactory.java:196) ~[spring-beans-7.0.5.jar:7.0.5]
	at org.springframework.beans.factory.support.BeanDefinitionValueResolver.resolveReference(BeanDefinitionValueResolver.java:365) ~[spring-beans-7.0.5.jar:7.0.5]
	... 96 more
Caused by: jakarta.persistence.PersistenceException: Unable to build Hibernate SessionFactory  [persistence unit: default] ; nested exception is org.hibernate.exception.GenericJDBCException: Unable to open JDBC Connection for DDL execution [ORA-02391: exceeded simultaneous SESSIONS_PER_USER limit

https://docs.oracle.com/error-help/db/ora-02391/] [n/a]
	at org.springframework.orm.jpa.AbstractEntityManagerFactoryBean.buildNativeEntityManagerFactory(AbstractEntityManagerFactoryBean.java:448) ~[spring-orm-7.0.5.jar:7.0.5]
	at org.springframework.orm.jpa.AbstractEntityManagerFactoryBean.afterPropertiesSet(AbstractEntityManagerFactoryBean.java:411) ~[spring-orm-7.0.5.jar:7.0.5]
	at org.springframework.orm.jpa.LocalContainerEntityManagerFactoryBean.afterPropertiesSet(LocalContainerEntityManagerFactoryBean.java:419) ~[spring-orm-7.0.5.jar:7.0.5]
	at org.springframework.beans.factory.support.AbstractAutowireCapableBeanFactory.invokeInitMethods(AbstractAutowireCapableBeanFactory.java:1864) ~[spring-beans-7.0.5.jar:7.0.5]
	at org.springframework.beans.factory.support.AbstractAutowireCapableBeanFactory.initializeBean(AbstractAutowireCapableBeanFactory.java:1813) ~[spring-beans-7.0.5.jar:7.0.5]
	... 103 more
Caused by: org.hibernate.exception.GenericJDBCException: Unable to open JDBC Connection for DDL execution [ORA-02391: exceeded simultaneous SESSIONS_PER_USER limit

https://docs.oracle.com/error-help/db/ora-02391/] [n/a]
	at org.hibernate.exception.internal.StandardSQLExceptionConverter.convert(StandardSQLExceptionConverter.java:39) ~[hibernate-core-7.2.4.Final.jar:7.2.4.Final]
	at org.hibernate.engine.jdbc.spi.SqlExceptionHelper.convert(SqlExceptionHelper.java:115) ~[hibernate-core-7.2.4.Final.jar:7.2.4.Final]
	at org.hibernate.engine.jdbc.spi.SqlExceptionHelper.convert(SqlExceptionHelper.java:101) ~[hibernate-core-7.2.4.Final.jar:7.2.4.Final]
	at org.hibernate.resource.transaction.backend.jdbc.internal.DdlTransactionIsolatorNonJtaImpl.getIsolatedConnection(DdlTransactionIsolatorNonJtaImpl.java:71) ~[hibernate-core-7.2.4.Final.jar:7.2.4.Final]
	at org.hibernate.resource.transaction.backend.jdbc.internal.DdlTransactionIsolatorNonJtaImpl.getIsolatedConnection(DdlTransactionIsolatorNonJtaImpl.java:37) ~[hibernate-core-7.2.4.Final.jar:7.2.4.Final]
	at org.hibernate.tool.schema.internal.exec.ImprovedExtractionContextImpl.getJdbcConnection(ImprovedExtractionContextImpl.java:61) ~[hibernate-core-7.2.4.Final.jar:7.2.4.Final]
	at org.hibernate.tool.schema.extract.spi.ExtractionContext.getQueryResults(ExtractionContext.java:41) ~[hibernate-core-7.2.4.Final.jar:7.2.4.Final]
	at org.hibernate.tool.schema.extract.internal.SequenceInformationExtractorLegacyImpl.extractMetadata(SequenceInformationExtractorLegacyImpl.java:36) ~[hibernate-core-7.2.4.Final.jar:7.2.4.Final]
	at org.hibernate.tool.schema.extract.internal.DatabaseInformationImpl.initializeSequences(DatabaseInformationImpl.java:73) ~[hibernate-core-7.2.4.Final.jar:7.2.4.Final]
	at org.hibernate.tool.schema.extract.internal.DatabaseInformationImpl.<init>(DatabaseInformationImpl.java:63) ~[hibernate-core-7.2.4.Final.jar:7.2.4.Final]
	at org.hibernate.tool.schema.extract.internal.CachingDatabaseInformationImpl.<init>(CachingDatabaseInformationImpl.java:43) ~[hibernate-core-7.2.4.Final.jar:7.2.4.Final]
	at org.hibernate.tool.schema.internal.GroupedSchemaMigratorImpl.buildDatabaseInformation(GroupedSchemaMigratorImpl.java:112) ~[hibernate-core-7.2.4.Final.jar:7.2.4.Final]
	at org.hibernate.tool.schema.internal.AbstractSchemaMigrator.doMigration(AbstractSchemaMigrator.java:83) ~[hibernate-core-7.2.4.Final.jar:7.2.4.Final]
	at org.hibernate.tool.schema.spi.SchemaManagementToolCoordinator.performDatabaseAction(SchemaManagementToolCoordinator.java:269) ~[hibernate-core-7.2.4.Final.jar:7.2.4.Final]
	at org.hibernate.tool.schema.spi.SchemaManagementToolCoordinator.lambda$process$1(SchemaManagementToolCoordinator.java:101) ~[hibernate-core-7.2.4.Final.jar:7.2.4.Final]
	at java.base/java.util.HashMap.forEach(HashMap.java:1429) ~[?:?]
	at org.hibernate.tool.schema.spi.SchemaManagementToolCoordinator.process(SchemaManagementToolCoordinator.java:100) ~[hibernate-core-7.2.4.Final.jar:7.2.4.Final]
	at org.hibernate.boot.internal.SessionFactoryObserverForSchemaExport.sessionFactoryCreated(SessionFactoryObserverForSchemaExport.java:35) ~[hibernate-core-7.2.4.Final.jar:7.2.4.Final]
	at org.hibernate.internal.SessionFactoryObserverChain.sessionFactoryCreated(SessionFactoryObserverChain.java:33) ~[hibernate-core-7.2.4.Final.jar:7.2.4.Final]
	at org.hibernate.internal.SessionFactoryImpl.<init>(SessionFactoryImpl.java:323) ~[hibernate-core-7.2.4.Final.jar:7.2.4.Final]
	at org.hibernate.internal.SessionFactoryRegistry.instantiateSessionFactory(SessionFactoryRegistry.java:64) ~[hibernate-core-7.2.4.Final.jar:7.2.4.Final]
	at org.hibernate.boot.internal.SessionFactoryBuilderImpl.build(SessionFactoryBuilderImpl.java:437) ~[hibernate-core-7.2.4.Final.jar:7.2.4.Final]
	at org.hibernate.jpa.boot.internal.EntityManagerFactoryBuilderImpl.build(EntityManagerFactoryBuilderImpl.java:1456) ~[hibernate-core-7.2.4.Final.jar:7.2.4.Final]
	at org.springframework.orm.jpa.vendor.SpringHibernateJpaPersistenceProvider.createContainerEntityManagerFactory(SpringHibernateJpaPersistenceProvider.java:93) ~[spring-orm-7.0.5.jar:7.0.5]
	at org.springframework.orm.jpa.LocalContainerEntityManagerFactoryBean.createNativeEntityManagerFactory(LocalContainerEntityManagerFactoryBean.java:443) ~[spring-orm-7.0.5.jar:7.0.5]
	at org.springframework.orm.jpa.AbstractEntityManagerFactoryBean.buildNativeEntityManagerFactory(AbstractEntityManagerFactoryBean.java:436) ~[spring-orm-7.0.5.jar:7.0.5]
	... 107 more
Caused by: java.sql.SQLException: ORA-02391: exceeded simultaneous SESSIONS_PER_USER limit

https://docs.oracle.com/error-help/db/ora-02391/
	at oracle.jdbc.driver.T4CTTIoer11.processError(T4CTTIoer11.java:715) ~[ojdbc11-23.9.0.25.07.jar:23.9.0.25.07]
	at oracle.jdbc.driver.T4CTTIoer11.processError(T4CTTIoer11.java:610) ~[ojdbc11-23.9.0.25.07.jar:23.9.0.25.07]
	at oracle.jdbc.driver.T4CTTIoer11.processError(T4CTTIoer11.java:605) ~[ojdbc11-23.9.0.25.07.jar:23.9.0.25.07]
	at oracle.jdbc.driver.T4CTTIfun.processError(T4CTTIfun.java:1704) ~[ojdbc11-23.9.0.25.07.jar:23.9.0.25.07]
	at oracle.jdbc.driver.T4CTTIoauthenticate.processError(T4CTTIoauthenticate.java:936) ~[ojdbc11-23.9.0.25.07.jar:23.9.0.25.07]
	at oracle.jdbc.driver.T4CTTIfun.receive(T4CTTIfun.java:972) ~[ojdbc11-23.9.0.25.07.jar:23.9.0.25.07]
	at oracle.jdbc.driver.T4CTTIfun.doRPC(T4CTTIfun.java:237) ~[ojdbc11-23.9.0.25.07.jar:23.9.0.25.07]
	at oracle.jdbc.driver.T4CTTIoauthenticate.doOAUTH(T4CTTIoauthenticate.java:547) ~[ojdbc11-23.9.0.25.07.jar:23.9.0.25.07]
	at oracle.jdbc.driver.T4CTTIoauthenticate.doOAUTHWithO5Logon(T4CTTIoauthenticate.java:1746) ~[ojdbc11-23.9.0.25.07.jar:23.9.0.25.07]
	at oracle.jdbc.driver.T4CTTIoauthenticate.doOAUTH(T4CTTIoauthenticate.java:1493) ~[ojdbc11-23.9.0.25.07.jar:23.9.0.25.07]
	at oracle.jdbc.driver.T4CTTIoauthenticate.doOAUTH(T4CTTIoauthenticate.java:1433) ~[ojdbc11-23.9.0.25.07.jar:23.9.0.25.07]
	at oracle.jdbc.driver.T4CConnection.authenticateWithPassword(T4CConnection.java:2353) ~[ojdbc11-23.9.0.25.07.jar:23.9.0.25.07]
	at oracle.jdbc.driver.T4CConnection.authenticateUserForLogon(T4CConnection.java:2290) ~[ojdbc11-23.9.0.25.07.jar:23.9.0.25.07]
	at oracle.jdbc.driver.T4CConnection.logon(T4CConnection.java:1179) ~[ojdbc11-23.9.0.25.07.jar:23.9.0.25.07]
	at oracle.jdbc.driver.PhysicalConnection.connect(PhysicalConnection.java:1210) ~[ojdbc11-23.9.0.25.07.jar:23.9.0.25.07]
	at oracle.jdbc.driver.T4CDriverExtension.getConnection(T4CDriverExtension.java:106) ~[ojdbc11-23.9.0.25.07.jar:23.9.0.25.07]
	at oracle.jdbc.driver.OracleDriver.connect(OracleDriver.java:887) ~[ojdbc11-23.9.0.25.07.jar:23.9.0.25.07]
	at oracle.jdbc.driver.OracleDriver.connect(OracleDriver.java:694) ~[ojdbc11-23.9.0.25.07.jar:23.9.0.25.07]
	at com.zaxxer.hikari.util.DriverDataSource.getConnection(DriverDataSource.java:144) ~[HikariCP-7.0.2.jar:?]
	at com.zaxxer.hikari.pool.PoolBase.newConnection(PoolBase.java:373) ~[HikariCP-7.0.2.jar:?]
	at com.zaxxer.hikari.pool.PoolBase.newPoolEntry(PoolBase.java:210) ~[HikariCP-7.0.2.jar:?]
	at com.zaxxer.hikari.pool.HikariPool.createPoolEntry(HikariPool.java:488) ~[HikariCP-7.0.2.jar:?]
	at com.zaxxer.hikari.pool.HikariPool.checkFailFast(HikariPool.java:576) ~[HikariCP-7.0.2.jar:?]
	at com.zaxxer.hikari.pool.HikariPool.<init>(HikariPool.java:97) ~[HikariCP-7.0.2.jar:?]
	at com.zaxxer.hikari.HikariDataSource.getConnection(HikariDataSource.java:111) ~[HikariCP-7.0.2.jar:?]
	at org.hibernate.engine.jdbc.connections.internal.DataSourceConnectionProvider.getConnection(DataSourceConnectionProvider.java:137) ~[hibernate-core-7.2.4.Final.jar:7.2.4.Final]
	at org.hibernate.engine.jdbc.env.internal.JdbcEnvironmentInitiator$ConnectionProviderJdbcConnectionAccess.obtainConnection(JdbcEnvironmentInitiator.java:508) ~[hibernate-core-7.2.4.Final.jar:7.2.4.Final]
	at org.hibernate.resource.transaction.backend.jdbc.internal.DdlTransactionIsolatorNonJtaImpl.getIsolatedConnection(DdlTransactionIsolatorNonJtaImpl.java:44) ~[hibernate-core-7.2.4.Final.jar:7.2.4.Final]
	... 129 more

2026-03-02 14:37:58.482  INFO o.s.o.j.p.SpringPersistenceUnitInfo      : No LoadTimeWeaver setup: ignoring JPA class transformer
2026-03-02 14:37:58.827  INFO c.z.h.HikariDataSource                   : HikariPool-1 - Starting...
2026-03-02 14:38:05.617  WARN o.h.o.j.error                            : HHH000247: ErrorCode: 2391, SQLState: 61000
2026-03-02 14:38:05.619  WARN o.h.o.j.error                            : ORA-02391: exceeded simultaneous SESSIONS_PER_USER limit

https://docs.oracle.com/error-help/db/ora-02391/
2026-03-02 14:38:05.620  WARN o.h.o.jdbc                               : HHH100046: Could not obtain connection to query JDBC database metadata

org.hibernate.exception.GenericJDBCException: Unable to obtain isolated JDBC connection [ORA-02391: exceeded simultaneous SESSIONS_PER_USER limit

https://docs.oracle.com/error-help/db/ora-02391/] [n/a]
	at org.hibernate.exception.internal.StandardSQLExceptionConverter.convert(StandardSQLExceptionConverter.java:39) ~[hibernate-core-7.2.4.Final.jar:7.2.4.Final]
	at org.hibernate.engine.jdbc.spi.SqlExceptionHelper.convert(SqlExceptionHelper.java:115) ~[hibernate-core-7.2.4.Final.jar:7.2.4.Final]
	at org.hibernate.engine.jdbc.spi.SqlExceptionHelper.convert(SqlExceptionHelper.java:101) ~[hibernate-core-7.2.4.Final.jar:7.2.4.Final]
	at org.hibernate.resource.transaction.backend.jdbc.internal.JdbcIsolationDelegate.delegateWork(JdbcIsolationDelegate.java:51) ~[hibernate-core-7.2.4.Final.jar:7.2.4.Final]
	at org.hibernate.engine.jdbc.env.internal.JdbcEnvironmentInitiator.getJdbcEnvironmentUsingJdbcMetadata(JdbcEnvironmentInitiator.java:366) ~[hibernate-core-7.2.4.Final.jar:7.2.4.Final]
	at org.hibernate.engine.jdbc.env.internal.JdbcEnvironmentInitiator.getJdbcEnvironment(JdbcEnvironmentInitiator.java:143) ~[hibernate-core-7.2.4.Final.jar:7.2.4.Final]
	at org.hibernate.engine.jdbc.env.internal.JdbcEnvironmentInitiator.initiateService(JdbcEnvironmentInitiator.java:120) ~[hibernate-core-7.2.4.Final.jar:7.2.4.Final]
	at org.hibernate.engine.jdbc.env.internal.JdbcEnvironmentInitiator.initiateService(JdbcEnvironmentInitiator.java:80) ~[hibernate-core-7.2.4.Final.jar:7.2.4.Final]
	at org.hibernate.boot.registry.internal.StandardServiceRegistryImpl.initiateService(StandardServiceRegistryImpl.java:133) ~[hibernate-core-7.2.4.Final.jar:7.2.4.Final]
	at org.hibernate.service.internal.AbstractServiceRegistryImpl.createService(AbstractServiceRegistryImpl.java:260) ~[hibernate-core-7.2.4.Final.jar:7.2.4.Final]
	at org.hibernate.service.internal.AbstractServiceRegistryImpl.initializeService(AbstractServiceRegistryImpl.java:235) ~[hibernate-core-7.2.4.Final.jar:7.2.4.Final]
	at org.hibernate.service.internal.AbstractServiceRegistryImpl.getService(AbstractServiceRegistryImpl.java:212) ~[hibernate-core-7.2.4.Final.jar:7.2.4.Final]
	at org.hibernate.boot.model.relational.Database.<init>(Database.java:44) ~[hibernate-core-7.2.4.Final.jar:7.2.4.Final]
	at org.hibernate.boot.internal.InFlightMetadataCollectorImpl.getDatabase(InFlightMetadataCollectorImpl.java:251) ~[hibernate-core-7.2.4.Final.jar:7.2.4.Final]
	at org.hibernate.boot.internal.InFlightMetadataCollectorImpl.<init>(InFlightMetadataCollectorImpl.java:203) ~[hibernate-core-7.2.4.Final.jar:7.2.4.Final]
	at org.hibernate.boot.model.process.spi.MetadataBuildingProcess.complete(MetadataBuildingProcess.java:170) ~[hibernate-core-7.2.4.Final.jar:7.2.4.Final]
	at org.hibernate.jpa.boot.internal.EntityManagerFactoryBuilderImpl.metadata(EntityManagerFactoryBuilderImpl.java:1392) ~[hibernate-core-7.2.4.Final.jar:7.2.4.Final]
	at org.hibernate.jpa.boot.internal.EntityManagerFactoryBuilderImpl.populateSessionFactoryBuilder(EntityManagerFactoryBuilderImpl.java:1472) ~[hibernate-core-7.2.4.Final.jar:7.2.4.Final]
	at org.hibernate.jpa.boot.internal.EntityManagerFactoryBuilderImpl.build(EntityManagerFactoryBuilderImpl.java:1454) ~[hibernate-core-7.2.4.Final.jar:7.2.4.Final]
	at org.springframework.orm.jpa.vendor.SpringHibernateJpaPersistenceProvider.createContainerEntityManagerFactory(SpringHibernateJpaPersistenceProvider.java:93) ~[spring-orm-7.0.5.jar:7.0.5]
	at org.springframework.orm.jpa.LocalContainerEntityManagerFactoryBean.createNativeEntityManagerFactory(LocalContainerEntityManagerFactoryBean.java:443) ~[spring-orm-7.0.5.jar:7.0.5]
	at org.springframework.orm.jpa.AbstractEntityManagerFactoryBean.buildNativeEntityManagerFactory(AbstractEntityManagerFactoryBean.java:436) ~[spring-orm-7.0.5.jar:7.0.5]
	at org.springframework.orm.jpa.AbstractEntityManagerFactoryBean.afterPropertiesSet(AbstractEntityManagerFactoryBean.java:411) ~[spring-orm-7.0.5.jar:7.0.5]
	at org.springframework.orm.jpa.LocalContainerEntityManagerFactoryBean.afterPropertiesSet(LocalContainerEntityManagerFactoryBean.java:419) ~[spring-orm-7.0.5.jar:7.0.5]
	at org.springframework.beans.factory.support.AbstractAutowireCapableBeanFactory.invokeInitMethods(AbstractAutowireCapableBeanFactory.java:1864) ~[spring-beans-7.0.5.jar:7.0.5]
	at org.springframework.beans.factory.support.AbstractAutowireCapableBeanFactory.initializeBean(AbstractAutowireCapableBeanFactory.java:1813) ~[spring-beans-7.0.5.jar:7.0.5]
	at org.springframework.beans.factory.support.AbstractAutowireCapableBeanFactory.doCreateBean(AbstractAutowireCapableBeanFactory.java:603) ~[spring-beans-7.0.5.jar:7.0.5]
	at org.springframework.beans.factory.support.AbstractAutowireCapableBeanFactory.createBean(AbstractAutowireCapableBeanFactory.java:525) ~[spring-beans-7.0.5.jar:7.0.5]
	at org.springframework.beans.factory.support.AbstractBeanFactory.lambda$doGetBean$0(AbstractBeanFactory.java:333) ~[spring-beans-7.0.5.jar:7.0.5]
	at org.springframework.beans.factory.support.DefaultSingletonBeanRegistry.getSingleton(DefaultSingletonBeanRegistry.java:371) ~[spring-beans-7.0.5.jar:7.0.5]
	at org.springframework.beans.factory.support.AbstractBeanFactory.doGetBean(AbstractBeanFactory.java:331) ~[spring-beans-7.0.5.jar:7.0.5]
	at org.springframework.beans.factory.support.AbstractBeanFactory.getBean(AbstractBeanFactory.java:196) ~[spring-beans-7.0.5.jar:7.0.5]
	at org.springframework.beans.factory.support.BeanDefinitionValueResolver.resolveReference(BeanDefinitionValueResolver.java:365) ~[spring-beans-7.0.5.jar:7.0.5]
	at org.springframework.beans.factory.support.BeanDefinitionValueResolver.resolveValueIfNecessary(BeanDefinitionValueResolver.java:135) ~[spring-beans-7.0.5.jar:7.0.5]
	at org.springframework.beans.factory.support.ConstructorResolver.resolveConstructorArguments(ConstructorResolver.java:691) ~[spring-beans-7.0.5.jar:7.0.5]
	at org.springframework.beans.factory.support.ConstructorResolver.instantiateUsingFactoryMethod(ConstructorResolver.java:513) ~[spring-beans-7.0.5.jar:7.0.5]
	at org.springframework.beans.factory.support.AbstractAutowireCapableBeanFactory.instantiateUsingFactoryMethod(AbstractAutowireCapableBeanFactory.java:1362) ~[spring-beans-7.0.5.jar:7.0.5]
	at org.springframework.beans.factory.support.AbstractAutowireCapableBeanFactory.createBeanInstance(AbstractAutowireCapableBeanFactory.java:1194) ~[spring-beans-7.0.5.jar:7.0.5]
	at org.springframework.beans.factory.support.AbstractAutowireCapableBeanFactory.doCreateBean(AbstractAutowireCapableBeanFactory.java:565) ~[spring-beans-7.0.5.jar:7.0.5]
	at org.springframework.beans.factory.support.AbstractAutowireCapableBeanFactory.createBean(AbstractAutowireCapableBeanFactory.java:525) ~[spring-beans-7.0.5.jar:7.0.5]
	at org.springframework.beans.factory.support.AbstractBeanFactory.lambda$doGetBean$0(AbstractBeanFactory.java:333) ~[spring-beans-7.0.5.jar:7.0.5]
	at org.springframework.beans.factory.support.DefaultSingletonBeanRegistry.getSingleton(DefaultSingletonBeanRegistry.java:371) ~[spring-beans-7.0.5.jar:7.0.5]
	at org.springframework.beans.factory.support.AbstractBeanFactory.doGetBean(AbstractBeanFactory.java:331) ~[spring-beans-7.0.5.jar:7.0.5]
	at org.springframework.beans.factory.support.AbstractBeanFactory.getBean(AbstractBeanFactory.java:201) ~[spring-beans-7.0.5.jar:7.0.5]
	at org.springframework.beans.factory.support.BeanDefinitionValueResolver.resolveReference(BeanDefinitionValueResolver.java:356) ~[spring-beans-7.0.5.jar:7.0.5]
	at org.springframework.beans.factory.support.BeanDefinitionValueResolver.resolveValueIfNecessary(BeanDefinitionValueResolver.java:135) ~[spring-beans-7.0.5.jar:7.0.5]
	at org.springframework.beans.factory.support.AbstractAutowireCapableBeanFactory.applyPropertyValues(AbstractAutowireCapableBeanFactory.java:1712) ~[spring-beans-7.0.5.jar:7.0.5]
	at org.springframework.beans.factory.support.AbstractAutowireCapableBeanFactory.populateBean(AbstractAutowireCapableBeanFactory.java:1461) ~[spring-beans-7.0.5.jar:7.0.5]
	at org.springframework.beans.factory.support.AbstractAutowireCapableBeanFactory.doCreateBean(AbstractAutowireCapableBeanFactory.java:602) ~[spring-beans-7.0.5.jar:7.0.5]
	at org.springframework.beans.factory.support.AbstractAutowireCapableBeanFactory.createBean(AbstractAutowireCapableBeanFactory.java:525) ~[spring-beans-7.0.5.jar:7.0.5]
	at org.springframework.beans.factory.support.AbstractBeanFactory.lambda$doGetBean$0(AbstractBeanFactory.java:333) ~[spring-beans-7.0.5.jar:7.0.5]
	at org.springframework.beans.factory.support.DefaultSingletonBeanRegistry.getSingleton(DefaultSingletonBeanRegistry.java:371) ~[spring-beans-7.0.5.jar:7.0.5]
	at org.springframework.beans.factory.support.AbstractBeanFactory.doGetBean(AbstractBeanFactory.java:331) ~[spring-beans-7.0.5.jar:7.0.5]
	at org.springframework.beans.factory.support.AbstractBeanFactory.getBean(AbstractBeanFactory.java:201) ~[spring-beans-7.0.5.jar:7.0.5]
	at org.springframework.beans.factory.config.DependencyDescriptor.resolveCandidate(DependencyDescriptor.java:229) ~[spring-beans-7.0.5.jar:7.0.5]
	at org.springframework.beans.factory.support.DefaultListableBeanFactory.doResolveDependency(DefaultListableBeanFactory.java:1762) ~[spring-beans-7.0.5.jar:7.0.5]
	at org.springframework.beans.factory.support.DefaultListableBeanFactory.resolveDependency(DefaultListableBeanFactory.java:1651) ~[spring-beans-7.0.5.jar:7.0.5]
	at org.springframework.beans.factory.support.ConstructorResolver.resolveAutowiredArgument(ConstructorResolver.java:912) ~[spring-beans-7.0.5.jar:7.0.5]
	at org.springframework.beans.factory.support.ConstructorResolver.createArgumentArray(ConstructorResolver.java:791) ~[spring-beans-7.0.5.jar:7.0.5]
	at org.springframework.beans.factory.support.ConstructorResolver.autowireConstructor(ConstructorResolver.java:240) ~[spring-beans-7.0.5.jar:7.0.5]
	at org.springframework.beans.factory.support.AbstractAutowireCapableBeanFactory.autowireConstructor(AbstractAutowireCapableBeanFactory.java:1382) ~[spring-beans-7.0.5.jar:7.0.5]
	at org.springframework.beans.factory.support.AbstractAutowireCapableBeanFactory.createBeanInstance(AbstractAutowireCapableBeanFactory.java:1221) ~[spring-beans-7.0.5.jar:7.0.5]
	at org.springframework.beans.factory.support.AbstractAutowireCapableBeanFactory.doCreateBean(AbstractAutowireCapableBeanFactory.java:565) ~[spring-beans-7.0.5.jar:7.0.5]
	at org.springframework.beans.factory.support.AbstractAutowireCapableBeanFactory.createBean(AbstractAutowireCapableBeanFactory.java:525) ~[spring-beans-7.0.5.jar:7.0.5]
	at org.springframework.beans.factory.support.AbstractBeanFactory.lambda$doGetBean$0(AbstractBeanFactory.java:333) ~[spring-beans-7.0.5.jar:7.0.5]
	at org.springframework.beans.factory.support.DefaultSingletonBeanRegistry.getSingleton(DefaultSingletonBeanRegistry.java:371) ~[spring-beans-7.0.5.jar:7.0.5]
	at org.springframework.beans.factory.support.AbstractBeanFactory.doGetBean(AbstractBeanFactory.java:331) ~[spring-beans-7.0.5.jar:7.0.5]
	at org.springframework.beans.factory.support.AbstractBeanFactory.getBean(AbstractBeanFactory.java:201) ~[spring-beans-7.0.5.jar:7.0.5]
	at org.springframework.beans.factory.support.DefaultListableBeanFactory.resolveBean(DefaultListableBeanFactory.java:1225) ~[spring-beans-7.0.5.jar:7.0.5]
	at org.springframework.beans.factory.support.DefaultListableBeanFactory.doResolveDependency(DefaultListableBeanFactory.java:1704) ~[spring-beans-7.0.5.jar:7.0.5]
	at org.springframework.beans.factory.support.DefaultListableBeanFactory.resolveDependency(DefaultListableBeanFactory.java:1651) ~[spring-beans-7.0.5.jar:7.0.5]
	at org.springframework.beans.factory.support.ConstructorResolver.resolveAutowiredArgument(ConstructorResolver.java:912) ~[spring-beans-7.0.5.jar:7.0.5]
	at org.springframework.beans.factory.support.ConstructorResolver.createArgumentArray(ConstructorResolver.java:791) ~[spring-beans-7.0.5.jar:7.0.5]
	at org.springframework.beans.factory.support.ConstructorResolver.autowireConstructor(ConstructorResolver.java:240) ~[spring-beans-7.0.5.jar:7.0.5]
	at org.springframework.beans.factory.support.AbstractAutowireCapableBeanFactory.autowireConstructor(AbstractAutowireCapableBeanFactory.java:1382) ~[spring-beans-7.0.5.jar:7.0.5]
	at org.springframework.beans.factory.support.AbstractAutowireCapableBeanFactory.createBeanInstance(AbstractAutowireCapableBeanFactory.java:1221) ~[spring-beans-7.0.5.jar:7.0.5]
	at org.springframework.beans.factory.support.AbstractAutowireCapableBeanFactory.doCreateBean(AbstractAutowireCapableBeanFactory.java:565) ~[spring-beans-7.0.5.jar:7.0.5]
	at org.springframework.beans.factory.support.AbstractAutowireCapableBeanFactory.createBean(AbstractAutowireCapableBeanFactory.java:525) ~[spring-beans-7.0.5.jar:7.0.5]
	at org.springframework.beans.factory.support.AbstractBeanFactory.lambda$doGetBean$0(AbstractBeanFactory.java:333) ~[spring-beans-7.0.5.jar:7.0.5]
	at org.springframework.beans.factory.support.DefaultSingletonBeanRegistry.getSingleton(DefaultSingletonBeanRegistry.java:371) ~[spring-beans-7.0.5.jar:7.0.5]
	at org.springframework.beans.factory.support.AbstractBeanFactory.doGetBean(AbstractBeanFactory.java:331) ~[spring-beans-7.0.5.jar:7.0.5]
	at org.springframework.beans.factory.support.AbstractBeanFactory.getBean(AbstractBeanFactory.java:201) ~[spring-beans-7.0.5.jar:7.0.5]
	at org.springframework.boot.web.servlet.ServletContextInitializerBeans.getOrderedBeansOfType(ServletContextInitializerBeans.java:231) ~[spring-boot-4.0.3.jar:4.0.3]
	at org.springframework.boot.web.servlet.ServletContextInitializerBeans.addAsRegistrationBean(ServletContextInitializerBeans.java:185) ~[spring-boot-4.0.3.jar:4.0.3]
	at org.springframework.boot.web.servlet.ServletContextInitializerBeans.addAsRegistrationBean(ServletContextInitializerBeans.java:180) ~[spring-boot-4.0.3.jar:4.0.3]
	at org.springframework.boot.web.servlet.ServletContextInitializerBeans.addAdaptableBeans(ServletContextInitializerBeans.java:165) ~[spring-boot-4.0.3.jar:4.0.3]
	at org.springframework.boot.web.servlet.ServletContextInitializerBeans.<init>(ServletContextInitializerBeans.java:97) ~[spring-boot-4.0.3.jar:4.0.3]
	at org.springframework.boot.web.context.servlet.WebApplicationContextInitializer.initialize(WebApplicationContextInitializer.java:53) ~[spring-boot-4.0.3.jar:4.0.3]
	at org.springframework.boot.tomcat.servlet.DeferredServletContainerInitializers.onStartup(DeferredServletContainerInitializers.java:55) ~[spring-boot-tomcat-4.0.3.jar:4.0.3]
	at org.apache.catalina.core.StandardContext.startInternal(StandardContext.java:4416) ~[tomcat-embed-core-11.0.18.jar:11.0.18]
	at org.apache.catalina.util.LifecycleBase.start(LifecycleBase.java:164) ~[tomcat-embed-core-11.0.18.jar:11.0.18]
	at org.apache.catalina.core.ContainerBase$StartChild.call(ContainerBase.java:1162) ~[tomcat-embed-core-11.0.18.jar:11.0.18]
	at org.apache.catalina.core.ContainerBase$StartChild.call(ContainerBase.java:1158) ~[tomcat-embed-core-11.0.18.jar:11.0.18]
	at java.base/java.util.concurrent.FutureTask.run(FutureTask.java:328) ~[?:?]
	at org.apache.tomcat.util.threads.InlineExecutorService.execute(InlineExecutorService.java:81) ~[tomcat-embed-core-11.0.18.jar:11.0.18]
	at java.base/java.util.concurrent.AbstractExecutorService.submit(AbstractExecutorService.java:149) ~[?:?]
	at org.apache.catalina.core.ContainerBase.startInternal(ContainerBase.java:714) ~[tomcat-embed-core-11.0.18.jar:11.0.18]
	at org.apache.catalina.core.StandardHost.startInternal(StandardHost.java:780) ~[tomcat-embed-core-11.0.18.jar:11.0.18]
	at org.apache.catalina.util.LifecycleBase.start(LifecycleBase.java:164) ~[tomcat-embed-core-11.0.18.jar:11.0.18]
	at org.apache.catalina.core.ContainerBase$StartChild.call(ContainerBase.java:1162) ~[tomcat-embed-core-11.0.18.jar:11.0.18]
	at org.apache.catalina.core.ContainerBase$StartChild.call(ContainerBase.java:1158) ~[tomcat-embed-core-11.0.18.jar:11.0.18]
	at java.base/java.util.concurrent.FutureTask.run(FutureTask.java:328) ~[?:?]
	at org.apache.tomcat.util.threads.InlineExecutorService.execute(InlineExecutorService.java:81) ~[tomcat-embed-core-11.0.18.jar:11.0.18]
	at java.base/java.util.concurrent.AbstractExecutorService.submit(AbstractExecutorService.java:149) ~[?:?]
	at org.apache.catalina.core.ContainerBase.startInternal(ContainerBase.java:714) ~[tomcat-embed-core-11.0.18.jar:11.0.18]
	at org.apache.catalina.core.StandardEngine.startInternal(StandardEngine.java:201) ~[tomcat-embed-core-11.0.18.jar:11.0.18]
	at org.apache.catalina.util.LifecycleBase.start(LifecycleBase.java:164) ~[tomcat-embed-core-11.0.18.jar:11.0.18]
	at org.apache.catalina.core.StandardService.startInternal(StandardService.java:410) ~[tomcat-embed-core-11.0.18.jar:11.0.18]
	at org.apache.catalina.util.LifecycleBase.start(LifecycleBase.java:164) ~[tomcat-embed-core-11.0.18.jar:11.0.18]
	at org.apache.catalina.core.StandardServer.startInternal(StandardServer.java:864) ~[tomcat-embed-core-11.0.18.jar:11.0.18]
	at org.apache.catalina.util.LifecycleBase.start(LifecycleBase.java:164) ~[tomcat-embed-core-11.0.18.jar:11.0.18]
	at org.apache.catalina.startup.Tomcat.start(Tomcat.java:435) ~[tomcat-embed-core-11.0.18.jar:11.0.18]
	at org.springframework.boot.tomcat.TomcatWebServer.initialize(TomcatWebServer.java:131) ~[spring-boot-tomcat-4.0.3.jar:4.0.3]
	at org.springframework.boot.tomcat.TomcatWebServer.<init>(TomcatWebServer.java:110) ~[spring-boot-tomcat-4.0.3.jar:4.0.3]
	at org.springframework.boot.tomcat.servlet.TomcatServletWebServerFactory.getTomcatWebServer(TomcatServletWebServerFactory.java:408) ~[spring-boot-tomcat-4.0.3.jar:4.0.3]
	at org.springframework.boot.tomcat.servlet.TomcatServletWebServerFactory.getWebServer(TomcatServletWebServerFactory.java:166) ~[spring-boot-tomcat-4.0.3.jar:4.0.3]
	at org.springframework.boot.web.server.servlet.context.ServletWebServerApplicationContext.createWebServer(ServletWebServerApplicationContext.java:190) ~[spring-boot-web-server-4.0.3.jar:4.0.3]
	at org.springframework.boot.web.server.servlet.context.ServletWebServerApplicationContext.onRefresh(ServletWebServerApplicationContext.java:164) ~[spring-boot-web-server-4.0.3.jar:4.0.3]
	at org.springframework.context.support.AbstractApplicationContext.refresh(AbstractApplicationContext.java:615) ~[spring-context-7.0.5.jar:7.0.5]
	at org.springframework.boot.web.server.servlet.context.ServletWebServerApplicationContext.refresh(ServletWebServerApplicationContext.java:143) ~[spring-boot-web-server-4.0.3.jar:4.0.3]
	at org.springframework.boot.SpringApplication.refresh(SpringApplication.java:756) [spring-boot-4.0.3.jar:4.0.3]
	at org.springframework.boot.SpringApplication.refreshContext(SpringApplication.java:445) [spring-boot-4.0.3.jar:4.0.3]
	at org.springframework.boot.SpringApplication.run(SpringApplication.java:321) [spring-boot-4.0.3.jar:4.0.3]
	at org.springframework.boot.SpringApplication.run(SpringApplication.java:1365) [spring-boot-4.0.3.jar:4.0.3]
	at org.springframework.boot.SpringApplication.run(SpringApplication.java:1354) [spring-boot-4.0.3.jar:4.0.3]
	at com.rev.app.Revpay1Application.main(Revpay1Application.java:14) [classes/:?]
	at java.base/jdk.internal.reflect.DirectMethodHandleAccessor.invoke(DirectMethodHandleAccessor.java:104) ~[?:?]
	at java.base/java.lang.reflect.Method.invoke(Method.java:565) ~[?:?]
	at org.springframework.boot.devtools.restart.RestartLauncher.run(RestartLauncher.java:52) [spring-boot-devtools-4.0.3.jar:4.0.3]
Caused by: java.sql.SQLException: ORA-02391: exceeded simultaneous SESSIONS_PER_USER limit

https://docs.oracle.com/error-help/db/ora-02391/
	at oracle.jdbc.driver.T4CTTIoer11.processError(T4CTTIoer11.java:715) ~[ojdbc11-23.9.0.25.07.jar:23.9.0.25.07]
	at oracle.jdbc.driver.T4CTTIoer11.processError(T4CTTIoer11.java:610) ~[ojdbc11-23.9.0.25.07.jar:23.9.0.25.07]
	at oracle.jdbc.driver.T4CTTIoer11.processError(T4CTTIoer11.java:605) ~[ojdbc11-23.9.0.25.07.jar:23.9.0.25.07]
	at oracle.jdbc.driver.T4CTTIfun.processError(T4CTTIfun.java:1704) ~[ojdbc11-23.9.0.25.07.jar:23.9.0.25.07]
	at oracle.jdbc.driver.T4CTTIoauthenticate.processError(T4CTTIoauthenticate.java:936) ~[ojdbc11-23.9.0.25.07.jar:23.9.0.25.07]
	at oracle.jdbc.driver.T4CTTIfun.receive(T4CTTIfun.java:972) ~[ojdbc11-23.9.0.25.07.jar:23.9.0.25.07]
	at oracle.jdbc.driver.T4CTTIfun.doRPC(T4CTTIfun.java:237) ~[ojdbc11-23.9.0.25.07.jar:23.9.0.25.07]
	at oracle.jdbc.driver.T4CTTIoauthenticate.doOAUTH(T4CTTIoauthenticate.java:547) ~[ojdbc11-23.9.0.25.07.jar:23.9.0.25.07]
	at oracle.jdbc.driver.T4CTTIoauthenticate.doOAUTHWithO5Logon(T4CTTIoauthenticate.java:1746) ~[ojdbc11-23.9.0.25.07.jar:23.9.0.25.07]
	at oracle.jdbc.driver.T4CTTIoauthenticate.doOAUTH(T4CTTIoauthenticate.java:1493) ~[ojdbc11-23.9.0.25.07.jar:23.9.0.25.07]
	at oracle.jdbc.driver.T4CTTIoauthenticate.doOAUTH(T4CTTIoauthenticate.java:1433) ~[ojdbc11-23.9.0.25.07.jar:23.9.0.25.07]
	at oracle.jdbc.driver.T4CConnection.authenticateWithPassword(T4CConnection.java:2353) ~[ojdbc11-23.9.0.25.07.jar:23.9.0.25.07]
	at oracle.jdbc.driver.T4CConnection.authenticateUserForLogon(T4CConnection.java:2290) ~[ojdbc11-23.9.0.25.07.jar:23.9.0.25.07]
	at oracle.jdbc.driver.T4CConnection.logon(T4CConnection.java:1179) ~[ojdbc11-23.9.0.25.07.jar:23.9.0.25.07]
	at oracle.jdbc.driver.PhysicalConnection.connect(PhysicalConnection.java:1210) ~[ojdbc11-23.9.0.25.07.jar:23.9.0.25.07]
	at oracle.jdbc.driver.T4CDriverExtension.getConnection(T4CDriverExtension.java:106) ~[ojdbc11-23.9.0.25.07.jar:23.9.0.25.07]
	at oracle.jdbc.driver.OracleDriver.connect(OracleDriver.java:887) ~[ojdbc11-23.9.0.25.07.jar:23.9.0.25.07]
	at oracle.jdbc.driver.OracleDriver.connect(OracleDriver.java:694) ~[ojdbc11-23.9.0.25.07.jar:23.9.0.25.07]
	at com.zaxxer.hikari.util.DriverDataSource.getConnection(DriverDataSource.java:144) ~[HikariCP-7.0.2.jar:?]
	at com.zaxxer.hikari.pool.PoolBase.newConnection(PoolBase.java:373) ~[HikariCP-7.0.2.jar:?]
	at com.zaxxer.hikari.pool.PoolBase.newPoolEntry(PoolBase.java:210) ~[HikariCP-7.0.2.jar:?]
	at com.zaxxer.hikari.pool.HikariPool.createPoolEntry(HikariPool.java:488) ~[HikariCP-7.0.2.jar:?]
	at com.zaxxer.hikari.pool.HikariPool.checkFailFast(HikariPool.java:576) ~[HikariCP-7.0.2.jar:?]
	at com.zaxxer.hikari.pool.HikariPool.<init>(HikariPool.java:97) ~[HikariCP-7.0.2.jar:?]
	at com.zaxxer.hikari.HikariDataSource.getConnection(HikariDataSource.java:111) ~[HikariCP-7.0.2.jar:?]
	at org.hibernate.engine.jdbc.connections.internal.DataSourceConnectionProvider.getConnection(DataSourceConnectionProvider.java:137) ~[hibernate-core-7.2.4.Final.jar:7.2.4.Final]
	at org.hibernate.engine.jdbc.env.internal.JdbcEnvironmentInitiator$ConnectionProviderJdbcConnectionAccess.obtainConnection(JdbcEnvironmentInitiator.java:508) ~[hibernate-core-7.2.4.Final.jar:7.2.4.Final]
	at org.hibernate.resource.transaction.backend.jdbc.internal.JdbcIsolationDelegate.delegateWork(JdbcIsolationDelegate.java:48) ~[hibernate-core-7.2.4.Final.jar:7.2.4.Final]
	... 125 more

2026-03-02 14:38:05.693  WARN o.h.o.deprecation                        : HHH90000025: OracleDialect does not need to be specified explicitly using 'hibernate.dialect' (remove the property setting and it will be selected by default)
2026-03-02 14:38:05.728  INFO o.h.o.c.pooling                          : HHH10001005: Database info:
	Database JDBC URL [undefined/unknown]
	Database driver: undefined/unknown
	Database dialect: OracleDialect
	Database version: 19.0
	Default catalog/schema: unknown/unknown
	Autocommit mode: undefined/unknown
	Isolation level: NONE [default NONE]
	JDBC fetch size: undefined/unknown
	Pool: DataSourceConnectionProvider
	Minimum pool size: undefined/unknown
	Maximum pool size: undefined/unknown
2026-03-02 14:38:09.710  INFO o.h.o.core                               : HHH000489: No JTA platform available (set 'hibernate.transaction.jta.platform' to enable JTA platform integration)
2026-03-02 14:38:09.770  INFO c.z.h.HikariDataSource                   : HikariPool-1 - Starting...
2026-03-02 14:38:12.788  WARN o.h.o.j.error                            : HHH000247: ErrorCode: 2391, SQLState: 61000
2026-03-02 14:38:12.788  WARN o.h.o.j.error                            : ORA-02391: exceeded simultaneous SESSIONS_PER_USER limit

https://docs.oracle.com/error-help/db/ora-02391/
2026-03-02 14:38:12.801 ERROR j.LocalContainerEntityManagerFactoryBean : Failed to initialize JPA EntityManagerFactory: Unable to build Hibernate SessionFactory  [persistence unit: default] ; nested exception is org.hibernate.exception.GenericJDBCException: Unable to open JDBC Connection for DDL execution [ORA-02391: exceeded simultaneous SESSIONS_PER_USER limit

https://docs.oracle.com/error-help/db/ora-02391/] [n/a]
2026-03-02 14:38:12.804 ERROR t.s.DeferredServletContainerInitializers : Error starting Tomcat context. Exception: org.springframework.beans.factory.UnsatisfiedDependencyException. Message: Error creating bean with name 'jwtAuthFilter' defined in file [C:\Users\ADMIN\Downloads\Revpay\Revpay1\target\classes\com\rev\app\security\JwtAuthFilter.class]: Unsatisfied dependency expressed through constructor parameter 1: Error creating bean with name 'customUserDetailsService' defined in file [C:\Users\ADMIN\Downloads\Revpay\Revpay1\target\classes\com\rev\app\security\CustomUserDetailsService.class]: Unsatisfied dependency expressed through constructor parameter 0: Error creating bean with name 'IUserRepository' defined in com.rev.app.repository.IUserRepository defined in @EnableJpaRepositories declared on DataJpaRepositoriesRegistrar.EnableJpaRepositoriesConfiguration: Cannot resolve reference to bean 'jpaSharedEM_entityManagerFactory' while setting bean property 'entityManager'
2026-03-02 14:38:12.867  INFO o.a.c.c.StandardService                  : Stopping service [Tomcat]
2026-03-02 14:38:12.872  WARN o.a.c.l.WebappClassLoaderBase            : The web application [ROOT] appears to have started a thread named [oracle.jdbc.diagnostics.Diagnostic.CLOCK] but has failed to stop it. This is very likely to create a memory leak. Stack trace of thread:
 java.base/java.lang.Object.wait0(Native Method)
 java.base/java.lang.Object.wait(Object.java:389)
 java.base/java.util.TimerThread.mainLoop(Timer.java:569)
 java.base/java.util.TimerThread.run(Timer.java:522)
2026-03-02 14:38:12.873  WARN o.a.c.l.WebappClassLoaderBase            : The web application [ROOT] appears to have started a thread named [oracle.jdbc.driver.BlockSource.ThreadedCachingBlockSource.BlockReleaser] but has failed to stop it. This is very likely to create a memory leak. Stack trace of thread:
 java.base/jdk.internal.misc.Unsafe.park(Native Method)
 java.base/java.util.concurrent.locks.LockSupport.parkNanos(LockSupport.java:271)
 java.base/java.util.concurrent.locks.AbstractQueuedSynchronizer$ConditionObject.awaitNanos(AbstractQueuedSynchronizer.java:1803)
 oracle.jdbc.internal.Monitor$WaitableMonitor.monitorWait(Monitor.java:325)
 oracle.jdbc.internal.Monitor$WaitableMonitor.monitorWait(Monitor.java:307)
 oracle.jdbc.driver.BlockSource$ThreadedCachingBlockSource$BlockReleaser.run(BlockSource.java:347)
2026-03-02 14:38:12.873  WARN o.a.c.l.WebappClassLoaderBase            : The web application [ROOT] appears to have started a thread named [InterruptTimer] but has failed to stop it. This is very likely to create a memory leak. Stack trace of thread:
 java.base/java.lang.Object.wait0(Native Method)
 java.base/java.lang.Object.wait(Object.java:389)
 java.base/java.util.TimerThread.mainLoop(Timer.java:569)
 java.base/java.util.TimerThread.run(Timer.java:522)
2026-03-02 14:38:12.875  WARN ConfigServletWebServerApplicationContext : Exception encountered during context initialization - cancelling refresh attempt: org.springframework.context.ApplicationContextException: Unable to start web server
2026-03-02 14:38:12.894  INFO .s.b.a.l.ConditionEvaluationReportLogger : 

Error starting ApplicationContext. To display the condition evaluation report re-run your application with 'debug' enabled.
2026-03-02 14:38:12.961 ERROR o.s.b.SpringApplication                  : Application run failed

org.springframework.context.ApplicationContextException: Unable to start web server
	at org.springframework.boot.web.server.servlet.context.ServletWebServerApplicationContext.onRefresh(ServletWebServerApplicationContext.java:167) ~[spring-boot-web-server-4.0.3.jar:4.0.3]
	at org.springframework.context.support.AbstractApplicationContext.refresh(AbstractApplicationContext.java:615) ~[spring-context-7.0.5.jar:7.0.5]
	at org.springframework.boot.web.server.servlet.context.ServletWebServerApplicationContext.refresh(ServletWebServerApplicationContext.java:143) ~[spring-boot-web-server-4.0.3.jar:4.0.3]
	at org.springframework.boot.SpringApplication.refresh(SpringApplication.java:756) [spring-boot-4.0.3.jar:4.0.3]
	at org.springframework.boot.SpringApplication.refreshContext(SpringApplication.java:445) [spring-boot-4.0.3.jar:4.0.3]
	at org.springframework.boot.SpringApplication.run(SpringApplication.java:321) [spring-boot-4.0.3.jar:4.0.3]
	at org.springframework.boot.SpringApplication.run(SpringApplication.java:1365) [spring-boot-4.0.3.jar:4.0.3]
	at org.springframework.boot.SpringApplication.run(SpringApplication.java:1354) [spring-boot-4.0.3.jar:4.0.3]
	at com.rev.app.Revpay1Application.main(Revpay1Application.java:14) [classes/:?]
	at java.base/jdk.internal.reflect.DirectMethodHandleAccessor.invoke(DirectMethodHandleAccessor.java:104) ~[?:?]
	at java.base/java.lang.reflect.Method.invoke(Method.java:565) ~[?:?]
	at org.springframework.boot.devtools.restart.RestartLauncher.run(RestartLauncher.java:52) [spring-boot-devtools-4.0.3.jar:4.0.3]
Caused by: org.springframework.boot.web.server.WebServerException: Unable to start embedded Tomcat
	at org.springframework.boot.tomcat.TomcatWebServer.initialize(TomcatWebServer.java:150) ~[spring-boot-tomcat-4.0.3.jar:4.0.3]
	at org.springframework.boot.tomcat.TomcatWebServer.<init>(TomcatWebServer.java:110) ~[spring-boot-tomcat-4.0.3.jar:4.0.3]
	at org.springframework.boot.tomcat.servlet.TomcatServletWebServerFactory.getTomcatWebServer(TomcatServletWebServerFactory.java:408) ~[spring-boot-tomcat-4.0.3.jar:4.0.3]
	at org.springframework.boot.tomcat.servlet.TomcatServletWebServerFactory.getWebServer(TomcatServletWebServerFactory.java:166) ~[spring-boot-tomcat-4.0.3.jar:4.0.3]
	at org.springframework.boot.web.server.servlet.context.ServletWebServerApplicationContext.createWebServer(ServletWebServerApplicationContext.java:190) ~[spring-boot-web-server-4.0.3.jar:4.0.3]
	at org.springframework.boot.web.server.servlet.context.ServletWebServerApplicationContext.onRefresh(ServletWebServerApplicationContext.java:164) ~[spring-boot-web-server-4.0.3.jar:4.0.3]
	... 11 more
Caused by: org.springframework.beans.factory.UnsatisfiedDependencyException: Error creating bean with name 'jwtAuthFilter' defined in file [C:\Users\ADMIN\Downloads\Revpay\Revpay1\target\classes\com\rev\app\security\JwtAuthFilter.class]: Unsatisfied dependency expressed through constructor parameter 1: Error creating bean with name 'customUserDetailsService' defined in file [C:\Users\ADMIN\Downloads\Revpay\Revpay1\target\classes\com\rev\app\security\CustomUserDetailsService.class]: Unsatisfied dependency expressed through constructor parameter 0: Error creating bean with name 'IUserRepository' defined in com.rev.app.repository.IUserRepository defined in @EnableJpaRepositories declared on DataJpaRepositoriesRegistrar.EnableJpaRepositoriesConfiguration: Cannot resolve reference to bean 'jpaSharedEM_entityManagerFactory' while setting bean property 'entityManager'
	at org.springframework.beans.factory.support.ConstructorResolver.createArgumentArray(ConstructorResolver.java:804) ~[spring-beans-7.0.5.jar:7.0.5]
	at org.springframework.beans.factory.support.ConstructorResolver.autowireConstructor(ConstructorResolver.java:240) ~[spring-beans-7.0.5.jar:7.0.5]
	at org.springframework.beans.factory.support.AbstractAutowireCapableBeanFactory.autowireConstructor(AbstractAutowireCapableBeanFactory.java:1382) ~[spring-beans-7.0.5.jar:7.0.5]
	at org.springframework.beans.factory.support.AbstractAutowireCapableBeanFactory.createBeanInstance(AbstractAutowireCapableBeanFactory.java:1221) ~[spring-beans-7.0.5.jar:7.0.5]
	at org.springframework.beans.factory.support.AbstractAutowireCapableBeanFactory.doCreateBean(AbstractAutowireCapableBeanFactory.java:565) ~[spring-beans-7.0.5.jar:7.0.5]
	at org.springframework.beans.factory.support.AbstractAutowireCapableBeanFactory.createBean(AbstractAutowireCapableBeanFactory.java:525) ~[spring-beans-7.0.5.jar:7.0.5]
	at org.springframework.beans.factory.support.AbstractBeanFactory.lambda$doGetBean$0(AbstractBeanFactory.java:333) ~[spring-beans-7.0.5.jar:7.0.5]
	at org.springframework.beans.factory.support.DefaultSingletonBeanRegistry.getSingleton(DefaultSingletonBeanRegistry.java:371) ~[spring-beans-7.0.5.jar:7.0.5]
	at org.springframework.beans.factory.support.AbstractBeanFactory.doGetBean(AbstractBeanFactory.java:331) ~[spring-beans-7.0.5.jar:7.0.5]
	at org.springframework.beans.factory.support.AbstractBeanFactory.getBean(AbstractBeanFactory.java:201) ~[spring-beans-7.0.5.jar:7.0.5]
	at org.springframework.boot.web.servlet.ServletContextInitializerBeans.getOrderedBeansOfType(ServletContextInitializerBeans.java:231) ~[spring-boot-4.0.3.jar:4.0.3]
	at org.springframework.boot.web.servlet.ServletContextInitializerBeans.addAsRegistrationBean(ServletContextInitializerBeans.java:185) ~[spring-boot-4.0.3.jar:4.0.3]
	at org.springframework.boot.web.servlet.ServletContextInitializerBeans.addAsRegistrationBean(ServletContextInitializerBeans.java:180) ~[spring-boot-4.0.3.jar:4.0.3]
	at org.springframework.boot.web.servlet.ServletContextInitializerBeans.addAdaptableBeans(ServletContextInitializerBeans.java:165) ~[spring-boot-4.0.3.jar:4.0.3]
	at org.springframework.boot.web.servlet.ServletContextInitializerBeans.<init>(ServletContextInitializerBeans.java:97) ~[spring-boot-4.0.3.jar:4.0.3]
	at org.springframework.boot.web.context.servlet.WebApplicationContextInitializer.initialize(WebApplicationContextInitializer.java:53) ~[spring-boot-4.0.3.jar:4.0.3]
	at org.springframework.boot.tomcat.servlet.DeferredServletContainerInitializers.onStartup(DeferredServletContainerInitializers.java:55) ~[spring-boot-tomcat-4.0.3.jar:4.0.3]
	at org.apache.catalina.core.StandardContext.startInternal(StandardContext.java:4416) ~[tomcat-embed-core-11.0.18.jar:11.0.18]
	at org.apache.catalina.util.LifecycleBase.start(LifecycleBase.java:164) ~[tomcat-embed-core-11.0.18.jar:11.0.18]
	at org.apache.catalina.core.ContainerBase$StartChild.call(ContainerBase.java:1162) ~[tomcat-embed-core-11.0.18.jar:11.0.18]
	at org.apache.catalina.core.ContainerBase$StartChild.call(ContainerBase.java:1158) ~[tomcat-embed-core-11.0.18.jar:11.0.18]
	at java.base/java.util.concurrent.FutureTask.run(FutureTask.java:328) ~[?:?]
	at org.apache.tomcat.util.threads.InlineExecutorService.execute(InlineExecutorService.java:81) ~[tomcat-embed-core-11.0.18.jar:11.0.18]
	at java.base/java.util.concurrent.AbstractExecutorService.submit(AbstractExecutorService.java:149) ~[?:?]
	at org.apache.catalina.core.ContainerBase.startInternal(ContainerBase.java:714) ~[tomcat-embed-core-11.0.18.jar:11.0.18]
	at org.apache.catalina.core.StandardHost.startInternal(StandardHost.java:780) ~[tomcat-embed-core-11.0.18.jar:11.0.18]
	at org.apache.catalina.util.LifecycleBase.start(LifecycleBase.java:164) ~[tomcat-embed-core-11.0.18.jar:11.0.18]
	at org.apache.catalina.core.ContainerBase$StartChild.call(ContainerBase.java:1162) ~[tomcat-embed-core-11.0.18.jar:11.0.18]
	at org.apache.catalina.core.ContainerBase$StartChild.call(ContainerBase.java:1158) ~[tomcat-embed-core-11.0.18.jar:11.0.18]
	at java.base/java.util.concurrent.FutureTask.run(FutureTask.java:328) ~[?:?]
	at org.apache.tomcat.util.threads.InlineExecutorService.execute(InlineExecutorService.java:81) ~[tomcat-embed-core-11.0.18.jar:11.0.18]
	at java.base/java.util.concurrent.AbstractExecutorService.submit(AbstractExecutorService.java:149) ~[?:?]
	at org.apache.catalina.core.ContainerBase.startInternal(ContainerBase.java:714) ~[tomcat-embed-core-11.0.18.jar:11.0.18]
	at org.apache.catalina.core.StandardEngine.startInternal(StandardEngine.java:201) ~[tomcat-embed-core-11.0.18.jar:11.0.18]
	at org.apache.catalina.util.LifecycleBase.start(LifecycleBase.java:164) ~[tomcat-embed-core-11.0.18.jar:11.0.18]
	at org.apache.catalina.core.StandardService.startInternal(StandardService.java:410) ~[tomcat-embed-core-11.0.18.jar:11.0.18]
	at org.apache.catalina.util.LifecycleBase.start(LifecycleBase.java:164) ~[tomcat-embed-core-11.0.18.jar:11.0.18]
	at org.apache.catalina.core.StandardServer.startInternal(StandardServer.java:864) ~[tomcat-embed-core-11.0.18.jar:11.0.18]
	at org.apache.catalina.util.LifecycleBase.start(LifecycleBase.java:164) ~[tomcat-embed-core-11.0.18.jar:11.0.18]
	at org.apache.catalina.startup.Tomcat.start(Tomcat.java:435) ~[tomcat-embed-core-11.0.18.jar:11.0.18]
	at org.springframework.boot.tomcat.TomcatWebServer.initialize(TomcatWebServer.java:131) ~[spring-boot-tomcat-4.0.3.jar:4.0.3]
	... 16 more
Caused by: org.springframework.beans.factory.UnsatisfiedDependencyException: Error creating bean with name 'customUserDetailsService' defined in file [C:\Users\ADMIN\Downloads\Revpay\Revpay1\target\classes\com\rev\app\security\CustomUserDetailsService.class]: Unsatisfied dependency expressed through constructor parameter 0: Error creating bean with name 'IUserRepository' defined in com.rev.app.repository.IUserRepository defined in @EnableJpaRepositories declared on DataJpaRepositoriesRegistrar.EnableJpaRepositoriesConfiguration: Cannot resolve reference to bean 'jpaSharedEM_entityManagerFactory' while setting bean property 'entityManager'
	at org.springframework.beans.factory.support.ConstructorResolver.createArgumentArray(ConstructorResolver.java:804) ~[spring-beans-7.0.5.jar:7.0.5]
	at org.springframework.beans.factory.support.ConstructorResolver.autowireConstructor(ConstructorResolver.java:240) ~[spring-beans-7.0.5.jar:7.0.5]
	at org.springframework.beans.factory.support.AbstractAutowireCapableBeanFactory.autowireConstructor(AbstractAutowireCapableBeanFactory.java:1382) ~[spring-beans-7.0.5.jar:7.0.5]
	at org.springframework.beans.factory.support.AbstractAutowireCapableBeanFactory.createBeanInstance(AbstractAutowireCapableBeanFactory.java:1221) ~[spring-beans-7.0.5.jar:7.0.5]
	at org.springframework.beans.factory.support.AbstractAutowireCapableBeanFactory.doCreateBean(AbstractAutowireCapableBeanFactory.java:565) ~[spring-beans-7.0.5.jar:7.0.5]
	at org.springframework.beans.factory.support.AbstractAutowireCapableBeanFactory.createBean(AbstractAutowireCapableBeanFactory.java:525) ~[spring-beans-7.0.5.jar:7.0.5]
	at org.springframework.beans.factory.support.AbstractBeanFactory.lambda$doGetBean$0(AbstractBeanFactory.java:333) ~[spring-beans-7.0.5.jar:7.0.5]
	at org.springframework.beans.factory.support.DefaultSingletonBeanRegistry.getSingleton(DefaultSingletonBeanRegistry.java:371) ~[spring-beans-7.0.5.jar:7.0.5]
	at org.springframework.beans.factory.support.AbstractBeanFactory.doGetBean(AbstractBeanFactory.java:331) ~[spring-beans-7.0.5.jar:7.0.5]
	at org.springframework.beans.factory.support.AbstractBeanFactory.getBean(AbstractBeanFactory.java:201) ~[spring-beans-7.0.5.jar:7.0.5]
	at org.springframework.beans.factory.support.DefaultListableBeanFactory.resolveBean(DefaultListableBeanFactory.java:1225) ~[spring-beans-7.0.5.jar:7.0.5]
	at org.springframework.beans.factory.support.DefaultListableBeanFactory.doResolveDependency(DefaultListableBeanFactory.java:1704) ~[spring-beans-7.0.5.jar:7.0.5]
	at org.springframework.beans.factory.support.DefaultListableBeanFactory.resolveDependency(DefaultListableBeanFactory.java:1651) ~[spring-beans-7.0.5.jar:7.0.5]
	at org.springframework.beans.factory.support.ConstructorResolver.resolveAutowiredArgument(ConstructorResolver.java:912) ~[spring-beans-7.0.5.jar:7.0.5]
	at org.springframework.beans.factory.support.ConstructorResolver.createArgumentArray(ConstructorResolver.java:791) ~[spring-beans-7.0.5.jar:7.0.5]
	... 56 more
Caused by: org.springframework.beans.factory.BeanCreationException: Error creating bean with name 'IUserRepository' defined in com.rev.app.repository.IUserRepository defined in @EnableJpaRepositories declared on DataJpaRepositoriesRegistrar.EnableJpaRepositoriesConfiguration: Cannot resolve reference to bean 'jpaSharedEM_entityManagerFactory' while setting bean property 'entityManager'
	at org.springframework.beans.factory.support.BeanDefinitionValueResolver.resolveReference(BeanDefinitionValueResolver.java:377) ~[spring-beans-7.0.5.jar:7.0.5]
	at org.springframework.beans.factory.support.BeanDefinitionValueResolver.resolveValueIfNecessary(BeanDefinitionValueResolver.java:135) ~[spring-beans-7.0.5.jar:7.0.5]
	at org.springframework.beans.factory.support.AbstractAutowireCapableBeanFactory.applyPropertyValues(AbstractAutowireCapableBeanFactory.java:1712) ~[spring-beans-7.0.5.jar:7.0.5]
	at org.springframework.beans.factory.support.AbstractAutowireCapableBeanFactory.populateBean(AbstractAutowireCapableBeanFactory.java:1461) ~[spring-beans-7.0.5.jar:7.0.5]
	at org.springframework.beans.factory.support.AbstractAutowireCapableBeanFactory.doCreateBean(AbstractAutowireCapableBeanFactory.java:602) ~[spring-beans-7.0.5.jar:7.0.5]
	at org.springframework.beans.factory.support.AbstractAutowireCapableBeanFactory.createBean(AbstractAutowireCapableBeanFactory.java:525) ~[spring-beans-7.0.5.jar:7.0.5]
	at org.springframework.beans.factory.support.AbstractBeanFactory.lambda$doGetBean$0(AbstractBeanFactory.java:333) ~[spring-beans-7.0.5.jar:7.0.5]
	at org.springframework.beans.factory.support.DefaultSingletonBeanRegistry.getSingleton(DefaultSingletonBeanRegistry.java:371) ~[spring-beans-7.0.5.jar:7.0.5]
	at org.springframework.beans.factory.support.AbstractBeanFactory.doGetBean(AbstractBeanFactory.java:331) ~[spring-beans-7.0.5.jar:7.0.5]
	at org.springframework.beans.factory.support.AbstractBeanFactory.getBean(AbstractBeanFactory.java:201) ~[spring-beans-7.0.5.jar:7.0.5]
	at org.springframework.beans.factory.config.DependencyDescriptor.resolveCandidate(DependencyDescriptor.java:229) ~[spring-beans-7.0.5.jar:7.0.5]
	at org.springframework.beans.factory.support.DefaultListableBeanFactory.doResolveDependency(DefaultListableBeanFactory.java:1762) ~[spring-beans-7.0.5.jar:7.0.5]
	at org.springframework.beans.factory.support.DefaultListableBeanFactory.resolveDependency(DefaultListableBeanFactory.java:1651) ~[spring-beans-7.0.5.jar:7.0.5]
	at org.springframework.beans.factory.support.ConstructorResolver.resolveAutowiredArgument(ConstructorResolver.java:912) ~[spring-beans-7.0.5.jar:7.0.5]
	at org.springframework.beans.factory.support.ConstructorResolver.createArgumentArray(ConstructorResolver.java:791) ~[spring-beans-7.0.5.jar:7.0.5]
	... 70 more
Caused by: org.springframework.beans.factory.BeanCreationException: Error creating bean with name 'jpaSharedEM_entityManagerFactory': Cannot resolve reference to bean 'entityManagerFactory' while setting constructor argument
	at org.springframework.beans.factory.support.BeanDefinitionValueResolver.resolveReference(BeanDefinitionValueResolver.java:377) ~[spring-beans-7.0.5.jar:7.0.5]
	at org.springframework.beans.factory.support.BeanDefinitionValueResolver.resolveValueIfNecessary(BeanDefinitionValueResolver.java:135) ~[spring-beans-7.0.5.jar:7.0.5]
	at org.springframework.beans.factory.support.ConstructorResolver.resolveConstructorArguments(ConstructorResolver.java:691) ~[spring-beans-7.0.5.jar:7.0.5]
	at org.springframework.beans.factory.support.ConstructorResolver.instantiateUsingFactoryMethod(ConstructorResolver.java:513) ~[spring-beans-7.0.5.jar:7.0.5]
	at org.springframework.beans.factory.support.AbstractAutowireCapableBeanFactory.instantiateUsingFactoryMethod(AbstractAutowireCapableBeanFactory.java:1362) ~[spring-beans-7.0.5.jar:7.0.5]
	at org.springframework.beans.factory.support.AbstractAutowireCapableBeanFactory.createBeanInstance(AbstractAutowireCapableBeanFactory.java:1194) ~[spring-beans-7.0.5.jar:7.0.5]
	at org.springframework.beans.factory.support.AbstractAutowireCapableBeanFactory.doCreateBean(AbstractAutowireCapableBeanFactory.java:565) ~[spring-beans-7.0.5.jar:7.0.5]
	at org.springframework.beans.factory.support.AbstractAutowireCapableBeanFactory.createBean(AbstractAutowireCapableBeanFactory.java:525) ~[spring-beans-7.0.5.jar:7.0.5]
	at org.springframework.beans.factory.support.AbstractBeanFactory.lambda$doGetBean$0(AbstractBeanFactory.java:333) ~[spring-beans-7.0.5.jar:7.0.5]
	at org.springframework.beans.factory.support.DefaultSingletonBeanRegistry.getSingleton(DefaultSingletonBeanRegistry.java:371) ~[spring-beans-7.0.5.jar:7.0.5]
	at org.springframework.beans.factory.support.AbstractBeanFactory.doGetBean(AbstractBeanFactory.java:331) ~[spring-beans-7.0.5.jar:7.0.5]
	at org.springframework.beans.factory.support.AbstractBeanFactory.getBean(AbstractBeanFactory.java:201) ~[spring-beans-7.0.5.jar:7.0.5]
	at org.springframework.beans.factory.support.BeanDefinitionValueResolver.resolveReference(BeanDefinitionValueResolver.java:356) ~[spring-beans-7.0.5.jar:7.0.5]
	... 84 more
Caused by: org.springframework.beans.factory.BeanCreationException: Error creating bean with name 'entityManagerFactory' defined in class path resource [org/springframework/boot/hibernate/autoconfigure/HibernateJpaConfiguration.class]: Unable to build Hibernate SessionFactory  [persistence unit: default] ; nested exception is org.hibernate.exception.GenericJDBCException: Unable to open JDBC Connection for DDL execution [ORA-02391: exceeded simultaneous SESSIONS_PER_USER limit

https://docs.oracle.com/error-help/db/ora-02391/] [n/a]
	at org.springframework.beans.factory.support.AbstractAutowireCapableBeanFactory.initializeBean(AbstractAutowireCapableBeanFactory.java:1817) ~[spring-beans-7.0.5.jar:7.0.5]
	at org.springframework.beans.factory.support.AbstractAutowireCapableBeanFactory.doCreateBean(AbstractAutowireCapableBeanFactory.java:603) ~[spring-beans-7.0.5.jar:7.0.5]
	at org.springframework.beans.factory.support.AbstractAutowireCapableBeanFactory.createBean(AbstractAutowireCapableBeanFactory.java:525) ~[spring-beans-7.0.5.jar:7.0.5]
	at org.springframework.beans.factory.support.AbstractBeanFactory.lambda$doGetBean$0(AbstractBeanFactory.java:333) ~[spring-beans-7.0.5.jar:7.0.5]
	at org.springframework.beans.factory.support.DefaultSingletonBeanRegistry.getSingleton(DefaultSingletonBeanRegistry.java:371) ~[spring-beans-7.0.5.jar:7.0.5]
	at org.springframework.beans.factory.support.AbstractBeanFactory.doGetBean(AbstractBeanFactory.java:331) ~[spring-beans-7.0.5.jar:7.0.5]
	at org.springframework.beans.factory.support.AbstractBeanFactory.getBean(AbstractBeanFactory.java:196) ~[spring-beans-7.0.5.jar:7.0.5]
	at org.springframework.beans.factory.support.BeanDefinitionValueResolver.resolveReference(BeanDefinitionValueResolver.java:365) ~[spring-beans-7.0.5.jar:7.0.5]
	... 96 more
Caused by: jakarta.persistence.PersistenceException: Unable to build Hibernate SessionFactory  [persistence unit: default] ; nested exception is org.hibernate.exception.GenericJDBCException: Unable to open JDBC Connection for DDL execution [ORA-02391: exceeded simultaneous SESSIONS_PER_USER limit

https://docs.oracle.com/error-help/db/ora-02391/] [n/a]
	at org.springframework.orm.jpa.AbstractEntityManagerFactoryBean.buildNativeEntityManagerFactory(AbstractEntityManagerFactoryBean.java:448) ~[spring-orm-7.0.5.jar:7.0.5]
	at org.springframework.orm.jpa.AbstractEntityManagerFactoryBean.afterPropertiesSet(AbstractEntityManagerFactoryBean.java:411) ~[spring-orm-7.0.5.jar:7.0.5]
	at org.springframework.orm.jpa.LocalContainerEntityManagerFactoryBean.afterPropertiesSet(LocalContainerEntityManagerFactoryBean.java:419) ~[spring-orm-7.0.5.jar:7.0.5]
	at org.springframework.beans.factory.support.AbstractAutowireCapableBeanFactory.invokeInitMethods(AbstractAutowireCapableBeanFactory.java:1864) ~[spring-beans-7.0.5.jar:7.0.5]
	at org.springframework.beans.factory.support.AbstractAutowireCapableBeanFactory.initializeBean(AbstractAutowireCapableBeanFactory.java:1813) ~[spring-beans-7.0.5.jar:7.0.5]
	... 103 more
Caused by: org.hibernate.exception.GenericJDBCException: Unable to open JDBC Connection for DDL execution [ORA-02391: exceeded simultaneous SESSIONS_PER_USER limit

https://docs.oracle.com/error-help/db/ora-02391/] [n/a]
	at org.hibernate.exception.internal.StandardSQLExceptionConverter.convert(StandardSQLExceptionConverter.java:39) ~[hibernate-core-7.2.4.Final.jar:7.2.4.Final]
	at org.hibernate.engine.jdbc.spi.SqlExceptionHelper.convert(SqlExceptionHelper.java:115) ~[hibernate-core-7.2.4.Final.jar:7.2.4.Final]
	at org.hibernate.engine.jdbc.spi.SqlExceptionHelper.convert(SqlExceptionHelper.java:101) ~[hibernate-core-7.2.4.Final.jar:7.2.4.Final]
	at org.hibernate.resource.transaction.backend.jdbc.internal.DdlTransactionIsolatorNonJtaImpl.getIsolatedConnection(DdlTransactionIsolatorNonJtaImpl.java:71) ~[hibernate-core-7.2.4.Final.jar:7.2.4.Final]
	at org.hibernate.resource.transaction.backend.jdbc.internal.DdlTransactionIsolatorNonJtaImpl.getIsolatedConnection(DdlTransactionIsolatorNonJtaImpl.java:37) ~[hibernate-core-7.2.4.Final.jar:7.2.4.Final]
	at org.hibernate.tool.schema.internal.exec.ImprovedExtractionContextImpl.getJdbcConnection(ImprovedExtractionContextImpl.java:61) ~[hibernate-core-7.2.4.Final.jar:7.2.4.Final]
	at org.hibernate.tool.schema.extract.spi.ExtractionContext.getQueryResults(ExtractionContext.java:41) ~[hibernate-core-7.2.4.Final.jar:7.2.4.Final]
	at org.hibernate.tool.schema.extract.internal.SequenceInformationExtractorLegacyImpl.extractMetadata(SequenceInformationExtractorLegacyImpl.java:36) ~[hibernate-core-7.2.4.Final.jar:7.2.4.Final]
	at org.hibernate.tool.schema.extract.internal.DatabaseInformationImpl.initializeSequences(DatabaseInformationImpl.java:73) ~[hibernate-core-7.2.4.Final.jar:7.2.4.Final]
	at org.hibernate.tool.schema.extract.internal.DatabaseInformationImpl.<init>(DatabaseInformationImpl.java:63) ~[hibernate-core-7.2.4.Final.jar:7.2.4.Final]
	at org.hibernate.tool.schema.extract.internal.CachingDatabaseInformationImpl.<init>(CachingDatabaseInformationImpl.java:43) ~[hibernate-core-7.2.4.Final.jar:7.2.4.Final]
	at org.hibernate.tool.schema.internal.GroupedSchemaMigratorImpl.buildDatabaseInformation(GroupedSchemaMigratorImpl.java:112) ~[hibernate-core-7.2.4.Final.jar:7.2.4.Final]
	at org.hibernate.tool.schema.internal.AbstractSchemaMigrator.doMigration(AbstractSchemaMigrator.java:83) ~[hibernate-core-7.2.4.Final.jar:7.2.4.Final]
	at org.hibernate.tool.schema.spi.SchemaManagementToolCoordinator.performDatabaseAction(SchemaManagementToolCoordinator.java:269) ~[hibernate-core-7.2.4.Final.jar:7.2.4.Final]
	at org.hibernate.tool.schema.spi.SchemaManagementToolCoordinator.lambda$process$1(SchemaManagementToolCoordinator.java:101) ~[hibernate-core-7.2.4.Final.jar:7.2.4.Final]
	at java.base/java.util.HashMap.forEach(HashMap.java:1430) ~[?:?]
	at org.hibernate.tool.schema.spi.SchemaManagementToolCoordinator.process(SchemaManagementToolCoordinator.java:100) ~[hibernate-core-7.2.4.Final.jar:7.2.4.Final]
	at org.hibernate.boot.internal.SessionFactoryObserverForSchemaExport.sessionFactoryCreated(SessionFactoryObserverForSchemaExport.java:35) ~[hibernate-core-7.2.4.Final.jar:7.2.4.Final]
	at org.hibernate.internal.SessionFactoryObserverChain.sessionFactoryCreated(SessionFactoryObserverChain.java:33) ~[hibernate-core-7.2.4.Final.jar:7.2.4.Final]
	at org.hibernate.internal.SessionFactoryImpl.<init>(SessionFactoryImpl.java:323) ~[hibernate-core-7.2.4.Final.jar:7.2.4.Final]
	at org.hibernate.internal.SessionFactoryRegistry.instantiateSessionFactory(SessionFactoryRegistry.java:64) ~[hibernate-core-7.2.4.Final.jar:7.2.4.Final]
	at org.hibernate.boot.internal.SessionFactoryBuilderImpl.build(SessionFactoryBuilderImpl.java:437) ~[hibernate-core-7.2.4.Final.jar:7.2.4.Final]
	at org.hibernate.jpa.boot.internal.EntityManagerFactoryBuilderImpl.build(EntityManagerFactoryBuilderImpl.java:1456) ~[hibernate-core-7.2.4.Final.jar:7.2.4.Final]
	at org.springframework.orm.jpa.vendor.SpringHibernateJpaPersistenceProvider.createContainerEntityManagerFactory(SpringHibernateJpaPersistenceProvider.java:93) ~[spring-orm-7.0.5.jar:7.0.5]
	at org.springframework.orm.jpa.LocalContainerEntityManagerFactoryBean.createNativeEntityManagerFactory(LocalContainerEntityManagerFactoryBean.java:443) ~[spring-orm-7.0.5.jar:7.0.5]
	at org.springframework.orm.jpa.AbstractEntityManagerFactoryBean.buildNativeEntityManagerFactory(AbstractEntityManagerFactoryBean.java:436) ~[spring-orm-7.0.5.jar:7.0.5]
	... 107 more
Caused by: java.sql.SQLException: ORA-02391: exceeded simultaneous SESSIONS_PER_USER limit

https://docs.oracle.com/error-help/db/ora-02391/
	at oracle.jdbc.driver.T4CTTIoer11.processError(T4CTTIoer11.java:715) ~[ojdbc11-23.9.0.25.07.jar:23.9.0.25.07]
	at oracle.jdbc.driver.T4CTTIoer11.processError(T4CTTIoer11.java:610) ~[ojdbc11-23.9.0.25.07.jar:23.9.0.25.07]
	at oracle.jdbc.driver.T4CTTIoer11.processError(T4CTTIoer11.java:605) ~[ojdbc11-23.9.0.25.07.jar:23.9.0.25.07]
	at oracle.jdbc.driver.T4CTTIfun.processError(T4CTTIfun.java:1704) ~[ojdbc11-23.9.0.25.07.jar:23.9.0.25.07]
	at oracle.jdbc.driver.T4CTTIoauthenticate.processError(T4CTTIoauthenticate.java:936) ~[ojdbc11-23.9.0.25.07.jar:23.9.0.25.07]
	at oracle.jdbc.driver.T4CTTIfun.receive(T4CTTIfun.java:972) ~[ojdbc11-23.9.0.25.07.jar:23.9.0.25.07]
	at oracle.jdbc.driver.T4CTTIfun.doRPC(T4CTTIfun.java:237) ~[ojdbc11-23.9.0.25.07.jar:23.9.0.25.07]
	at oracle.jdbc.driver.T4CTTIoauthenticate.doOAUTH(T4CTTIoauthenticate.java:547) ~[ojdbc11-23.9.0.25.07.jar:23.9.0.25.07]
	at oracle.jdbc.driver.T4CTTIoauthenticate.doOAUTHWithO5Logon(T4CTTIoauthenticate.java:1746) ~[ojdbc11-23.9.0.25.07.jar:23.9.0.25.07]
	at oracle.jdbc.driver.T4CTTIoauthenticate.doOAUTH(T4CTTIoauthenticate.java:1493) ~[ojdbc11-23.9.0.25.07.jar:23.9.0.25.07]
	at oracle.jdbc.driver.T4CTTIoauthenticate.doOAUTH(T4CTTIoauthenticate.java:1433) ~[ojdbc11-23.9.0.25.07.jar:23.9.0.25.07]
	at oracle.jdbc.driver.T4CConnection.authenticateWithPassword(T4CConnection.java:2353) ~[ojdbc11-23.9.0.25.07.jar:23.9.0.25.07]
	at oracle.jdbc.driver.T4CConnection.authenticateUserForLogon(T4CConnection.java:2290) ~[ojdbc11-23.9.0.25.07.jar:23.9.0.25.07]
	at oracle.jdbc.driver.T4CConnection.logon(T4CConnection.java:1179) ~[ojdbc11-23.9.0.25.07.jar:23.9.0.25.07]
	at oracle.jdbc.driver.PhysicalConnection.connect(PhysicalConnection.java:1210) ~[ojdbc11-23.9.0.25.07.jar:23.9.0.25.07]
	at oracle.jdbc.driver.T4CDriverExtension.getConnection(T4CDriverExtension.java:106) ~[ojdbc11-23.9.0.25.07.jar:23.9.0.25.07]
	at oracle.jdbc.driver.OracleDriver.connect(OracleDriver.java:887) ~[ojdbc11-23.9.0.25.07.jar:23.9.0.25.07]
	at oracle.jdbc.driver.OracleDriver.connect(OracleDriver.java:694) ~[ojdbc11-23.9.0.25.07.jar:23.9.0.25.07]
	at com.zaxxer.hikari.util.DriverDataSource.getConnection(DriverDataSource.java:144) ~[HikariCP-7.0.2.jar:?]
	at com.zaxxer.hikari.pool.PoolBase.newConnection(PoolBase.java:373) ~[HikariCP-7.0.2.jar:?]
	at com.zaxxer.hikari.pool.PoolBase.newPoolEntry(PoolBase.java:210) ~[HikariCP-7.0.2.jar:?]
	at com.zaxxer.hikari.pool.HikariPool.createPoolEntry(HikariPool.java:488) ~[HikariCP-7.0.2.jar:?]
	at com.zaxxer.hikari.pool.HikariPool.checkFailFast(HikariPool.java:576) ~[HikariCP-7.0.2.jar:?]
	at com.zaxxer.hikari.pool.HikariPool.<init>(HikariPool.java:97) ~[HikariCP-7.0.2.jar:?]
	at com.zaxxer.hikari.HikariDataSource.getConnection(HikariDataSource.java:111) ~[HikariCP-7.0.2.jar:?]
	at org.hibernate.engine.jdbc.connections.internal.DataSourceConnectionProvider.getConnection(DataSourceConnectionProvider.java:137) ~[hibernate-core-7.2.4.Final.jar:7.2.4.Final]
	at org.hibernate.engine.jdbc.env.internal.JdbcEnvironmentInitiator$ConnectionProviderJdbcConnectionAccess.obtainConnection(JdbcEnvironmentInitiator.java:508) ~[hibernate-core-7.2.4.Final.jar:7.2.4.Final]
	at org.hibernate.resource.transaction.backend.jdbc.internal.DdlTransactionIsolatorNonJtaImpl.getIsolatedConnection(DdlTransactionIsolatorNonJtaImpl.java:44) ~[hibernate-core-7.2.4.Final.jar:7.2.4.Final]
	... 129 more

2026-03-02 14:38:15.529  INFO o.a.c.c.C.[.[.[/]                        : Initializing Spring DispatcherServlet 'dispatcherServlet'
2026-03-02 14:38:19.982  WARN .m.m.a.ExceptionHandlerExceptionResolver : Resolved [org.springframework.web.servlet.resource.NoResourceFoundException: No static resource favicon.ico for request '/favicon.ico'.]
2026-03-02 14:38:20.015  WARN .m.m.a.ExceptionHandlerExceptionResolver : Resolved [org.springframework.web.servlet.resource.NoResourceFoundException: No static resource favicon.ico for request '/favicon.ico'.]
2026-03-02 14:38:20.074  WARN .m.m.a.ExceptionHandlerExceptionResolver : Resolved [org.springframework.web.servlet.resource.NoResourceFoundException: No static resource favicon.ico for request '/favicon.ico'.]
2026-03-02 14:38:27.337  WARN .m.m.a.ExceptionHandlerExceptionResolver : Resolved [org.springframework.web.servlet.resource.NoResourceFoundException: No static resource favicon.ico for request '/favicon.ico'.]
2026-03-02 14:38:30.188  WARN .m.m.a.ExceptionHandlerExceptionResolver : Resolved [org.springframework.web.servlet.resource.NoResourceFoundException: No static resource favicon.ico for request '/favicon.ico'.]
2026-03-02 14:38:34.040  WARN .m.m.a.ExceptionHandlerExceptionResolver : Resolved [org.springframework.web.servlet.resource.NoResourceFoundException: No static resource favicon.ico for request '/favicon.ico'.]
2026-03-02 14:38:36.906  WARN .m.m.a.ExceptionHandlerExceptionResolver : Resolved [org.springframework.web.servlet.resource.NoResourceFoundException: No static resource favicon.ico for request '/favicon.ico'.]
2026-03-02 14:40:09.373  INFO c.r.a.Revpay1Application                 : Starting Revpay1Application using Java 25.0.1 with PID 13004 (C:\Users\ADMIN\Downloads\Revpay\Revpay1\target\classes started by ADMIN in C:\Users\ADMIN\Downloads\Revpay\Revpay1)
2026-03-02 14:40:09.399 DEBUG c.r.a.Revpay1Application                 : Running with Spring Boot v4.0.3, Spring v7.0.5
2026-03-02 14:40:09.401  INFO c.r.a.Revpay1Application                 : No active profile set, falling back to 1 default profile: "default"
2026-03-02 14:40:11.576  INFO o.s.b.d.r.ChangeableUrls                 : The Class-Path manifest attribute in C:\Users\ADMIN\.m2\repository\com\oracle\database\jdbc\ojdbc11\23.9.0.25.07\ojdbc11-23.9.0.25.07.jar referenced one or more files that do not exist: file:/C:/Users/ADMIN/.m2/repository/com/oracle/database/jdbc/ojdbc11/23.9.0.25.07/oraclepki.jar
2026-03-02 14:40:11.579  INFO .e.DevToolsPropertyDefaultsPostProcessor : Devtools property defaults active! Set 'spring.devtools.add-properties' to 'false' to disable
2026-03-02 14:40:11.580  INFO .e.DevToolsPropertyDefaultsPostProcessor : For additional web related logging consider setting the 'logging.level.web' property to 'DEBUG'
2026-03-02 14:40:12.056  INFO o.h.v.i.u.Version                        : HV000001: Hibernate Validator 9.0.1.Final
2026-03-02 14:40:16.914  INFO .s.d.r.c.RepositoryConfigurationDelegate : Bootstrapping Spring Data JPA repositories in DEFAULT mode.
2026-03-02 14:40:17.185  INFO .s.d.r.c.RepositoryConfigurationDelegate : Finished Spring Data repository scanning in 248 ms. Found 10 JPA repository interfaces.
2026-03-02 14:40:19.462  INFO o.s.b.t.TomcatWebServer                  : Tomcat initialized with port 8099 (http)
2026-03-02 14:40:19.494  INFO o.a.c.h.Http11NioProtocol                : Initializing ProtocolHandler ["http-nio-8099"]
2026-03-02 14:40:19.501  INFO o.a.c.c.StandardService                  : Starting service [Tomcat]
2026-03-02 14:40:19.502  INFO o.a.c.c.StandardEngine                   : Starting Servlet engine: [Apache Tomcat/11.0.18]
2026-03-02 14:40:19.650  INFO b.w.c.s.WebApplicationContextInitializer : Root WebApplicationContext: initialization completed in 8068 ms
2026-03-02 14:40:20.449  INFO o.h.o.jpa                                : HHH008540: Processing PersistenceUnitInfo [name: default]
2026-03-02 14:40:21.275  INFO o.h.o.core                               : HHH000001: Hibernate ORM core version 7.2.4.Final
2026-03-02 14:40:23.369  INFO o.s.o.j.p.SpringPersistenceUnitInfo      : No LoadTimeWeaver setup: ignoring JPA class transformer
2026-03-02 14:40:23.529  INFO c.z.h.HikariDataSource                   : HikariPool-1 - Starting...
2026-03-02 14:40:28.369  WARN o.h.o.j.error                            : HHH000247: ErrorCode: 2391, SQLState: 61000
2026-03-02 14:40:28.369  WARN o.h.o.j.error                            : ORA-02391: exceeded simultaneous SESSIONS_PER_USER limit

https://docs.oracle.com/error-help/db/ora-02391/
2026-03-02 14:40:28.372  WARN o.h.o.jdbc                               : HHH100046: Could not obtain connection to query JDBC database metadata

org.hibernate.exception.GenericJDBCException: Unable to obtain isolated JDBC connection [ORA-02391: exceeded simultaneous SESSIONS_PER_USER limit

https://docs.oracle.com/error-help/db/ora-02391/] [n/a]
	at org.hibernate.exception.internal.StandardSQLExceptionConverter.convert(StandardSQLExceptionConverter.java:39) ~[hibernate-core-7.2.4.Final.jar:7.2.4.Final]
	at org.hibernate.engine.jdbc.spi.SqlExceptionHelper.convert(SqlExceptionHelper.java:115) ~[hibernate-core-7.2.4.Final.jar:7.2.4.Final]
	at org.hibernate.engine.jdbc.spi.SqlExceptionHelper.convert(SqlExceptionHelper.java:101) ~[hibernate-core-7.2.4.Final.jar:7.2.4.Final]
	at org.hibernate.resource.transaction.backend.jdbc.internal.JdbcIsolationDelegate.delegateWork(JdbcIsolationDelegate.java:51) ~[hibernate-core-7.2.4.Final.jar:7.2.4.Final]
	at org.hibernate.engine.jdbc.env.internal.JdbcEnvironmentInitiator.getJdbcEnvironmentUsingJdbcMetadata(JdbcEnvironmentInitiator.java:366) ~[hibernate-core-7.2.4.Final.jar:7.2.4.Final]
	at org.hibernate.engine.jdbc.env.internal.JdbcEnvironmentInitiator.getJdbcEnvironment(JdbcEnvironmentInitiator.java:143) ~[hibernate-core-7.2.4.Final.jar:7.2.4.Final]
	at org.hibernate.engine.jdbc.env.internal.JdbcEnvironmentInitiator.initiateService(JdbcEnvironmentInitiator.java:120) ~[hibernate-core-7.2.4.Final.jar:7.2.4.Final]
	at org.hibernate.engine.jdbc.env.internal.JdbcEnvironmentInitiator.initiateService(JdbcEnvironmentInitiator.java:80) ~[hibernate-core-7.2.4.Final.jar:7.2.4.Final]
	at org.hibernate.boot.registry.internal.StandardServiceRegistryImpl.initiateService(StandardServiceRegistryImpl.java:133) ~[hibernate-core-7.2.4.Final.jar:7.2.4.Final]
	at org.hibernate.service.internal.AbstractServiceRegistryImpl.createService(AbstractServiceRegistryImpl.java:260) ~[hibernate-core-7.2.4.Final.jar:7.2.4.Final]
	at org.hibernate.service.internal.AbstractServiceRegistryImpl.initializeService(AbstractServiceRegistryImpl.java:235) ~[hibernate-core-7.2.4.Final.jar:7.2.4.Final]
	at org.hibernate.service.internal.AbstractServiceRegistryImpl.getService(AbstractServiceRegistryImpl.java:212) ~[hibernate-core-7.2.4.Final.jar:7.2.4.Final]
	at org.hibernate.boot.model.relational.Database.<init>(Database.java:44) ~[hibernate-core-7.2.4.Final.jar:7.2.4.Final]
	at org.hibernate.boot.internal.InFlightMetadataCollectorImpl.getDatabase(InFlightMetadataCollectorImpl.java:251) ~[hibernate-core-7.2.4.Final.jar:7.2.4.Final]
	at org.hibernate.boot.internal.InFlightMetadataCollectorImpl.<init>(InFlightMetadataCollectorImpl.java:203) ~[hibernate-core-7.2.4.Final.jar:7.2.4.Final]
	at org.hibernate.boot.model.process.spi.MetadataBuildingProcess.complete(MetadataBuildingProcess.java:170) ~[hibernate-core-7.2.4.Final.jar:7.2.4.Final]
	at org.hibernate.jpa.boot.internal.EntityManagerFactoryBuilderImpl.metadata(EntityManagerFactoryBuilderImpl.java:1392) ~[hibernate-core-7.2.4.Final.jar:7.2.4.Final]
	at org.hibernate.jpa.boot.internal.EntityManagerFactoryBuilderImpl.populateSessionFactoryBuilder(EntityManagerFactoryBuilderImpl.java:1472) ~[hibernate-core-7.2.4.Final.jar:7.2.4.Final]
	at org.hibernate.jpa.boot.internal.EntityManagerFactoryBuilderImpl.build(EntityManagerFactoryBuilderImpl.java:1454) ~[hibernate-core-7.2.4.Final.jar:7.2.4.Final]
	at org.springframework.orm.jpa.vendor.SpringHibernateJpaPersistenceProvider.createContainerEntityManagerFactory(SpringHibernateJpaPersistenceProvider.java:93) ~[spring-orm-7.0.5.jar:7.0.5]
	at org.springframework.orm.jpa.LocalContainerEntityManagerFactoryBean.createNativeEntityManagerFactory(LocalContainerEntityManagerFactoryBean.java:443) ~[spring-orm-7.0.5.jar:7.0.5]
	at org.springframework.orm.jpa.AbstractEntityManagerFactoryBean.buildNativeEntityManagerFactory(AbstractEntityManagerFactoryBean.java:436) ~[spring-orm-7.0.5.jar:7.0.5]
	at org.springframework.orm.jpa.AbstractEntityManagerFactoryBean.afterPropertiesSet(AbstractEntityManagerFactoryBean.java:411) ~[spring-orm-7.0.5.jar:7.0.5]
	at org.springframework.orm.jpa.LocalContainerEntityManagerFactoryBean.afterPropertiesSet(LocalContainerEntityManagerFactoryBean.java:419) ~[spring-orm-7.0.5.jar:7.0.5]
	at org.springframework.beans.factory.support.AbstractAutowireCapableBeanFactory.invokeInitMethods(AbstractAutowireCapableBeanFactory.java:1864) ~[spring-beans-7.0.5.jar:7.0.5]
	at org.springframework.beans.factory.support.AbstractAutowireCapableBeanFactory.initializeBean(AbstractAutowireCapableBeanFactory.java:1813) ~[spring-beans-7.0.5.jar:7.0.5]
	at org.springframework.beans.factory.support.AbstractAutowireCapableBeanFactory.doCreateBean(AbstractAutowireCapableBeanFactory.java:603) ~[spring-beans-7.0.5.jar:7.0.5]
	at org.springframework.beans.factory.support.AbstractAutowireCapableBeanFactory.createBean(AbstractAutowireCapableBeanFactory.java:525) ~[spring-beans-7.0.5.jar:7.0.5]
	at org.springframework.beans.factory.support.AbstractBeanFactory.lambda$doGetBean$0(AbstractBeanFactory.java:333) ~[spring-beans-7.0.5.jar:7.0.5]
	at org.springframework.beans.factory.support.DefaultSingletonBeanRegistry.getSingleton(DefaultSingletonBeanRegistry.java:371) ~[spring-beans-7.0.5.jar:7.0.5]
	at org.springframework.beans.factory.support.AbstractBeanFactory.doGetBean(AbstractBeanFactory.java:331) ~[spring-beans-7.0.5.jar:7.0.5]
	at org.springframework.beans.factory.support.AbstractBeanFactory.getBean(AbstractBeanFactory.java:196) ~[spring-beans-7.0.5.jar:7.0.5]
	at org.springframework.beans.factory.support.BeanDefinitionValueResolver.resolveReference(BeanDefinitionValueResolver.java:365) ~[spring-beans-7.0.5.jar:7.0.5]
	at org.springframework.beans.factory.support.BeanDefinitionValueResolver.resolveValueIfNecessary(BeanDefinitionValueResolver.java:135) ~[spring-beans-7.0.5.jar:7.0.5]
	at org.springframework.beans.factory.support.ConstructorResolver.resolveConstructorArguments(ConstructorResolver.java:691) ~[spring-beans-7.0.5.jar:7.0.5]
	at org.springframework.beans.factory.support.ConstructorResolver.instantiateUsingFactoryMethod(ConstructorResolver.java:513) ~[spring-beans-7.0.5.jar:7.0.5]
	at org.springframework.beans.factory.support.AbstractAutowireCapableBeanFactory.instantiateUsingFactoryMethod(AbstractAutowireCapableBeanFactory.java:1362) ~[spring-beans-7.0.5.jar:7.0.5]
	at org.springframework.beans.factory.support.AbstractAutowireCapableBeanFactory.createBeanInstance(AbstractAutowireCapableBeanFactory.java:1194) ~[spring-beans-7.0.5.jar:7.0.5]
	at org.springframework.beans.factory.support.AbstractAutowireCapableBeanFactory.doCreateBean(AbstractAutowireCapableBeanFactory.java:565) ~[spring-beans-7.0.5.jar:7.0.5]
	at org.springframework.beans.factory.support.AbstractAutowireCapableBeanFactory.createBean(AbstractAutowireCapableBeanFactory.java:525) ~[spring-beans-7.0.5.jar:7.0.5]
	at org.springframework.beans.factory.support.AbstractBeanFactory.lambda$doGetBean$0(AbstractBeanFactory.java:333) ~[spring-beans-7.0.5.jar:7.0.5]
	at org.springframework.beans.factory.support.DefaultSingletonBeanRegistry.getSingleton(DefaultSingletonBeanRegistry.java:371) ~[spring-beans-7.0.5.jar:7.0.5]
	at org.springframework.beans.factory.support.AbstractBeanFactory.doGetBean(AbstractBeanFactory.java:331) ~[spring-beans-7.0.5.jar:7.0.5]
	at org.springframework.beans.factory.support.AbstractBeanFactory.getBean(AbstractBeanFactory.java:201) ~[spring-beans-7.0.5.jar:7.0.5]
	at org.springframework.beans.factory.support.BeanDefinitionValueResolver.resolveReference(BeanDefinitionValueResolver.java:356) ~[spring-beans-7.0.5.jar:7.0.5]
	at org.springframework.beans.factory.support.BeanDefinitionValueResolver.resolveValueIfNecessary(BeanDefinitionValueResolver.java:135) ~[spring-beans-7.0.5.jar:7.0.5]
	at org.springframework.beans.factory.support.AbstractAutowireCapableBeanFactory.applyPropertyValues(AbstractAutowireCapableBeanFactory.java:1712) ~[spring-beans-7.0.5.jar:7.0.5]
	at org.springframework.beans.factory.support.AbstractAutowireCapableBeanFactory.populateBean(AbstractAutowireCapableBeanFactory.java:1461) ~[spring-beans-7.0.5.jar:7.0.5]
	at org.springframework.beans.factory.support.AbstractAutowireCapableBeanFactory.doCreateBean(AbstractAutowireCapableBeanFactory.java:602) ~[spring-beans-7.0.5.jar:7.0.5]
	at org.springframework.beans.factory.support.AbstractAutowireCapableBeanFactory.createBean(AbstractAutowireCapableBeanFactory.java:525) ~[spring-beans-7.0.5.jar:7.0.5]
	at org.springframework.beans.factory.support.AbstractBeanFactory.lambda$doGetBean$0(AbstractBeanFactory.java:333) ~[spring-beans-7.0.5.jar:7.0.5]
	at org.springframework.beans.factory.support.DefaultSingletonBeanRegistry.getSingleton(DefaultSingletonBeanRegistry.java:371) ~[spring-beans-7.0.5.jar:7.0.5]
	at org.springframework.beans.factory.support.AbstractBeanFactory.doGetBean(AbstractBeanFactory.java:331) ~[spring-beans-7.0.5.jar:7.0.5]
	at org.springframework.beans.factory.support.AbstractBeanFactory.getBean(AbstractBeanFactory.java:201) ~[spring-beans-7.0.5.jar:7.0.5]
	at org.springframework.beans.factory.config.DependencyDescriptor.resolveCandidate(DependencyDescriptor.java:229) ~[spring-beans-7.0.5.jar:7.0.5]
	at org.springframework.beans.factory.support.DefaultListableBeanFactory.doResolveDependency(DefaultListableBeanFactory.java:1762) ~[spring-beans-7.0.5.jar:7.0.5]
	at org.springframework.beans.factory.support.DefaultListableBeanFactory.resolveDependency(DefaultListableBeanFactory.java:1651) ~[spring-beans-7.0.5.jar:7.0.5]
	at org.springframework.beans.factory.support.ConstructorResolver.resolveAutowiredArgument(ConstructorResolver.java:912) ~[spring-beans-7.0.5.jar:7.0.5]
	at org.springframework.beans.factory.support.ConstructorResolver.createArgumentArray(ConstructorResolver.java:791) ~[spring-beans-7.0.5.jar:7.0.5]
	at org.springframework.beans.factory.support.ConstructorResolver.autowireConstructor(ConstructorResolver.java:240) ~[spring-beans-7.0.5.jar:7.0.5]
	at org.springframework.beans.factory.support.AbstractAutowireCapableBeanFactory.autowireConstructor(AbstractAutowireCapableBeanFactory.java:1382) ~[spring-beans-7.0.5.jar:7.0.5]
	at org.springframework.beans.factory.support.AbstractAutowireCapableBeanFactory.createBeanInstance(AbstractAutowireCapableBeanFactory.java:1221) ~[spring-beans-7.0.5.jar:7.0.5]
	at org.springframework.beans.factory.support.AbstractAutowireCapableBeanFactory.doCreateBean(AbstractAutowireCapableBeanFactory.java:565) ~[spring-beans-7.0.5.jar:7.0.5]
	at org.springframework.beans.factory.support.AbstractAutowireCapableBeanFactory.createBean(AbstractAutowireCapableBeanFactory.java:525) ~[spring-beans-7.0.5.jar:7.0.5]
	at org.springframework.beans.factory.support.AbstractBeanFactory.lambda$doGetBean$0(AbstractBeanFactory.java:333) ~[spring-beans-7.0.5.jar:7.0.5]
	at org.springframework.beans.factory.support.DefaultSingletonBeanRegistry.getSingleton(DefaultSingletonBeanRegistry.java:371) ~[spring-beans-7.0.5.jar:7.0.5]
	at org.springframework.beans.factory.support.AbstractBeanFactory.doGetBean(AbstractBeanFactory.java:331) ~[spring-beans-7.0.5.jar:7.0.5]
	at org.springframework.beans.factory.support.AbstractBeanFactory.getBean(AbstractBeanFactory.java:201) ~[spring-beans-7.0.5.jar:7.0.5]
	at org.springframework.beans.factory.support.DefaultListableBeanFactory.resolveBean(DefaultListableBeanFactory.java:1225) ~[spring-beans-7.0.5.jar:7.0.5]
	at org.springframework.beans.factory.support.DefaultListableBeanFactory.doResolveDependency(DefaultListableBeanFactory.java:1704) ~[spring-beans-7.0.5.jar:7.0.5]
	at org.springframework.beans.factory.support.DefaultListableBeanFactory.resolveDependency(DefaultListableBeanFactory.java:1651) ~[spring-beans-7.0.5.jar:7.0.5]
	at org.springframework.beans.factory.support.ConstructorResolver.resolveAutowiredArgument(ConstructorResolver.java:912) ~[spring-beans-7.0.5.jar:7.0.5]
	at org.springframework.beans.factory.support.ConstructorResolver.createArgumentArray(ConstructorResolver.java:791) ~[spring-beans-7.0.5.jar:7.0.5]
	at org.springframework.beans.factory.support.ConstructorResolver.autowireConstructor(ConstructorResolver.java:240) ~[spring-beans-7.0.5.jar:7.0.5]
	at org.springframework.beans.factory.support.AbstractAutowireCapableBeanFactory.autowireConstructor(AbstractAutowireCapableBeanFactory.java:1382) ~[spring-beans-7.0.5.jar:7.0.5]
	at org.springframework.beans.factory.support.AbstractAutowireCapableBeanFactory.createBeanInstance(AbstractAutowireCapableBeanFactory.java:1221) ~[spring-beans-7.0.5.jar:7.0.5]
	at org.springframework.beans.factory.support.AbstractAutowireCapableBeanFactory.doCreateBean(AbstractAutowireCapableBeanFactory.java:565) ~[spring-beans-7.0.5.jar:7.0.5]
	at org.springframework.beans.factory.support.AbstractAutowireCapableBeanFactory.createBean(AbstractAutowireCapableBeanFactory.java:525) ~[spring-beans-7.0.5.jar:7.0.5]
	at org.springframework.beans.factory.support.AbstractBeanFactory.lambda$doGetBean$0(AbstractBeanFactory.java:333) ~[spring-beans-7.0.5.jar:7.0.5]
	at org.springframework.beans.factory.support.DefaultSingletonBeanRegistry.getSingleton(DefaultSingletonBeanRegistry.java:371) ~[spring-beans-7.0.5.jar:7.0.5]
	at org.springframework.beans.factory.support.AbstractBeanFactory.doGetBean(AbstractBeanFactory.java:331) ~[spring-beans-7.0.5.jar:7.0.5]
	at org.springframework.beans.factory.support.AbstractBeanFactory.getBean(AbstractBeanFactory.java:201) ~[spring-beans-7.0.5.jar:7.0.5]
	at org.springframework.boot.web.servlet.ServletContextInitializerBeans.getOrderedBeansOfType(ServletContextInitializerBeans.java:231) ~[spring-boot-4.0.3.jar:4.0.3]
	at org.springframework.boot.web.servlet.ServletContextInitializerBeans.addAsRegistrationBean(ServletContextInitializerBeans.java:185) ~[spring-boot-4.0.3.jar:4.0.3]
	at org.springframework.boot.web.servlet.ServletContextInitializerBeans.addAsRegistrationBean(ServletContextInitializerBeans.java:180) ~[spring-boot-4.0.3.jar:4.0.3]
	at org.springframework.boot.web.servlet.ServletContextInitializerBeans.addAdaptableBeans(ServletContextInitializerBeans.java:165) ~[spring-boot-4.0.3.jar:4.0.3]
	at org.springframework.boot.web.servlet.ServletContextInitializerBeans.<init>(ServletContextInitializerBeans.java:97) ~[spring-boot-4.0.3.jar:4.0.3]
	at org.springframework.boot.web.context.servlet.WebApplicationContextInitializer.initialize(WebApplicationContextInitializer.java:53) ~[spring-boot-4.0.3.jar:4.0.3]
	at org.springframework.boot.tomcat.servlet.DeferredServletContainerInitializers.onStartup(DeferredServletContainerInitializers.java:55) ~[spring-boot-tomcat-4.0.3.jar:4.0.3]
	at org.apache.catalina.core.StandardContext.startInternal(StandardContext.java:4416) ~[tomcat-embed-core-11.0.18.jar:11.0.18]
	at org.apache.catalina.util.LifecycleBase.start(LifecycleBase.java:164) ~[tomcat-embed-core-11.0.18.jar:11.0.18]
	at org.apache.catalina.core.ContainerBase$StartChild.call(ContainerBase.java:1162) ~[tomcat-embed-core-11.0.18.jar:11.0.18]
	at org.apache.catalina.core.ContainerBase$StartChild.call(ContainerBase.java:1158) ~[tomcat-embed-core-11.0.18.jar:11.0.18]
	at java.base/java.util.concurrent.FutureTask.run(FutureTask.java:328) ~[?:?]
	at org.apache.tomcat.util.threads.InlineExecutorService.execute(InlineExecutorService.java:81) ~[tomcat-embed-core-11.0.18.jar:11.0.18]
	at java.base/java.util.concurrent.AbstractExecutorService.submit(AbstractExecutorService.java:149) ~[?:?]
	at org.apache.catalina.core.ContainerBase.startInternal(ContainerBase.java:714) ~[tomcat-embed-core-11.0.18.jar:11.0.18]
	at org.apache.catalina.core.StandardHost.startInternal(StandardHost.java:780) ~[tomcat-embed-core-11.0.18.jar:11.0.18]
	at org.apache.catalina.util.LifecycleBase.start(LifecycleBase.java:164) ~[tomcat-embed-core-11.0.18.jar:11.0.18]
	at org.apache.catalina.core.ContainerBase$StartChild.call(ContainerBase.java:1162) ~[tomcat-embed-core-11.0.18.jar:11.0.18]
	at org.apache.catalina.core.ContainerBase$StartChild.call(ContainerBase.java:1158) ~[tomcat-embed-core-11.0.18.jar:11.0.18]
	at java.base/java.util.concurrent.FutureTask.run(FutureTask.java:328) ~[?:?]
	at org.apache.tomcat.util.threads.InlineExecutorService.execute(InlineExecutorService.java:81) ~[tomcat-embed-core-11.0.18.jar:11.0.18]
	at java.base/java.util.concurrent.AbstractExecutorService.submit(AbstractExecutorService.java:149) ~[?:?]
	at org.apache.catalina.core.ContainerBase.startInternal(ContainerBase.java:714) ~[tomcat-embed-core-11.0.18.jar:11.0.18]
	at org.apache.catalina.core.StandardEngine.startInternal(StandardEngine.java:201) ~[tomcat-embed-core-11.0.18.jar:11.0.18]
	at org.apache.catalina.util.LifecycleBase.start(LifecycleBase.java:164) ~[tomcat-embed-core-11.0.18.jar:11.0.18]
	at org.apache.catalina.core.StandardService.startInternal(StandardService.java:410) ~[tomcat-embed-core-11.0.18.jar:11.0.18]
	at org.apache.catalina.util.LifecycleBase.start(LifecycleBase.java:164) ~[tomcat-embed-core-11.0.18.jar:11.0.18]
	at org.apache.catalina.core.StandardServer.startInternal(StandardServer.java:864) ~[tomcat-embed-core-11.0.18.jar:11.0.18]
	at org.apache.catalina.util.LifecycleBase.start(LifecycleBase.java:164) ~[tomcat-embed-core-11.0.18.jar:11.0.18]
	at org.apache.catalina.startup.Tomcat.start(Tomcat.java:435) ~[tomcat-embed-core-11.0.18.jar:11.0.18]
	at org.springframework.boot.tomcat.TomcatWebServer.initialize(TomcatWebServer.java:131) ~[spring-boot-tomcat-4.0.3.jar:4.0.3]
	at org.springframework.boot.tomcat.TomcatWebServer.<init>(TomcatWebServer.java:110) ~[spring-boot-tomcat-4.0.3.jar:4.0.3]
	at org.springframework.boot.tomcat.servlet.TomcatServletWebServerFactory.getTomcatWebServer(TomcatServletWebServerFactory.java:408) ~[spring-boot-tomcat-4.0.3.jar:4.0.3]
	at org.springframework.boot.tomcat.servlet.TomcatServletWebServerFactory.getWebServer(TomcatServletWebServerFactory.java:166) ~[spring-boot-tomcat-4.0.3.jar:4.0.3]
	at org.springframework.boot.web.server.servlet.context.ServletWebServerApplicationContext.createWebServer(ServletWebServerApplicationContext.java:190) ~[spring-boot-web-server-4.0.3.jar:4.0.3]
	at org.springframework.boot.web.server.servlet.context.ServletWebServerApplicationContext.onRefresh(ServletWebServerApplicationContext.java:164) ~[spring-boot-web-server-4.0.3.jar:4.0.3]
	at org.springframework.context.support.AbstractApplicationContext.refresh(AbstractApplicationContext.java:615) ~[spring-context-7.0.5.jar:7.0.5]
	at org.springframework.boot.web.server.servlet.context.ServletWebServerApplicationContext.refresh(ServletWebServerApplicationContext.java:143) ~[spring-boot-web-server-4.0.3.jar:4.0.3]
	at org.springframework.boot.SpringApplication.refresh(SpringApplication.java:756) [spring-boot-4.0.3.jar:4.0.3]
	at org.springframework.boot.SpringApplication.refreshContext(SpringApplication.java:445) [spring-boot-4.0.3.jar:4.0.3]
	at org.springframework.boot.SpringApplication.run(SpringApplication.java:321) [spring-boot-4.0.3.jar:4.0.3]
	at org.springframework.boot.SpringApplication.run(SpringApplication.java:1365) [spring-boot-4.0.3.jar:4.0.3]
	at org.springframework.boot.SpringApplication.run(SpringApplication.java:1354) [spring-boot-4.0.3.jar:4.0.3]
	at com.rev.app.Revpay1Application.main(Revpay1Application.java:14) [classes/:?]
	at java.base/jdk.internal.reflect.DirectMethodHandleAccessor.invoke(DirectMethodHandleAccessor.java:104) ~[?:?]
	at java.base/java.lang.reflect.Method.invoke(Method.java:565) ~[?:?]
	at org.springframework.boot.devtools.restart.RestartLauncher.run(RestartLauncher.java:52) [spring-boot-devtools-4.0.3.jar:4.0.3]
Caused by: java.sql.SQLException: ORA-02391: exceeded simultaneous SESSIONS_PER_USER limit

https://docs.oracle.com/error-help/db/ora-02391/
	at oracle.jdbc.driver.T4CTTIoer11.processError(T4CTTIoer11.java:715) ~[ojdbc11-23.9.0.25.07.jar:23.9.0.25.07]
	at oracle.jdbc.driver.T4CTTIoer11.processError(T4CTTIoer11.java:610) ~[ojdbc11-23.9.0.25.07.jar:23.9.0.25.07]
	at oracle.jdbc.driver.T4CTTIoer11.processError(T4CTTIoer11.java:605) ~[ojdbc11-23.9.0.25.07.jar:23.9.0.25.07]
	at oracle.jdbc.driver.T4CTTIfun.processError(T4CTTIfun.java:1704) ~[ojdbc11-23.9.0.25.07.jar:23.9.0.25.07]
	at oracle.jdbc.driver.T4CTTIoauthenticate.processError(T4CTTIoauthenticate.java:936) ~[ojdbc11-23.9.0.25.07.jar:23.9.0.25.07]
	at oracle.jdbc.driver.T4CTTIfun.receive(T4CTTIfun.java:972) ~[ojdbc11-23.9.0.25.07.jar:23.9.0.25.07]
	at oracle.jdbc.driver.T4CTTIfun.doRPC(T4CTTIfun.java:237) ~[ojdbc11-23.9.0.25.07.jar:23.9.0.25.07]
	at oracle.jdbc.driver.T4CTTIoauthenticate.doOAUTH(T4CTTIoauthenticate.java:547) ~[ojdbc11-23.9.0.25.07.jar:23.9.0.25.07]
	at oracle.jdbc.driver.T4CTTIoauthenticate.doOAUTHWithO5Logon(T4CTTIoauthenticate.java:1746) ~[ojdbc11-23.9.0.25.07.jar:23.9.0.25.07]
	at oracle.jdbc.driver.T4CTTIoauthenticate.doOAUTH(T4CTTIoauthenticate.java:1493) ~[ojdbc11-23.9.0.25.07.jar:23.9.0.25.07]
	at oracle.jdbc.driver.T4CTTIoauthenticate.doOAUTH(T4CTTIoauthenticate.java:1433) ~[ojdbc11-23.9.0.25.07.jar:23.9.0.25.07]
	at oracle.jdbc.driver.T4CConnection.authenticateWithPassword(T4CConnection.java:2353) ~[ojdbc11-23.9.0.25.07.jar:23.9.0.25.07]
	at oracle.jdbc.driver.T4CConnection.authenticateUserForLogon(T4CConnection.java:2290) ~[ojdbc11-23.9.0.25.07.jar:23.9.0.25.07]
	at oracle.jdbc.driver.T4CConnection.logon(T4CConnection.java:1179) ~[ojdbc11-23.9.0.25.07.jar:23.9.0.25.07]
	at oracle.jdbc.driver.PhysicalConnection.connect(PhysicalConnection.java:1210) ~[ojdbc11-23.9.0.25.07.jar:23.9.0.25.07]
	at oracle.jdbc.driver.T4CDriverExtension.getConnection(T4CDriverExtension.java:106) ~[ojdbc11-23.9.0.25.07.jar:23.9.0.25.07]
	at oracle.jdbc.driver.OracleDriver.connect(OracleDriver.java:887) ~[ojdbc11-23.9.0.25.07.jar:23.9.0.25.07]
	at oracle.jdbc.driver.OracleDriver.connect(OracleDriver.java:694) ~[ojdbc11-23.9.0.25.07.jar:23.9.0.25.07]
	at com.zaxxer.hikari.util.DriverDataSource.getConnection(DriverDataSource.java:144) ~[HikariCP-7.0.2.jar:?]
	at com.zaxxer.hikari.pool.PoolBase.newConnection(PoolBase.java:373) ~[HikariCP-7.0.2.jar:?]
	at com.zaxxer.hikari.pool.PoolBase.newPoolEntry(PoolBase.java:210) ~[HikariCP-7.0.2.jar:?]
	at com.zaxxer.hikari.pool.HikariPool.createPoolEntry(HikariPool.java:488) ~[HikariCP-7.0.2.jar:?]
	at com.zaxxer.hikari.pool.HikariPool.checkFailFast(HikariPool.java:576) ~[HikariCP-7.0.2.jar:?]
	at com.zaxxer.hikari.pool.HikariPool.<init>(HikariPool.java:97) ~[HikariCP-7.0.2.jar:?]
	at com.zaxxer.hikari.HikariDataSource.getConnection(HikariDataSource.java:111) ~[HikariCP-7.0.2.jar:?]
	at org.hibernate.engine.jdbc.connections.internal.DataSourceConnectionProvider.getConnection(DataSourceConnectionProvider.java:137) ~[hibernate-core-7.2.4.Final.jar:7.2.4.Final]
	at org.hibernate.engine.jdbc.env.internal.JdbcEnvironmentInitiator$ConnectionProviderJdbcConnectionAccess.obtainConnection(JdbcEnvironmentInitiator.java:508) ~[hibernate-core-7.2.4.Final.jar:7.2.4.Final]
	at org.hibernate.resource.transaction.backend.jdbc.internal.JdbcIsolationDelegate.delegateWork(JdbcIsolationDelegate.java:48) ~[hibernate-core-7.2.4.Final.jar:7.2.4.Final]
	... 125 more

2026-03-02 14:40:28.617  WARN o.h.o.deprecation                        : HHH90000025: OracleDialect does not need to be specified explicitly using 'hibernate.dialect' (remove the property setting and it will be selected by default)
2026-03-02 14:40:28.710  INFO o.h.o.c.pooling                          : HHH10001005: Database info:
	Database JDBC URL [undefined/unknown]
	Database driver: undefined/unknown
	Database dialect: OracleDialect
	Database version: 19.0
	Default catalog/schema: unknown/unknown
	Autocommit mode: undefined/unknown
	Isolation level: NONE [default NONE]
	JDBC fetch size: undefined/unknown
	Pool: DataSourceConnectionProvider
	Minimum pool size: undefined/unknown
	Maximum pool size: undefined/unknown
2026-03-02 14:40:34.708  INFO o.h.o.core                               : HHH000489: No JTA platform available (set 'hibernate.transaction.jta.platform' to enable JTA platform integration)
2026-03-02 14:40:34.795  INFO c.z.h.HikariDataSource                   : HikariPool-1 - Starting...
2026-03-02 14:40:37.921  WARN o.h.o.j.error                            : HHH000247: ErrorCode: 2391, SQLState: 61000
2026-03-02 14:40:37.921  WARN o.h.o.j.error                            : ORA-02391: exceeded simultaneous SESSIONS_PER_USER limit

https://docs.oracle.com/error-help/db/ora-02391/
2026-03-02 14:40:37.930 ERROR j.LocalContainerEntityManagerFactoryBean : Failed to initialize JPA EntityManagerFactory: Unable to build Hibernate SessionFactory  [persistence unit: default] ; nested exception is org.hibernate.exception.GenericJDBCException: Unable to open JDBC Connection for DDL execution [ORA-02391: exceeded simultaneous SESSIONS_PER_USER limit

https://docs.oracle.com/error-help/db/ora-02391/] [n/a]
2026-03-02 14:40:37.934 ERROR t.s.DeferredServletContainerInitializers : Error starting Tomcat context. Exception: org.springframework.beans.factory.UnsatisfiedDependencyException. Message: Error creating bean with name 'jwtAuthFilter' defined in file [C:\Users\ADMIN\Downloads\Revpay\Revpay1\target\classes\com\rev\app\security\JwtAuthFilter.class]: Unsatisfied dependency expressed through constructor parameter 1: Error creating bean with name 'customUserDetailsService' defined in file [C:\Users\ADMIN\Downloads\Revpay\Revpay1\target\classes\com\rev\app\security\CustomUserDetailsService.class]: Unsatisfied dependency expressed through constructor parameter 0: Error creating bean with name 'IUserRepository' defined in com.rev.app.repository.IUserRepository defined in @EnableJpaRepositories declared on DataJpaRepositoriesRegistrar.EnableJpaRepositoriesConfiguration: Cannot resolve reference to bean 'jpaSharedEM_entityManagerFactory' while setting bean property 'entityManager'
2026-03-02 14:40:38.041  INFO o.a.c.c.StandardService                  : Stopping service [Tomcat]
2026-03-02 14:40:38.052  WARN o.a.c.l.WebappClassLoaderBase            : The web application [ROOT] appears to have started a thread named [oracle.jdbc.diagnostics.Diagnostic.CLOCK] but has failed to stop it. This is very likely to create a memory leak. Stack trace of thread:
 java.base/java.lang.Object.wait0(Native Method)
 java.base/java.lang.Object.wait(Object.java:389)
 java.base/java.util.TimerThread.mainLoop(Timer.java:569)
 java.base/java.util.TimerThread.run(Timer.java:522)
2026-03-02 14:40:38.053  WARN o.a.c.l.WebappClassLoaderBase            : The web application [ROOT] appears to have started a thread named [oracle.jdbc.driver.BlockSource.ThreadedCachingBlockSource.BlockReleaser] but has failed to stop it. This is very likely to create a memory leak. Stack trace of thread:
 java.base/jdk.internal.misc.Unsafe.park(Native Method)
 java.base/java.util.concurrent.locks.LockSupport.parkNanos(LockSupport.java:271)
 java.base/java.util.concurrent.locks.AbstractQueuedSynchronizer$ConditionObject.awaitNanos(AbstractQueuedSynchronizer.java:1803)
 oracle.jdbc.internal.Monitor$WaitableMonitor.monitorWait(Monitor.java:325)
 oracle.jdbc.internal.Monitor$WaitableMonitor.monitorWait(Monitor.java:307)
 oracle.jdbc.driver.BlockSource$ThreadedCachingBlockSource$BlockReleaser.run(BlockSource.java:347)
2026-03-02 14:40:38.053  WARN o.a.c.l.WebappClassLoaderBase            : The web application [ROOT] appears to have started a thread named [InterruptTimer] but has failed to stop it. This is very likely to create a memory leak. Stack trace of thread:
 java.base/java.lang.Object.wait0(Native Method)
 java.base/java.lang.Object.wait(Object.java:389)
 java.base/java.util.TimerThread.mainLoop(Timer.java:569)
 java.base/java.util.TimerThread.run(Timer.java:522)
2026-03-02 14:40:38.055  WARN ConfigServletWebServerApplicationContext : Exception encountered during context initialization - cancelling refresh attempt: org.springframework.context.ApplicationContextException: Unable to start web server
2026-03-02 14:40:38.079  INFO .s.b.a.l.ConditionEvaluationReportLogger : 

Error starting ApplicationContext. To display the condition evaluation report re-run your application with 'debug' enabled.
2026-03-02 14:40:38.184 ERROR o.s.b.SpringApplication                  : Application run failed

org.springframework.context.ApplicationContextException: Unable to start web server
	at org.springframework.boot.web.server.servlet.context.ServletWebServerApplicationContext.onRefresh(ServletWebServerApplicationContext.java:167) ~[spring-boot-web-server-4.0.3.jar:4.0.3]
	at org.springframework.context.support.AbstractApplicationContext.refresh(AbstractApplicationContext.java:615) ~[spring-context-7.0.5.jar:7.0.5]
	at org.springframework.boot.web.server.servlet.context.ServletWebServerApplicationContext.refresh(ServletWebServerApplicationContext.java:143) ~[spring-boot-web-server-4.0.3.jar:4.0.3]
	at org.springframework.boot.SpringApplication.refresh(SpringApplication.java:756) [spring-boot-4.0.3.jar:4.0.3]
	at org.springframework.boot.SpringApplication.refreshContext(SpringApplication.java:445) [spring-boot-4.0.3.jar:4.0.3]
	at org.springframework.boot.SpringApplication.run(SpringApplication.java:321) [spring-boot-4.0.3.jar:4.0.3]
	at org.springframework.boot.SpringApplication.run(SpringApplication.java:1365) [spring-boot-4.0.3.jar:4.0.3]
	at org.springframework.boot.SpringApplication.run(SpringApplication.java:1354) [spring-boot-4.0.3.jar:4.0.3]
	at com.rev.app.Revpay1Application.main(Revpay1Application.java:14) [classes/:?]
	at java.base/jdk.internal.reflect.DirectMethodHandleAccessor.invoke(DirectMethodHandleAccessor.java:104) ~[?:?]
	at java.base/java.lang.reflect.Method.invoke(Method.java:565) ~[?:?]
	at org.springframework.boot.devtools.restart.RestartLauncher.run(RestartLauncher.java:52) [spring-boot-devtools-4.0.3.jar:4.0.3]
Caused by: org.springframework.boot.web.server.WebServerException: Unable to start embedded Tomcat
	at org.springframework.boot.tomcat.TomcatWebServer.initialize(TomcatWebServer.java:150) ~[spring-boot-tomcat-4.0.3.jar:4.0.3]
	at org.springframework.boot.tomcat.TomcatWebServer.<init>(TomcatWebServer.java:110) ~[spring-boot-tomcat-4.0.3.jar:4.0.3]
	at org.springframework.boot.tomcat.servlet.TomcatServletWebServerFactory.getTomcatWebServer(TomcatServletWebServerFactory.java:408) ~[spring-boot-tomcat-4.0.3.jar:4.0.3]
	at org.springframework.boot.tomcat.servlet.TomcatServletWebServerFactory.getWebServer(TomcatServletWebServerFactory.java:166) ~[spring-boot-tomcat-4.0.3.jar:4.0.3]
	at org.springframework.boot.web.server.servlet.context.ServletWebServerApplicationContext.createWebServer(ServletWebServerApplicationContext.java:190) ~[spring-boot-web-server-4.0.3.jar:4.0.3]
	at org.springframework.boot.web.server.servlet.context.ServletWebServerApplicationContext.onRefresh(ServletWebServerApplicationContext.java:164) ~[spring-boot-web-server-4.0.3.jar:4.0.3]
	... 11 more
Caused by: org.springframework.beans.factory.UnsatisfiedDependencyException: Error creating bean with name 'jwtAuthFilter' defined in file [C:\Users\ADMIN\Downloads\Revpay\Revpay1\target\classes\com\rev\app\security\JwtAuthFilter.class]: Unsatisfied dependency expressed through constructor parameter 1: Error creating bean with name 'customUserDetailsService' defined in file [C:\Users\ADMIN\Downloads\Revpay\Revpay1\target\classes\com\rev\app\security\CustomUserDetailsService.class]: Unsatisfied dependency expressed through constructor parameter 0: Error creating bean with name 'IUserRepository' defined in com.rev.app.repository.IUserRepository defined in @EnableJpaRepositories declared on DataJpaRepositoriesRegistrar.EnableJpaRepositoriesConfiguration: Cannot resolve reference to bean 'jpaSharedEM_entityManagerFactory' while setting bean property 'entityManager'
	at org.springframework.beans.factory.support.ConstructorResolver.createArgumentArray(ConstructorResolver.java:804) ~[spring-beans-7.0.5.jar:7.0.5]
	at org.springframework.beans.factory.support.ConstructorResolver.autowireConstructor(ConstructorResolver.java:240) ~[spring-beans-7.0.5.jar:7.0.5]
	at org.springframework.beans.factory.support.AbstractAutowireCapableBeanFactory.autowireConstructor(AbstractAutowireCapableBeanFactory.java:1382) ~[spring-beans-7.0.5.jar:7.0.5]
	at org.springframework.beans.factory.support.AbstractAutowireCapableBeanFactory.createBeanInstance(AbstractAutowireCapableBeanFactory.java:1221) ~[spring-beans-7.0.5.jar:7.0.5]
	at org.springframework.beans.factory.support.AbstractAutowireCapableBeanFactory.doCreateBean(AbstractAutowireCapableBeanFactory.java:565) ~[spring-beans-7.0.5.jar:7.0.5]
	at org.springframework.beans.factory.support.AbstractAutowireCapableBeanFactory.createBean(AbstractAutowireCapableBeanFactory.java:525) ~[spring-beans-7.0.5.jar:7.0.5]
	at org.springframework.beans.factory.support.AbstractBeanFactory.lambda$doGetBean$0(AbstractBeanFactory.java:333) ~[spring-beans-7.0.5.jar:7.0.5]
	at org.springframework.beans.factory.support.DefaultSingletonBeanRegistry.getSingleton(DefaultSingletonBeanRegistry.java:371) ~[spring-beans-7.0.5.jar:7.0.5]
	at org.springframework.beans.factory.support.AbstractBeanFactory.doGetBean(AbstractBeanFactory.java:331) ~[spring-beans-7.0.5.jar:7.0.5]
	at org.springframework.beans.factory.support.AbstractBeanFactory.getBean(AbstractBeanFactory.java:201) ~[spring-beans-7.0.5.jar:7.0.5]
	at org.springframework.boot.web.servlet.ServletContextInitializerBeans.getOrderedBeansOfType(ServletContextInitializerBeans.java:231) ~[spring-boot-4.0.3.jar:4.0.3]
	at org.springframework.boot.web.servlet.ServletContextInitializerBeans.addAsRegistrationBean(ServletContextInitializerBeans.java:185) ~[spring-boot-4.0.3.jar:4.0.3]
	at org.springframework.boot.web.servlet.ServletContextInitializerBeans.addAsRegistrationBean(ServletContextInitializerBeans.java:180) ~[spring-boot-4.0.3.jar:4.0.3]
	at org.springframework.boot.web.servlet.ServletContextInitializerBeans.addAdaptableBeans(ServletContextInitializerBeans.java:165) ~[spring-boot-4.0.3.jar:4.0.3]
	at org.springframework.boot.web.servlet.ServletContextInitializerBeans.<init>(ServletContextInitializerBeans.java:97) ~[spring-boot-4.0.3.jar:4.0.3]
	at org.springframework.boot.web.context.servlet.WebApplicationContextInitializer.initialize(WebApplicationContextInitializer.java:53) ~[spring-boot-4.0.3.jar:4.0.3]
	at org.springframework.boot.tomcat.servlet.DeferredServletContainerInitializers.onStartup(DeferredServletContainerInitializers.java:55) ~[spring-boot-tomcat-4.0.3.jar:4.0.3]
	at org.apache.catalina.core.StandardContext.startInternal(StandardContext.java:4416) ~[tomcat-embed-core-11.0.18.jar:11.0.18]
	at org.apache.catalina.util.LifecycleBase.start(LifecycleBase.java:164) ~[tomcat-embed-core-11.0.18.jar:11.0.18]
	at org.apache.catalina.core.ContainerBase$StartChild.call(ContainerBase.java:1162) ~[tomcat-embed-core-11.0.18.jar:11.0.18]
	at org.apache.catalina.core.ContainerBase$StartChild.call(ContainerBase.java:1158) ~[tomcat-embed-core-11.0.18.jar:11.0.18]
	at java.base/java.util.concurrent.FutureTask.run(FutureTask.java:328) ~[?:?]
	at org.apache.tomcat.util.threads.InlineExecutorService.execute(InlineExecutorService.java:81) ~[tomcat-embed-core-11.0.18.jar:11.0.18]
	at java.base/java.util.concurrent.AbstractExecutorService.submit(AbstractExecutorService.java:149) ~[?:?]
	at org.apache.catalina.core.ContainerBase.startInternal(ContainerBase.java:714) ~[tomcat-embed-core-11.0.18.jar:11.0.18]
	at org.apache.catalina.core.StandardHost.startInternal(StandardHost.java:780) ~[tomcat-embed-core-11.0.18.jar:11.0.18]
	at org.apache.catalina.util.LifecycleBase.start(LifecycleBase.java:164) ~[tomcat-embed-core-11.0.18.jar:11.0.18]
	at org.apache.catalina.core.ContainerBase$StartChild.call(ContainerBase.java:1162) ~[tomcat-embed-core-11.0.18.jar:11.0.18]
	at org.apache.catalina.core.ContainerBase$StartChild.call(ContainerBase.java:1158) ~[tomcat-embed-core-11.0.18.jar:11.0.18]
	at java.base/java.util.concurrent.FutureTask.run(FutureTask.java:328) ~[?:?]
	at org.apache.tomcat.util.threads.InlineExecutorService.execute(InlineExecutorService.java:81) ~[tomcat-embed-core-11.0.18.jar:11.0.18]
	at java.base/java.util.concurrent.AbstractExecutorService.submit(AbstractExecutorService.java:149) ~[?:?]
	at org.apache.catalina.core.ContainerBase.startInternal(ContainerBase.java:714) ~[tomcat-embed-core-11.0.18.jar:11.0.18]
	at org.apache.catalina.core.StandardEngine.startInternal(StandardEngine.java:201) ~[tomcat-embed-core-11.0.18.jar:11.0.18]
	at org.apache.catalina.util.LifecycleBase.start(LifecycleBase.java:164) ~[tomcat-embed-core-11.0.18.jar:11.0.18]
	at org.apache.catalina.core.StandardService.startInternal(StandardService.java:410) ~[tomcat-embed-core-11.0.18.jar:11.0.18]
	at org.apache.catalina.util.LifecycleBase.start(LifecycleBase.java:164) ~[tomcat-embed-core-11.0.18.jar:11.0.18]
	at org.apache.catalina.core.StandardServer.startInternal(StandardServer.java:864) ~[tomcat-embed-core-11.0.18.jar:11.0.18]
	at org.apache.catalina.util.LifecycleBase.start(LifecycleBase.java:164) ~[tomcat-embed-core-11.0.18.jar:11.0.18]
	at org.apache.catalina.startup.Tomcat.start(Tomcat.java:435) ~[tomcat-embed-core-11.0.18.jar:11.0.18]
	at org.springframework.boot.tomcat.TomcatWebServer.initialize(TomcatWebServer.java:131) ~[spring-boot-tomcat-4.0.3.jar:4.0.3]
	... 16 more
Caused by: org.springframework.beans.factory.UnsatisfiedDependencyException: Error creating bean with name 'customUserDetailsService' defined in file [C:\Users\ADMIN\Downloads\Revpay\Revpay1\target\classes\com\rev\app\security\CustomUserDetailsService.class]: Unsatisfied dependency expressed through constructor parameter 0: Error creating bean with name 'IUserRepository' defined in com.rev.app.repository.IUserRepository defined in @EnableJpaRepositories declared on DataJpaRepositoriesRegistrar.EnableJpaRepositoriesConfiguration: Cannot resolve reference to bean 'jpaSharedEM_entityManagerFactory' while setting bean property 'entityManager'
	at org.springframework.beans.factory.support.ConstructorResolver.createArgumentArray(ConstructorResolver.java:804) ~[spring-beans-7.0.5.jar:7.0.5]
	at org.springframework.beans.factory.support.ConstructorResolver.autowireConstructor(ConstructorResolver.java:240) ~[spring-beans-7.0.5.jar:7.0.5]
	at org.springframework.beans.factory.support.AbstractAutowireCapableBeanFactory.autowireConstructor(AbstractAutowireCapableBeanFactory.java:1382) ~[spring-beans-7.0.5.jar:7.0.5]
	at org.springframework.beans.factory.support.AbstractAutowireCapableBeanFactory.createBeanInstance(AbstractAutowireCapableBeanFactory.java:1221) ~[spring-beans-7.0.5.jar:7.0.5]
	at org.springframework.beans.factory.support.AbstractAutowireCapableBeanFactory.doCreateBean(AbstractAutowireCapableBeanFactory.java:565) ~[spring-beans-7.0.5.jar:7.0.5]
	at org.springframework.beans.factory.support.AbstractAutowireCapableBeanFactory.createBean(AbstractAutowireCapableBeanFactory.java:525) ~[spring-beans-7.0.5.jar:7.0.5]
	at org.springframework.beans.factory.support.AbstractBeanFactory.lambda$doGetBean$0(AbstractBeanFactory.java:333) ~[spring-beans-7.0.5.jar:7.0.5]
	at org.springframework.beans.factory.support.DefaultSingletonBeanRegistry.getSingleton(DefaultSingletonBeanRegistry.java:371) ~[spring-beans-7.0.5.jar:7.0.5]
	at org.springframework.beans.factory.support.AbstractBeanFactory.doGetBean(AbstractBeanFactory.java:331) ~[spring-beans-7.0.5.jar:7.0.5]
	at org.springframework.beans.factory.support.AbstractBeanFactory.getBean(AbstractBeanFactory.java:201) ~[spring-beans-7.0.5.jar:7.0.5]
	at org.springframework.beans.factory.support.DefaultListableBeanFactory.resolveBean(DefaultListableBeanFactory.java:1225) ~[spring-beans-7.0.5.jar:7.0.5]
	at org.springframework.beans.factory.support.DefaultListableBeanFactory.doResolveDependency(DefaultListableBeanFactory.java:1704) ~[spring-beans-7.0.5.jar:7.0.5]
	at org.springframework.beans.factory.support.DefaultListableBeanFactory.resolveDependency(DefaultListableBeanFactory.java:1651) ~[spring-beans-7.0.5.jar:7.0.5]
	at org.springframework.beans.factory.support.ConstructorResolver.resolveAutowiredArgument(ConstructorResolver.java:912) ~[spring-beans-7.0.5.jar:7.0.5]
	at org.springframework.beans.factory.support.ConstructorResolver.createArgumentArray(ConstructorResolver.java:791) ~[spring-beans-7.0.5.jar:7.0.5]
	... 56 more
Caused by: org.springframework.beans.factory.BeanCreationException: Error creating bean with name 'IUserRepository' defined in com.rev.app.repository.IUserRepository defined in @EnableJpaRepositories declared on DataJpaRepositoriesRegistrar.EnableJpaRepositoriesConfiguration: Cannot resolve reference to bean 'jpaSharedEM_entityManagerFactory' while setting bean property 'entityManager'
	at org.springframework.beans.factory.support.BeanDefinitionValueResolver.resolveReference(BeanDefinitionValueResolver.java:377) ~[spring-beans-7.0.5.jar:7.0.5]
	at org.springframework.beans.factory.support.BeanDefinitionValueResolver.resolveValueIfNecessary(BeanDefinitionValueResolver.java:135) ~[spring-beans-7.0.5.jar:7.0.5]
	at org.springframework.beans.factory.support.AbstractAutowireCapableBeanFactory.applyPropertyValues(AbstractAutowireCapableBeanFactory.java:1712) ~[spring-beans-7.0.5.jar:7.0.5]
	at org.springframework.beans.factory.support.AbstractAutowireCapableBeanFactory.populateBean(AbstractAutowireCapableBeanFactory.java:1461) ~[spring-beans-7.0.5.jar:7.0.5]
	at org.springframework.beans.factory.support.AbstractAutowireCapableBeanFactory.doCreateBean(AbstractAutowireCapableBeanFactory.java:602) ~[spring-beans-7.0.5.jar:7.0.5]
	at org.springframework.beans.factory.support.AbstractAutowireCapableBeanFactory.createBean(AbstractAutowireCapableBeanFactory.java:525) ~[spring-beans-7.0.5.jar:7.0.5]
	at org.springframework.beans.factory.support.AbstractBeanFactory.lambda$doGetBean$0(AbstractBeanFactory.java:333) ~[spring-beans-7.0.5.jar:7.0.5]
	at org.springframework.beans.factory.support.DefaultSingletonBeanRegistry.getSingleton(DefaultSingletonBeanRegistry.java:371) ~[spring-beans-7.0.5.jar:7.0.5]
	at org.springframework.beans.factory.support.AbstractBeanFactory.doGetBean(AbstractBeanFactory.java:331) ~[spring-beans-7.0.5.jar:7.0.5]
	at org.springframework.beans.factory.support.AbstractBeanFactory.getBean(AbstractBeanFactory.java:201) ~[spring-beans-7.0.5.jar:7.0.5]
	at org.springframework.beans.factory.config.DependencyDescriptor.resolveCandidate(DependencyDescriptor.java:229) ~[spring-beans-7.0.5.jar:7.0.5]
	at org.springframework.beans.factory.support.DefaultListableBeanFactory.doResolveDependency(DefaultListableBeanFactory.java:1762) ~[spring-beans-7.0.5.jar:7.0.5]
	at org.springframework.beans.factory.support.DefaultListableBeanFactory.resolveDependency(DefaultListableBeanFactory.java:1651) ~[spring-beans-7.0.5.jar:7.0.5]
	at org.springframework.beans.factory.support.ConstructorResolver.resolveAutowiredArgument(ConstructorResolver.java:912) ~[spring-beans-7.0.5.jar:7.0.5]
	at org.springframework.beans.factory.support.ConstructorResolver.createArgumentArray(ConstructorResolver.java:791) ~[spring-beans-7.0.5.jar:7.0.5]
	... 70 more
Caused by: org.springframework.beans.factory.BeanCreationException: Error creating bean with name 'jpaSharedEM_entityManagerFactory': Cannot resolve reference to bean 'entityManagerFactory' while setting constructor argument
	at org.springframework.beans.factory.support.BeanDefinitionValueResolver.resolveReference(BeanDefinitionValueResolver.java:377) ~[spring-beans-7.0.5.jar:7.0.5]
	at org.springframework.beans.factory.support.BeanDefinitionValueResolver.resolveValueIfNecessary(BeanDefinitionValueResolver.java:135) ~[spring-beans-7.0.5.jar:7.0.5]
	at org.springframework.beans.factory.support.ConstructorResolver.resolveConstructorArguments(ConstructorResolver.java:691) ~[spring-beans-7.0.5.jar:7.0.5]
	at org.springframework.beans.factory.support.ConstructorResolver.instantiateUsingFactoryMethod(ConstructorResolver.java:513) ~[spring-beans-7.0.5.jar:7.0.5]
	at org.springframework.beans.factory.support.AbstractAutowireCapableBeanFactory.instantiateUsingFactoryMethod(AbstractAutowireCapableBeanFactory.java:1362) ~[spring-beans-7.0.5.jar:7.0.5]
	at org.springframework.beans.factory.support.AbstractAutowireCapableBeanFactory.createBeanInstance(AbstractAutowireCapableBeanFactory.java:1194) ~[spring-beans-7.0.5.jar:7.0.5]
	at org.springframework.beans.factory.support.AbstractAutowireCapableBeanFactory.doCreateBean(AbstractAutowireCapableBeanFactory.java:565) ~[spring-beans-7.0.5.jar:7.0.5]
	at org.springframework.beans.factory.support.AbstractAutowireCapableBeanFactory.createBean(AbstractAutowireCapableBeanFactory.java:525) ~[spring-beans-7.0.5.jar:7.0.5]
	at org.springframework.beans.factory.support.AbstractBeanFactory.lambda$doGetBean$0(AbstractBeanFactory.java:333) ~[spring-beans-7.0.5.jar:7.0.5]
	at org.springframework.beans.factory.support.DefaultSingletonBeanRegistry.getSingleton(DefaultSingletonBeanRegistry.java:371) ~[spring-beans-7.0.5.jar:7.0.5]
	at org.springframework.beans.factory.support.AbstractBeanFactory.doGetBean(AbstractBeanFactory.java:331) ~[spring-beans-7.0.5.jar:7.0.5]
	at org.springframework.beans.factory.support.AbstractBeanFactory.getBean(AbstractBeanFactory.java:201) ~[spring-beans-7.0.5.jar:7.0.5]
	at org.springframework.beans.factory.support.BeanDefinitionValueResolver.resolveReference(BeanDefinitionValueResolver.java:356) ~[spring-beans-7.0.5.jar:7.0.5]
	... 84 more
Caused by: org.springframework.beans.factory.BeanCreationException: Error creating bean with name 'entityManagerFactory' defined in class path resource [org/springframework/boot/hibernate/autoconfigure/HibernateJpaConfiguration.class]: Unable to build Hibernate SessionFactory  [persistence unit: default] ; nested exception is org.hibernate.exception.GenericJDBCException: Unable to open JDBC Connection for DDL execution [ORA-02391: exceeded simultaneous SESSIONS_PER_USER limit

https://docs.oracle.com/error-help/db/ora-02391/] [n/a]
	at org.springframework.beans.factory.support.AbstractAutowireCapableBeanFactory.initializeBean(AbstractAutowireCapableBeanFactory.java:1817) ~[spring-beans-7.0.5.jar:7.0.5]
	at org.springframework.beans.factory.support.AbstractAutowireCapableBeanFactory.doCreateBean(AbstractAutowireCapableBeanFactory.java:603) ~[spring-beans-7.0.5.jar:7.0.5]
	at org.springframework.beans.factory.support.AbstractAutowireCapableBeanFactory.createBean(AbstractAutowireCapableBeanFactory.java:525) ~[spring-beans-7.0.5.jar:7.0.5]
	at org.springframework.beans.factory.support.AbstractBeanFactory.lambda$doGetBean$0(AbstractBeanFactory.java:333) ~[spring-beans-7.0.5.jar:7.0.5]
	at org.springframework.beans.factory.support.DefaultSingletonBeanRegistry.getSingleton(DefaultSingletonBeanRegistry.java:371) ~[spring-beans-7.0.5.jar:7.0.5]
	at org.springframework.beans.factory.support.AbstractBeanFactory.doGetBean(AbstractBeanFactory.java:331) ~[spring-beans-7.0.5.jar:7.0.5]
	at org.springframework.beans.factory.support.AbstractBeanFactory.getBean(AbstractBeanFactory.java:196) ~[spring-beans-7.0.5.jar:7.0.5]
	at org.springframework.beans.factory.support.BeanDefinitionValueResolver.resolveReference(BeanDefinitionValueResolver.java:365) ~[spring-beans-7.0.5.jar:7.0.5]
	... 96 more
Caused by: jakarta.persistence.PersistenceException: Unable to build Hibernate SessionFactory  [persistence unit: default] ; nested exception is org.hibernate.exception.GenericJDBCException: Unable to open JDBC Connection for DDL execution [ORA-02391: exceeded simultaneous SESSIONS_PER_USER limit

https://docs.oracle.com/error-help/db/ora-02391/] [n/a]
	at org.springframework.orm.jpa.AbstractEntityManagerFactoryBean.buildNativeEntityManagerFactory(AbstractEntityManagerFactoryBean.java:448) ~[spring-orm-7.0.5.jar:7.0.5]
	at org.springframework.orm.jpa.AbstractEntityManagerFactoryBean.afterPropertiesSet(AbstractEntityManagerFactoryBean.java:411) ~[spring-orm-7.0.5.jar:7.0.5]
	at org.springframework.orm.jpa.LocalContainerEntityManagerFactoryBean.afterPropertiesSet(LocalContainerEntityManagerFactoryBean.java:419) ~[spring-orm-7.0.5.jar:7.0.5]
	at org.springframework.beans.factory.support.AbstractAutowireCapableBeanFactory.invokeInitMethods(AbstractAutowireCapableBeanFactory.java:1864) ~[spring-beans-7.0.5.jar:7.0.5]
	at org.springframework.beans.factory.support.AbstractAutowireCapableBeanFactory.initializeBean(AbstractAutowireCapableBeanFactory.java:1813) ~[spring-beans-7.0.5.jar:7.0.5]
	... 103 more
Caused by: org.hibernate.exception.GenericJDBCException: Unable to open JDBC Connection for DDL execution [ORA-02391: exceeded simultaneous SESSIONS_PER_USER limit

https://docs.oracle.com/error-help/db/ora-02391/] [n/a]
	at org.hibernate.exception.internal.StandardSQLExceptionConverter.convert(StandardSQLExceptionConverter.java:39) ~[hibernate-core-7.2.4.Final.jar:7.2.4.Final]
	at org.hibernate.engine.jdbc.spi.SqlExceptionHelper.convert(SqlExceptionHelper.java:115) ~[hibernate-core-7.2.4.Final.jar:7.2.4.Final]
	at org.hibernate.engine.jdbc.spi.SqlExceptionHelper.convert(SqlExceptionHelper.java:101) ~[hibernate-core-7.2.4.Final.jar:7.2.4.Final]
	at org.hibernate.resource.transaction.backend.jdbc.internal.DdlTransactionIsolatorNonJtaImpl.getIsolatedConnection(DdlTransactionIsolatorNonJtaImpl.java:71) ~[hibernate-core-7.2.4.Final.jar:7.2.4.Final]
	at org.hibernate.resource.transaction.backend.jdbc.internal.DdlTransactionIsolatorNonJtaImpl.getIsolatedConnection(DdlTransactionIsolatorNonJtaImpl.java:37) ~[hibernate-core-7.2.4.Final.jar:7.2.4.Final]
	at org.hibernate.tool.schema.internal.exec.ImprovedExtractionContextImpl.getJdbcConnection(ImprovedExtractionContextImpl.java:61) ~[hibernate-core-7.2.4.Final.jar:7.2.4.Final]
	at org.hibernate.tool.schema.extract.spi.ExtractionContext.getQueryResults(ExtractionContext.java:41) ~[hibernate-core-7.2.4.Final.jar:7.2.4.Final]
	at org.hibernate.tool.schema.extract.internal.SequenceInformationExtractorLegacyImpl.extractMetadata(SequenceInformationExtractorLegacyImpl.java:36) ~[hibernate-core-7.2.4.Final.jar:7.2.4.Final]
	at org.hibernate.tool.schema.extract.internal.DatabaseInformationImpl.initializeSequences(DatabaseInformationImpl.java:73) ~[hibernate-core-7.2.4.Final.jar:7.2.4.Final]
	at org.hibernate.tool.schema.extract.internal.DatabaseInformationImpl.<init>(DatabaseInformationImpl.java:63) ~[hibernate-core-7.2.4.Final.jar:7.2.4.Final]
	at org.hibernate.tool.schema.extract.internal.CachingDatabaseInformationImpl.<init>(CachingDatabaseInformationImpl.java:43) ~[hibernate-core-7.2.4.Final.jar:7.2.4.Final]
	at org.hibernate.tool.schema.internal.GroupedSchemaMigratorImpl.buildDatabaseInformation(GroupedSchemaMigratorImpl.java:112) ~[hibernate-core-7.2.4.Final.jar:7.2.4.Final]
	at org.hibernate.tool.schema.internal.AbstractSchemaMigrator.doMigration(AbstractSchemaMigrator.java:83) ~[hibernate-core-7.2.4.Final.jar:7.2.4.Final]
	at org.hibernate.tool.schema.spi.SchemaManagementToolCoordinator.performDatabaseAction(SchemaManagementToolCoordinator.java:269) ~[hibernate-core-7.2.4.Final.jar:7.2.4.Final]
	at org.hibernate.tool.schema.spi.SchemaManagementToolCoordinator.lambda$process$1(SchemaManagementToolCoordinator.java:101) ~[hibernate-core-7.2.4.Final.jar:7.2.4.Final]
	at java.base/java.util.HashMap.forEach(HashMap.java:1430) ~[?:?]
	at org.hibernate.tool.schema.spi.SchemaManagementToolCoordinator.process(SchemaManagementToolCoordinator.java:100) ~[hibernate-core-7.2.4.Final.jar:7.2.4.Final]
	at org.hibernate.boot.internal.SessionFactoryObserverForSchemaExport.sessionFactoryCreated(SessionFactoryObserverForSchemaExport.java:35) ~[hibernate-core-7.2.4.Final.jar:7.2.4.Final]
	at org.hibernate.internal.SessionFactoryObserverChain.sessionFactoryCreated(SessionFactoryObserverChain.java:33) ~[hibernate-core-7.2.4.Final.jar:7.2.4.Final]
	at org.hibernate.internal.SessionFactoryImpl.<init>(SessionFactoryImpl.java:323) ~[hibernate-core-7.2.4.Final.jar:7.2.4.Final]
	at org.hibernate.internal.SessionFactoryRegistry.instantiateSessionFactory(SessionFactoryRegistry.java:64) ~[hibernate-core-7.2.4.Final.jar:7.2.4.Final]
	at org.hibernate.boot.internal.SessionFactoryBuilderImpl.build(SessionFactoryBuilderImpl.java:437) ~[hibernate-core-7.2.4.Final.jar:7.2.4.Final]
	at org.hibernate.jpa.boot.internal.EntityManagerFactoryBuilderImpl.build(EntityManagerFactoryBuilderImpl.java:1456) ~[hibernate-core-7.2.4.Final.jar:7.2.4.Final]
	at org.springframework.orm.jpa.vendor.SpringHibernateJpaPersistenceProvider.createContainerEntityManagerFactory(SpringHibernateJpaPersistenceProvider.java:93) ~[spring-orm-7.0.5.jar:7.0.5]
	at org.springframework.orm.jpa.LocalContainerEntityManagerFactoryBean.createNativeEntityManagerFactory(LocalContainerEntityManagerFactoryBean.java:443) ~[spring-orm-7.0.5.jar:7.0.5]
	at org.springframework.orm.jpa.AbstractEntityManagerFactoryBean.buildNativeEntityManagerFactory(AbstractEntityManagerFactoryBean.java:436) ~[spring-orm-7.0.5.jar:7.0.5]
	... 107 more
Caused by: java.sql.SQLException: ORA-02391: exceeded simultaneous SESSIONS_PER_USER limit

https://docs.oracle.com/error-help/db/ora-02391/
	at oracle.jdbc.driver.T4CTTIoer11.processError(T4CTTIoer11.java:715) ~[ojdbc11-23.9.0.25.07.jar:23.9.0.25.07]
	at oracle.jdbc.driver.T4CTTIoer11.processError(T4CTTIoer11.java:610) ~[ojdbc11-23.9.0.25.07.jar:23.9.0.25.07]
	at oracle.jdbc.driver.T4CTTIoer11.processError(T4CTTIoer11.java:605) ~[ojdbc11-23.9.0.25.07.jar:23.9.0.25.07]
	at oracle.jdbc.driver.T4CTTIfun.processError(T4CTTIfun.java:1704) ~[ojdbc11-23.9.0.25.07.jar:23.9.0.25.07]
	at oracle.jdbc.driver.T4CTTIoauthenticate.processError(T4CTTIoauthenticate.java:936) ~[ojdbc11-23.9.0.25.07.jar:23.9.0.25.07]
	at oracle.jdbc.driver.T4CTTIfun.receive(T4CTTIfun.java:972) ~[ojdbc11-23.9.0.25.07.jar:23.9.0.25.07]
	at oracle.jdbc.driver.T4CTTIfun.doRPC(T4CTTIfun.java:237) ~[ojdbc11-23.9.0.25.07.jar:23.9.0.25.07]
	at oracle.jdbc.driver.T4CTTIoauthenticate.doOAUTH(T4CTTIoauthenticate.java:547) ~[ojdbc11-23.9.0.25.07.jar:23.9.0.25.07]
	at oracle.jdbc.driver.T4CTTIoauthenticate.doOAUTHWithO5Logon(T4CTTIoauthenticate.java:1746) ~[ojdbc11-23.9.0.25.07.jar:23.9.0.25.07]
	at oracle.jdbc.driver.T4CTTIoauthenticate.doOAUTH(T4CTTIoauthenticate.java:1493) ~[ojdbc11-23.9.0.25.07.jar:23.9.0.25.07]
	at oracle.jdbc.driver.T4CTTIoauthenticate.doOAUTH(T4CTTIoauthenticate.java:1433) ~[ojdbc11-23.9.0.25.07.jar:23.9.0.25.07]
	at oracle.jdbc.driver.T4CConnection.authenticateWithPassword(T4CConnection.java:2353) ~[ojdbc11-23.9.0.25.07.jar:23.9.0.25.07]
	at oracle.jdbc.driver.T4CConnection.authenticateUserForLogon(T4CConnection.java:2290) ~[ojdbc11-23.9.0.25.07.jar:23.9.0.25.07]
	at oracle.jdbc.driver.T4CConnection.logon(T4CConnection.java:1179) ~[ojdbc11-23.9.0.25.07.jar:23.9.0.25.07]
	at oracle.jdbc.driver.PhysicalConnection.connect(PhysicalConnection.java:1210) ~[ojdbc11-23.9.0.25.07.jar:23.9.0.25.07]
	at oracle.jdbc.driver.T4CDriverExtension.getConnection(T4CDriverExtension.java:106) ~[ojdbc11-23.9.0.25.07.jar:23.9.0.25.07]
	at oracle.jdbc.driver.OracleDriver.connect(OracleDriver.java:887) ~[ojdbc11-23.9.0.25.07.jar:23.9.0.25.07]
	at oracle.jdbc.driver.OracleDriver.connect(OracleDriver.java:694) ~[ojdbc11-23.9.0.25.07.jar:23.9.0.25.07]
	at com.zaxxer.hikari.util.DriverDataSource.getConnection(DriverDataSource.java:144) ~[HikariCP-7.0.2.jar:?]
	at com.zaxxer.hikari.pool.PoolBase.newConnection(PoolBase.java:373) ~[HikariCP-7.0.2.jar:?]
	at com.zaxxer.hikari.pool.PoolBase.newPoolEntry(PoolBase.java:210) ~[HikariCP-7.0.2.jar:?]
	at com.zaxxer.hikari.pool.HikariPool.createPoolEntry(HikariPool.java:488) ~[HikariCP-7.0.2.jar:?]
	at com.zaxxer.hikari.pool.HikariPool.checkFailFast(HikariPool.java:576) ~[HikariCP-7.0.2.jar:?]
	at com.zaxxer.hikari.pool.HikariPool.<init>(HikariPool.java:97) ~[HikariCP-7.0.2.jar:?]
	at com.zaxxer.hikari.HikariDataSource.getConnection(HikariDataSource.java:111) ~[HikariCP-7.0.2.jar:?]
	at org.hibernate.engine.jdbc.connections.internal.DataSourceConnectionProvider.getConnection(DataSourceConnectionProvider.java:137) ~[hibernate-core-7.2.4.Final.jar:7.2.4.Final]
	at org.hibernate.engine.jdbc.env.internal.JdbcEnvironmentInitiator$ConnectionProviderJdbcConnectionAccess.obtainConnection(JdbcEnvironmentInitiator.java:508) ~[hibernate-core-7.2.4.Final.jar:7.2.4.Final]
	at org.hibernate.resource.transaction.backend.jdbc.internal.DdlTransactionIsolatorNonJtaImpl.getIsolatedConnection(DdlTransactionIsolatorNonJtaImpl.java:44) ~[hibernate-core-7.2.4.Final.jar:7.2.4.Final]
	... 129 more

2026-03-02 14:41:57.630  INFO rtingClassPathChangeChangedEventListener : Restarting due to 2 class path changes (0 additions, 1 deletion, 1 modification)
2026-03-02 14:41:57.645  INFO o.s.b.t.GracefulShutdown                 : Commencing graceful shutdown. Waiting for active requests to complete
2026-03-02 14:41:57.654  INFO o.a.c.h.Http11NioProtocol                : Pausing ProtocolHandler ["http-nio-8099"]
2026-03-02 14:41:57.667  INFO o.s.b.t.GracefulShutdown                 : Graceful shutdown complete
2026-03-02 14:41:57.668  INFO o.a.c.h.Http11NioProtocol                : Stopping ProtocolHandler ["http-nio-8099"]
2026-03-02 14:41:57.684  INFO j.LocalContainerEntityManagerFactoryBean : Closing JPA EntityManagerFactory for persistence unit 'default'
2026-03-02 14:41:57.697  INFO c.z.h.HikariDataSource                   : HikariPool-1 - Shutdown initiated...
2026-03-02 14:42:02.841  INFO c.z.h.HikariDataSource                   : HikariPool-1 - Shutdown completed.
2026-03-02 14:42:03.436  INFO c.r.a.Revpay1Application                 : Starting Revpay1Application using Java 25.0.1 with PID 15100 (C:\Users\ADMIN\Downloads\Revpay\Revpay1\target\classes started by ADMIN in C:\Users\ADMIN\Downloads\Revpay\Revpay1)
2026-03-02 14:42:03.437 DEBUG c.r.a.Revpay1Application                 : Running with Spring Boot v4.0.3, Spring v7.0.5
2026-03-02 14:42:03.438  INFO c.r.a.Revpay1Application                 : No active profile set, falling back to 1 default profile: "default"
2026-03-02 14:42:05.830  INFO .s.d.r.c.RepositoryConfigurationDelegate : Bootstrapping Spring Data JPA repositories in DEFAULT mode.
2026-03-02 14:42:06.034  INFO .s.d.r.c.RepositoryConfigurationDelegate : Finished Spring Data repository scanning in 200 ms. Found 10 JPA repository interfaces.
2026-03-02 14:42:06.900  INFO o.s.b.t.TomcatWebServer                  : Tomcat initialized with port 8099 (http)
2026-03-02 14:42:06.904  INFO o.a.c.h.Http11NioProtocol                : Initializing ProtocolHandler ["http-nio-8099"]
2026-03-02 14:42:06.905  INFO o.a.c.c.StandardService                  : Starting service [Tomcat]
2026-03-02 14:42:06.906  INFO o.a.c.c.StandardEngine                   : Starting Servlet engine: [Apache Tomcat/11.0.18]
2026-03-02 14:42:07.011  INFO b.w.c.s.WebApplicationContextInitializer : Root WebApplicationContext: initialization completed in 3548 ms
2026-03-02 14:42:07.204  INFO o.h.o.jpa                                : HHH008540: Processing PersistenceUnitInfo [name: default]
2026-03-02 14:42:07.371  INFO o.s.o.j.p.SpringPersistenceUnitInfo      : No LoadTimeWeaver setup: ignoring JPA class transformer
2026-03-02 14:42:07.376  INFO c.z.h.HikariDataSource                   : HikariPool-2 - Starting...
2026-03-02 14:42:09.281  INFO c.z.h.p.HikariPool                       : HikariPool-2 - Added connection oracle.jdbc.driver.T4CConnection@58e4f051
2026-03-02 14:42:09.281  INFO c.z.h.HikariDataSource                   : HikariPool-2 - Start completed.
2026-03-02 14:42:09.408  INFO c.r.a.Revpay1Application                 : Starting Revpay1Application using Java 25.0.1 with PID 18684 (C:\Users\ADMIN\Downloads\Revpay\Revpay1\target\classes started by ADMIN in C:\Users\ADMIN\Downloads\Revpay\Revpay1)
2026-03-02 14:42:09.427 DEBUG c.r.a.Revpay1Application                 : Running with Spring Boot v4.0.3, Spring v7.0.5
2026-03-02 14:42:09.430  INFO c.r.a.Revpay1Application                 : No active profile set, falling back to 1 default profile: "default"
2026-03-02 14:42:10.056  WARN o.h.o.deprecation                        : HHH90000025: OracleDialect does not need to be specified explicitly using 'hibernate.dialect' (remove the property setting and it will be selected by default)
2026-03-02 14:42:10.225  INFO o.s.b.d.r.ChangeableUrls                 : The Class-Path manifest attribute in C:\Users\ADMIN\.m2\repository\com\oracle\database\jdbc\ojdbc11\23.9.0.25.07\ojdbc11-23.9.0.25.07.jar referenced one or more files that do not exist: file:/C:/Users/ADMIN/.m2/repository/com/oracle/database/jdbc/ojdbc11/23.9.0.25.07/oraclepki.jar
2026-03-02 14:42:10.228  INFO .e.DevToolsPropertyDefaultsPostProcessor : Devtools property defaults active! Set 'spring.devtools.add-properties' to 'false' to disable
2026-03-02 14:42:10.228  INFO .e.DevToolsPropertyDefaultsPostProcessor : For additional web related logging consider setting the 'logging.level.web' property to 'DEBUG'
2026-03-02 14:42:10.373  INFO o.h.v.i.u.Version                        : HV000001: Hibernate Validator 9.0.1.Final
2026-03-02 14:42:10.869  WARN o.h.o.jdbc                               : HHH100123: Low default JDBC fetch size: 10 (consider setting 'hibernate.jdbc.fetch_size')
2026-03-02 14:42:10.870  INFO o.h.o.c.pooling                          : HHH10001005: Database info:
	Database JDBC URL [jdbc:oracle:thin:@//db.freesql.com:1521/23ai_34ui2]
	Database driver: Oracle JDBC driver
	Database dialect: OracleDialect
	Database version: 23.9
	Default catalog/schema: undefined/ASHIVATEJA2208_SCHEMA_J1A0D
	Autocommit mode: undefined/unknown
	Isolation level: READ_COMMITTED [default READ_COMMITTED]
	JDBC fetch size: 10
	Pool: DataSourceConnectionProvider
	Minimum pool size: undefined/unknown
	Maximum pool size: undefined/unknown
2026-03-02 14:42:11.914  INFO o.h.o.core                               : HHH000489: No JTA platform available (set 'hibernate.transaction.jta.platform' to enable JTA platform integration)
2026-03-02 14:42:14.132  INFO .s.d.r.c.RepositoryConfigurationDelegate : Bootstrapping Spring Data JPA repositories in DEFAULT mode.
2026-03-02 14:42:14.406  INFO .s.d.r.c.RepositoryConfigurationDelegate : Finished Spring Data repository scanning in 249 ms. Found 10 JPA repository interfaces.
2026-03-02 14:42:16.317  INFO o.s.b.t.TomcatWebServer                  : Tomcat initialized with port 8099 (http)
2026-03-02 14:42:16.365  INFO o.a.c.h.Http11NioProtocol                : Initializing ProtocolHandler ["http-nio-8099"]
2026-03-02 14:42:16.373  INFO o.a.c.c.StandardService                  : Starting service [Tomcat]
2026-03-02 14:42:16.375  INFO o.a.c.c.StandardEngine                   : Starting Servlet engine: [Apache Tomcat/11.0.18]
2026-03-02 14:42:16.492  INFO b.w.c.s.WebApplicationContextInitializer : Root WebApplicationContext: initialization completed in 6263 ms
2026-03-02 14:42:17.253  INFO o.h.o.jpa                                : HHH008540: Processing PersistenceUnitInfo [name: default]
2026-03-02 14:42:17.528  INFO o.h.o.core                               : HHH000001: Hibernate ORM core version 7.2.4.Final
2026-03-02 14:42:19.056  INFO o.s.o.j.p.SpringPersistenceUnitInfo      : No LoadTimeWeaver setup: ignoring JPA class transformer
2026-03-02 14:42:19.191  INFO c.z.h.HikariDataSource                   : HikariPool-1 - Starting...
2026-03-02 14:42:22.281  INFO c.z.h.p.HikariPool                       : HikariPool-1 - Added connection oracle.jdbc.driver.T4CConnection@20e9729c
2026-03-02 14:42:22.291  INFO c.z.h.HikariDataSource                   : HikariPool-1 - Start completed.
2026-03-02 14:42:25.674  WARN o.h.o.deprecation                        : HHH90000025: OracleDialect does not need to be specified explicitly using 'hibernate.dialect' (remove the property setting and it will be selected by default)
2026-03-02 14:42:26.693  WARN o.h.o.jdbc                               : HHH100123: Low default JDBC fetch size: 10 (consider setting 'hibernate.jdbc.fetch_size')
2026-03-02 14:42:26.716  INFO o.h.o.c.pooling                          : HHH10001005: Database info:
	Database JDBC URL [jdbc:oracle:thin:@//db.freesql.com:1521/23ai_34ui2]
	Database driver: Oracle JDBC driver
	Database dialect: OracleDialect
	Database version: 23.9
	Default catalog/schema: undefined/ASHIVATEJA2208_SCHEMA_J1A0D
	Autocommit mode: undefined/unknown
	Isolation level: READ_COMMITTED [default READ_COMMITTED]
	JDBC fetch size: 10
	Pool: DataSourceConnectionProvider
	Minimum pool size: undefined/unknown
	Maximum pool size: undefined/unknown
2026-03-02 14:42:35.072  INFO o.h.o.core                               : HHH000489: No JTA platform available (set 'hibernate.transaction.jta.platform' to enable JTA platform integration)
2026-03-02 14:43:19.139  INFO j.LocalContainerEntityManagerFactoryBean : Initialized JPA EntityManagerFactory for persistence unit 'default'
2026-03-02 14:43:19.302 DEBUG c.r.a.s.RateLimitingFilter               : Filter 'rateLimitingFilter' configured for use
2026-03-02 14:43:19.303 DEBUG c.r.a.s.JwtAuthFilter                    : Filter 'jwtAuthFilter' configured for use
2026-03-02 14:43:21.003  WARN JpaBaseConfiguration$JpaWebConfiguration : spring.jpa.open-in-view is enabled by default. Therefore, database queries may be performed during view rendering. Explicitly configure spring.jpa.open-in-view to disable this warning
2026-03-02 14:43:21.363  INFO o.s.b.w.a.WelcomePageHandlerMapping      : Adding welcome page template: index
2026-03-02 14:43:21.950  INFO o.a.c.h.Http11NioProtocol                : Starting ProtocolHandler ["http-nio-8099"]
2026-03-02 14:43:21.954  INFO o.s.b.t.TomcatWebServer                  : Tomcat started on port 8099 (http) with context path '/'
2026-03-02 14:43:21.963  INFO c.r.a.Revpay1Application                 : Started Revpay1Application in 78.855 seconds (process running for 481.129)
2026-03-02 14:43:22.670  INFO c.r.a.c.AdminDataLoader                  : Admin user already exists.
2026-03-02 14:43:22.679  INFO .ConditionEvaluationDeltaLoggingListener : Condition evaluation delta:


==========================
CONDITION EVALUATION DELTA
==========================


Positive matches:
-----------------

   GenericCacheConfiguration matched:
      - Cache org.springframework.boot.cache.autoconfigure.GenericCacheConfiguration automatic cache type (CacheCondition)

   NoOpCacheConfiguration matched:
      - Cache org.springframework.boot.cache.autoconfigure.NoOpCacheConfiguration automatic cache type (CacheCondition)


Negative matches:
-----------------

   CacheAutoConfiguration:
      Did not match:
         - @ConditionalOnBean (types: org.springframework.cache.interceptor.CacheAspectSupport; SearchStrategy: all) did not find any beans of type org.springframework.cache.interceptor.CacheAspectSupport (OnBeanCondition)
      Matched:
         - @ConditionalOnClass found required class 'org.springframework.cache.CacheManager' (OnClassCondition)

   CacheAutoConfiguration.CacheManagerEntityManagerFactoryDependsOnConfiguration:
      Did not match:
         - Ancestor org.springframework.boot.cache.autoconfigure.CacheAutoConfiguration did not match (ConditionEvaluationReport.AncestorsMatchedCondition)
      Matched:
         - @ConditionalOnClass found required classes 'org.springframework.boot.jpa.autoconfigure.EntityManagerFactoryDependsOnPostProcessor', 'org.springframework.orm.jpa.LocalContainerEntityManagerFactoryBean' (OnClassCondition)


Exclusions:
-----------

    None


Unconditional classes:
----------------------

    None



2026-03-02 14:43:23.471  INFO rtingClassPathChangeChangedEventListener : Restarting due to 1 class path change (1 addition, 0 deletions, 0 modifications)
2026-03-02 14:43:23.474  INFO o.s.b.t.GracefulShutdown                 : Commencing graceful shutdown. Waiting for active requests to complete
2026-03-02 14:43:23.476  INFO o.a.c.h.Http11NioProtocol                : Pausing ProtocolHandler ["http-nio-8099"]
2026-03-02 14:43:23.482  INFO o.s.b.t.GracefulShutdown                 : Graceful shutdown complete
2026-03-02 14:43:23.483  INFO o.a.c.h.Http11NioProtocol                : Stopping ProtocolHandler ["http-nio-8099"]
2026-03-02 14:43:23.488  INFO j.LocalContainerEntityManagerFactoryBean : Closing JPA EntityManagerFactory for persistence unit 'default'
2026-03-02 14:43:23.490  INFO c.z.h.HikariDataSource                   : HikariPool-2 - Shutdown initiated...
2026-03-02 14:43:28.459  INFO c.z.h.HikariDataSource                   : HikariPool-2 - Shutdown completed.
2026-03-02 14:43:29.478  INFO c.r.a.Revpay1Application                 : Starting Revpay1Application using Java 25.0.1 with PID 15100 (C:\Users\ADMIN\Downloads\Revpay\Revpay1\target\classes started by ADMIN in C:\Users\ADMIN\Downloads\Revpay\Revpay1)
2026-03-02 14:43:29.480 DEBUG c.r.a.Revpay1Application                 : Running with Spring Boot v4.0.3, Spring v7.0.5
2026-03-02 14:43:29.482  INFO c.r.a.Revpay1Application                 : No active profile set, falling back to 1 default profile: "default"
2026-03-02 14:43:32.607  INFO .s.d.r.c.RepositoryConfigurationDelegate : Bootstrapping Spring Data JPA repositories in DEFAULT mode.
2026-03-02 14:43:32.797  INFO .s.d.r.c.RepositoryConfigurationDelegate : Finished Spring Data repository scanning in 186 ms. Found 10 JPA repository interfaces.
2026-03-02 14:43:33.180  INFO o.s.b.t.TomcatWebServer                  : Tomcat initialized with port 8099 (http)
2026-03-02 14:43:33.184  INFO o.a.c.h.Http11NioProtocol                : Initializing ProtocolHandler ["http-nio-8099"]
2026-03-02 14:43:33.185  INFO o.a.c.c.StandardService                  : Starting service [Tomcat]
2026-03-02 14:43:33.185  INFO o.a.c.c.StandardEngine                   : Starting Servlet engine: [Apache Tomcat/11.0.18]
2026-03-02 14:43:33.242  INFO b.w.c.s.WebApplicationContextInitializer : Root WebApplicationContext: initialization completed in 3661 ms
2026-03-02 14:43:33.358  INFO o.h.o.jpa                                : HHH008540: Processing PersistenceUnitInfo [name: default]
2026-03-02 14:43:33.534  INFO o.s.o.j.p.SpringPersistenceUnitInfo      : No LoadTimeWeaver setup: ignoring JPA class transformer
2026-03-02 14:43:33.541  INFO c.z.h.HikariDataSource                   : HikariPool-3 - Starting...
2026-03-02 14:43:35.607  INFO c.z.h.p.HikariPool                       : HikariPool-3 - Added connection oracle.jdbc.driver.T4CConnection@75478fc9
2026-03-02 14:43:35.608  INFO c.z.h.HikariDataSource                   : HikariPool-3 - Start completed.
2026-03-02 14:43:36.494  WARN o.h.o.deprecation                        : HHH90000025: OracleDialect does not need to be specified explicitly using 'hibernate.dialect' (remove the property setting and it will be selected by default)
2026-03-02 14:43:37.279  WARN o.h.o.jdbc                               : HHH100123: Low default JDBC fetch size: 10 (consider setting 'hibernate.jdbc.fetch_size')
2026-03-02 14:43:37.280  INFO o.h.o.c.pooling                          : HHH10001005: Database info:
	Database JDBC URL [jdbc:oracle:thin:@//db.freesql.com:1521/23ai_34ui2]
	Database driver: Oracle JDBC driver
	Database dialect: OracleDialect
	Database version: 23.9
	Default catalog/schema: undefined/ASHIVATEJA2208_SCHEMA_J1A0D
	Autocommit mode: undefined/unknown
	Isolation level: READ_COMMITTED [default READ_COMMITTED]
	JDBC fetch size: 10
	Pool: DataSourceConnectionProvider
	Minimum pool size: undefined/unknown
	Maximum pool size: undefined/unknown
2026-03-02 14:43:38.498  INFO o.h.o.core                               : HHH000489: No JTA platform available (set 'hibernate.transaction.jta.platform' to enable JTA platform integration)
2026-03-02 14:43:43.919  INFO j.LocalContainerEntityManagerFactoryBean : Initialized JPA EntityManagerFactory for persistence unit 'default'
2026-03-02 14:43:44.886  INFO o.s.d.j.r.q.QueryEnhancerFactories       : Hibernate is in classpath; If applicable, HQL parser will be used.
2026-03-02 14:43:45.782 DEBUG c.r.a.s.RateLimitingFilter               : Filter 'rateLimitingFilter' configured for use
2026-03-02 14:43:45.783 DEBUG c.r.a.s.JwtAuthFilter                    : Filter 'jwtAuthFilter' configured for use
2026-03-02 14:43:51.656  WARN JpaBaseConfiguration$JpaWebConfiguration : spring.jpa.open-in-view is enabled by default. Therefore, database queries may be performed during view rendering. Explicitly configure spring.jpa.open-in-view to disable this warning
2026-03-02 14:43:52.381  INFO o.s.b.w.a.WelcomePageHandlerMapping      : Adding welcome page template: index
2026-03-02 14:43:53.841  INFO o.a.c.h.Http11NioProtocol                : Starting ProtocolHandler ["http-nio-8099"]
2026-03-02 14:43:53.912  INFO o.s.b.t.TomcatWebServer                  : Tomcat started on port 8099 (http) with context path '/'
2026-03-02 14:43:53.938  INFO c.r.a.Revpay1Application                 : Started Revpay1Application in 105.891 seconds (process running for 108.955)
2026-03-02 14:43:54.948  INFO c.r.a.c.AdminDataLoader                  : Admin user already exists.
2026-03-02 14:44:16.341  INFO o.a.c.c.C.[.[.[/]                        : Initializing Spring DispatcherServlet 'dispatcherServlet'
2026-03-02 14:44:18.079  WARN .m.m.a.ExceptionHandlerExceptionResolver : Resolved [org.springframework.web.servlet.resource.NoResourceFoundException: No static resource favicon.ico for request '/favicon.ico'.]
2026-03-02 14:44:21.032  WARN .m.m.a.ExceptionHandlerExceptionResolver : Resolved [org.springframework.web.servlet.resource.NoResourceFoundException: No static resource favicon.ico for request '/favicon.ico'.]
2026-03-02 14:44:33.576  WARN .m.m.a.ExceptionHandlerExceptionResolver : Resolved [org.springframework.security.authentication.BadCredentialsException: Bad credentials]
2026-03-02 14:44:43.411  WARN .m.m.a.ExceptionHandlerExceptionResolver : Resolved [org.springframework.web.servlet.resource.NoResourceFoundException: No static resource favicon.ico for request '/favicon.ico'.]
2026-03-02 14:44:45.062  INFO j.LocalContainerEntityManagerFactoryBean : Initialized JPA EntityManagerFactory for persistence unit 'default'
2026-03-02 14:44:45.245 DEBUG c.r.a.s.RateLimitingFilter               : Filter 'rateLimitingFilter' configured for use
2026-03-02 14:44:45.245 DEBUG c.r.a.s.JwtAuthFilter                    : Filter 'jwtAuthFilter' configured for use
2026-03-02 14:44:46.012  WARN JpaBaseConfiguration$JpaWebConfiguration : spring.jpa.open-in-view is enabled by default. Therefore, database queries may be performed during view rendering. Explicitly configure spring.jpa.open-in-view to disable this warning
2026-03-02 14:44:46.249  INFO o.s.b.w.a.WelcomePageHandlerMapping      : Adding welcome page template: index
2026-03-02 14:44:46.648  INFO o.a.c.h.Http11NioProtocol                : Starting ProtocolHandler ["http-nio-8099"]
2026-03-02 14:44:46.656  WARN ConfigServletWebServerApplicationContext : Exception encountered during context initialization - cancelling refresh attempt: org.springframework.context.ApplicationContextException: Failed to start bean 'webServerStartStop'
2026-03-02 14:44:46.670  INFO j.LocalContainerEntityManagerFactoryBean : Closing JPA EntityManagerFactory for persistence unit 'default'
2026-03-02 14:44:46.671  INFO c.z.h.HikariDataSource                   : HikariPool-3 - Shutdown initiated...
2026-03-02 14:44:48.734  INFO c.r.a.s.EmailServiceImpl                 : Sending OTP email to shivamintu964@gmail.com
2026-03-02 14:44:51.478  INFO c.z.h.HikariDataSource                   : HikariPool-3 - Shutdown completed.
2026-03-02 14:44:51.493  INFO .s.b.a.l.ConditionEvaluationReportLogger : 

Error starting ApplicationContext. To display the condition evaluation report re-run your application with 'debug' enabled.
2026-03-02 14:44:51.572 ERROR o.s.b.d.LoggingFailureAnalysisReporter   : 

***************************
APPLICATION FAILED TO START
***************************

Description:

Web server failed to start. Port 8099 was already in use.

Action:

Identify and stop the process that's listening on port 8099 or configure this application to listen on another port.

2026-03-02 14:44:54.063  INFO c.r.a.s.EmailServiceImpl                 : OTP email sent successfully to shivamintu964@gmail.com
2026-03-02 14:45:54.364  INFO c.r.a.s.EmailServiceImpl                 : Sending OTP email to shivamintu964@gmail.com
2026-03-02 14:45:58.706  INFO c.r.a.s.EmailServiceImpl                 : OTP email sent successfully to shivamintu964@gmail.com
2026-03-02 14:46:29.512  WARN .m.m.a.ExceptionHandlerExceptionResolver : Resolved [org.springframework.web.servlet.resource.NoResourceFoundException: No static resource favicon.ico for request '/favicon.ico'.]
2026-03-02 14:46:29.719  INFO c.r.a.s.IWalletServiceImpl               : Fetching wallet balance from DB for user ID: 2
2026-03-02 14:46:30.657  INFO c.r.a.r.BusinessAnalyticsRestController  : Calculating Business Analytics (CACHE MISS) for ID: 2
2026-03-02 14:46:44.502  WARN .m.m.a.ExceptionHandlerExceptionResolver : Resolved [org.springframework.web.servlet.resource.NoResourceFoundException: No static resource favicon.ico for request '/favicon.ico'.]
2026-03-02 14:46:45.003  INFO c.r.a.s.IWalletServiceImpl               : Fetching wallet balance from DB for user ID: 2
2026-03-02 14:46:45.781  INFO c.r.a.r.BusinessAnalyticsRestController  : Calculating Business Analytics (CACHE MISS) for ID: 2
2026-03-02 14:46:46.878  WARN .m.m.a.ExceptionHandlerExceptionResolver : Resolved [org.springframework.web.servlet.resource.NoResourceFoundException: No static resource favicon.ico for request '/favicon.ico'.]
2026-03-02 14:46:50.985  WARN .m.m.a.ExceptionHandlerExceptionResolver : Resolved [org.springframework.web.servlet.resource.NoResourceFoundException: No static resource favicon.ico for request '/favicon.ico'.]
2026-03-02 14:46:59.324  WARN .m.m.a.ExceptionHandlerExceptionResolver : Resolved [org.springframework.web.servlet.resource.NoResourceFoundException: No static resource favicon.ico for request '/favicon.ico'.]
2026-03-02 14:47:01.335  WARN .m.m.a.ExceptionHandlerExceptionResolver : Resolved [org.springframework.web.servlet.resource.NoResourceFoundException: No static resource favicon.ico for request '/favicon.ico'.]
2026-03-02 14:47:01.926  INFO c.r.a.s.IUserServiceImpl                 : Fetching user from database for ID: 2
2026-03-02 14:47:03.754  WARN .m.m.a.ExceptionHandlerExceptionResolver : Resolved [org.springframework.web.servlet.resource.NoResourceFoundException: No static resource favicon.ico for request '/favicon.ico'.]
2026-03-02 14:47:07.502  WARN .m.m.a.ExceptionHandlerExceptionResolver : Resolved [org.springframework.web.servlet.resource.NoResourceFoundException: No static resource favicon.ico for request '/favicon.ico'.]
2026-03-02 14:47:09.241  WARN .m.m.a.ExceptionHandlerExceptionResolver : Resolved [org.springframework.web.servlet.resource.NoResourceFoundException: No static resource favicon.ico for request '/favicon.ico'.]
2026-03-02 14:47:14.289  WARN .m.m.a.ExceptionHandlerExceptionResolver : Resolved [org.springframework.web.servlet.resource.NoResourceFoundException: No static resource favicon.ico for request '/favicon.ico'.]
2026-03-02 14:47:14.852  INFO c.r.a.r.BusinessAnalyticsRestController  : Calculating Business Analytics (CACHE MISS) for ID: 2
2026-03-02 14:47:25.279  WARN .m.m.a.ExceptionHandlerExceptionResolver : Resolved [org.springframework.web.servlet.resource.NoResourceFoundException: No static resource favicon.ico for request '/favicon.ico'.]
2026-03-02 14:47:26.058  INFO c.r.a.s.IUserServiceImpl                 : Fetching user from database for ID: 2
2026-03-02 14:47:32.226  WARN .m.m.a.ExceptionHandlerExceptionResolver : Resolved [org.springframework.web.servlet.resource.NoResourceFoundException: No static resource favicon.ico for request '/favicon.ico'.]
2026-03-02 14:47:37.835  WARN .m.m.a.ExceptionHandlerExceptionResolver : Resolved [org.springframework.web.servlet.resource.NoResourceFoundException: No static resource favicon.ico for request '/favicon.ico'.]
2026-03-02 14:47:39.390  WARN .m.m.a.ExceptionHandlerExceptionResolver : Resolved [org.springframework.web.servlet.resource.NoResourceFoundException: No static resource favicon.ico for request '/favicon.ico'.]
2026-03-02 14:47:42.065  WARN .m.m.a.ExceptionHandlerExceptionResolver : Resolved [org.springframework.web.servlet.resource.NoResourceFoundException: No static resource favicon.ico for request '/favicon.ico'.]
2026-03-02 14:47:43.034  WARN .m.m.a.ExceptionHandlerExceptionResolver : Resolved [org.springframework.web.servlet.resource.NoResourceFoundException: No static resource favicon.ico for request '/favicon.ico'.]
2026-03-02 14:47:53.863  INFO o.s.b.t.GracefulShutdown                 : Commencing graceful shutdown. Waiting for active requests to complete
2026-03-02 14:47:53.879  INFO o.s.b.t.GracefulShutdown                 : Graceful shutdown complete
2026-03-02 14:47:53.931  INFO j.LocalContainerEntityManagerFactoryBean : Closing JPA EntityManagerFactory for persistence unit 'default'
2026-03-02 14:47:53.939  INFO c.z.h.HikariDataSource                   : HikariPool-1 - Shutdown initiated...
2026-03-02 14:48:01.651  INFO c.z.h.HikariDataSource                   : HikariPool-1 - Shutdown completed.
